"TF"	"Target"	"F_avg"	"F_sd"	"F_corrected"	"Regulation_direct"	"PS"	"PS_corrected"	"kd (units.mol/units.L)"
"araC"	"araD"  	0.35	0.00	NaN	-2	8	5	0.0000000000002
"araC"	"araA"  	0.70	0.04	NaN	-2	8	5	0.0000000000002
"araC"	"araB"  	0.64	0.10	NaN	-2	8	5	0.0000000000002
"araC"	"araJ"  	0.37	0.14	NaN	1	8	5	0.0000000000002
#"leuO"	"leuO"  	6.16	2.46	NaN	3	13	4	0.000000005689
"leuO"	"bglJ"  	9.73	0.00	NaN	1	13	4	0.000000005689
"leuO"	"bglF"  	0.80	0.10	NaN	1	13	4	0.000000005689
"leuO"	"cas2"  	0.85	0.71	NaN	1	13	4	0.000000005689
"leuO"	"cas1"  	1.72	0.06	NaN	1	13	4	0.000000005689
"leuO"	"casE"  	2.11	0.15	NaN	1	13	4	0.000000005689
"leuO"	"casD"  	2.56	0.06	NaN	1	13	4	0.000000005689
"leuO"	"casC"  	2.43	0.98	NaN	1	13	4	0.000000005689
"leuO"	"casB"  	2.68	0.10	NaN	1	13	4	0.000000005689
"leuO"	"casA"  	3.21	0.94	NaN	1	13	4	0.000000005689
"leuO"	"bglG"  	1.55	0.60	NaN	1	13	4	0.000000005689
"phoB"	"phoB"  	3.52	1.74	NaN	1	33	9	0.000000005689
"phoB"	"phnF"  	3.66	0.96	NaN	1	33	9	0.000000005689
"phoB"	"phoE"  	4.55	0.83	NaN	1	33	9	0.000000005689
"phoB"	"phoA"  	4.90	0.09	NaN	1	33	9	0.000000005689
"phoB"	"ugpQ"  	1.21	0.22	NaN	3	33	9	0.000000005689
"phoB"	"ugpC"  	1.24	0.35	NaN	3	33	9	0.000000005689
"phoB"	"ugpE"  	1.35	0.06	NaN	3	33	9	0.000000005689
"phoB"	"ugpA"  	1.57	0.22	NaN	4	33	9	0.000000005689
"phoB"	"ugpB"  	2.67	0.40	NaN	3	33	9	0.000000005689
"phoB"	"pstB"  	3.56	0.15	NaN	1	33	9	0.000000005689
"phoB"	"pstA"  	3.12	0.50	NaN	1	33	9	0.000000005689
"phoB"	"pstC"  	3.25	1.00	NaN	1	33	9	0.000000005689
"phoB"	"pstS"  	4.47	0.49	NaN	1	33	9	0.000000005689
"phoB"	"phnN"  	2.41	0.23	NaN	1	33	9	0.000000005689
"phoB"	"psiF"  	4.57	1.34	NaN	1	33	9	0.000000005689
"phoB"	"phoR"  	1.70	0.47	NaN	1	33	9	0.000000005689
"phoB"	"phoH"  	2.10	1.79	NaN	1	33	9	0.000000005689
"phoB"	"phoU"  	3.41	0.16	NaN	1	33	9	0.000000005689
"phoB"	"psiE"  	2.80	1.30	NaN	1	33	9	0.000000005689
"phoB"	"phnP"  	0.84	0.43	NaN	1	33	9	0.000000005689
"phoB"	"phnO"  	1.60	0.24	NaN	1	33	9	0.000000005689
"phoB"	"phnM"  	3.38	0.00	NaN	1	33	9	0.000000005689
"phoB"	"phnL"  	3.74	0.00	NaN	1	33	9	0.000000005689
"phoB"	"phnK"  	2.28	0.93	NaN	1	33	9	0.000000005689
"phoB"	"phnJ"  	3.25	0.92	NaN	1	33	9	0.000000005689
"phoB"	"phnI"  	4.06	0.00	NaN	1	33	9	0.000000005689
"phoB"	"phnH"  	3.51	1.30	NaN	1	33	9	0.000000005689
"phoB"	"phnG"  	3.15	1.41	NaN	1	33	9	0.000000005689
"phoB"	"phnE_2"	4.97	1.87	NaN	1	33	9	0.000000005689
"phoB"	"phnE_1"	4.06	1.81	NaN	1	33	9	0.000000005689
"phoB"	"phnD"  	4.98	1.83	NaN	1	33	9	0.000000005689
"phoB"	"phnC"  	5.56	0.00	NaN	1	33	9	0.000000005689
"fur" 	"fecR"  	2.21	0.19	NaN	-1	67	23	0.000000005689
"fur" 	"fecI"  	2.00	0.09	NaN	-1	67	23	0.000000005689
"fur" 	"fhuA"  	0.98	0.35	NaN	-1	67	23	0.000000005689
"fur" 	"fhuC"  	0.70	0.00	NaN	-1	67	23	0.000000005689
"fur" 	"fhuD"  	0.60	0.00	NaN	-1	67	23	0.000000005689
"fur" 	"fhuB"  	0.27	0.05	NaN	-1	67	23	0.000000005689
"fur" 	"entD"  	1.80	0.59	NaN	-1	67	23	0.000000005689
"fur" 	"fepA"  	2.61	0.82	NaN	-1	67	23	0.000000005689
"fur" 	"fes"   	2.61	0.28	NaN	-1	67	23	0.000000005689
"fur" 	"entF"  	2.94	0.24	NaN	-1	67	23	0.000000005689
"fur" 	"fepC"  	1.06	0.20	NaN	-1	67	23	0.000000005689
"fur" 	"fepG"  	0.65	0.16	NaN	-1	67	23	0.000000005689
"fur" 	"fepD"  	0.79	0.18	NaN	-1	67	23	0.000000005689
"fur" 	"entS"  	1.09	0.15	NaN	-2	67	23	0.000000005689
"fur" 	"fepB"  	1.39	0.02	NaN	-1	67	23	0.000000005689
"fur" 	"entC"  	2.63	0.59	NaN	-1	67	23	0.000000005689
"fur" 	"entE"  	2.99	0.52	NaN	-1	67	23	0.000000005689
"fur" 	"entB"  	2.88	0.31	NaN	-1	67	23	0.000000005689
"fur" 	"entA"  	2.73	0.25	NaN	-1	67	23	0.000000005689
"fur" 	"gpmA"  	1.56	0.26	NaN	-1	67	23	0.000000005689
"fur" 	"oppA"  	1.42	0.00	NaN	-1	67	23	0.000000005689
"fur" 	"oppB"  	0.62	0.00	NaN	-1	67	23	0.000000005689
"fur" 	"oppC"  	0.59	0.00	NaN	-1	67	23	0.000000005689
"fur" 	"oppD"  	0.90	0.00	NaN	-1	67	23	0.000000005689
"fur" 	"oppF"  	0.70	0.00	NaN	-1	67	23	0.000000005689
"fur" 	"tonB"  	1.31	0.70	NaN	-2	67	23	0.000000005689
"fur" 	"sufE"  	1.65	0.43	NaN	-1	67	23	0.000000005689
"fur" 	"sufS"  	2.12	0.41	NaN	-1	67	23	0.000000005689
"fur" 	"sufC"  	1.93	0.39	NaN	-1	67	23	0.000000005689
"fur" 	"sufB"  	2.07	0.51	NaN	-1	67	23	0.000000005689
"fur" 	"sufA"  	2.48	0.71	NaN	-1	67	23	0.000000005689
"fur" 	"cirA"  	2.73	1.42	NaN	-1	67	23	0.000000005689
"fur" 	"exbD"  	1.31	0.36	NaN	-1	67	23	0.000000005689
"fur" 	"exbB"  	1.53	0.55	NaN	-1	67	23	0.000000005689
"fur" 	"garK"  	0.49	0.11	NaN	-1	67	23	0.000000005689
"fur" 	"garR"  	0.50	0.16	NaN	-1	67	23	0.000000005689
"fur" 	"garL"  	0.32	0.00	NaN	-1	67	23	0.000000005689
"fur" 	"sodA"  	0.36	0.00	NaN	-1	67	23	0.000000005689
"fur" 	"fecE"  	0.43	0.10	NaN	-1	67	23	0.000000005689
"fur" 	"fecD"  	0.79	0.07	NaN	-1	67	23	0.000000005689
"fur" 	"fecC"  	0.56	0.08	NaN	-1	67	23	0.000000005689
"fur" 	"fecB"  	1.20	0.88	NaN	-1	67	23	0.000000005689
"fur" 	"fecA"  	1.67	0.88	NaN	-1	67	23	0.000000005689
"fur" 	"fhuF"  	1.49	0.52	NaN	-1	67	23	0.000000005689
"fur" 	"fepE"  	1.52	0.00	NaN	-1	67	23	0.000000005689
"fur" 	"entH"  	2.78	0.26	NaN	-1	67	23	0.000000005689
"fur" 	"nohA"  	0.06	0.00	NaN	-1	67	23	0.000000005689
"fur" 	"ftnA"  	1.30	0.71	NaN	1	67	23	0.000000005689
"fur" 	"gspO"  	0.38	0.04	NaN	-1	67	23	0.000000005689
"lrp" 	"aidB"  	0.41	0.02	NaN	-1	51	23	0.0000000015
"lrp" 	"ilvI"  	1.12	0.02	NaN	2	51	23	0.0000000015
"lrp" 	"ilvH"  	1.18	0.04	NaN	2	51	23	0.0000000015
"lrp" 	"oppA"  	1.04	0.01	NaN	-1	51	23	0.0000000015
"lrp" 	"oppB"  	0.52	0.01	NaN	-1	51	23	0.0000000015
"lrp" 	"oppC"  	0.44	0.00	NaN	-1	51	23	0.0000000015
"lrp" 	"serA"  	0.80	0.03	NaN	2	51	23	0.0000000015
"lrp" 	"livJ"  	2.70	0.03	NaN	-1	51	23	0.0000000015
"lrp" 	"tdh"   	1.35	0.01	NaN	1	51	23	0.0000000015
"lrp" 	"kbl"   	1.51	0.01	NaN	1	51	23	0.0000000015
"lrp" 	"ilvE"  	0.54	0.03	NaN	-1	51	23	0.0000000015
"lrp" 	"ilvD"  	0.44	0.01	NaN	-1	51	23	0.0000000015
"lrp" 	"osmC"  	1.21	0.02	NaN	2	51	23	0.0000000015
"lrp" 	"ilvG_1"	0.80	0.04	NaN	-1	51	23	0.0000000015
"lrp" 	"ilvM"  	0.83	0.00	NaN	-1	51	23	0.0000000015
"lrp" 	"osmY"  	1.27	0.04	NaN	-1	51	23	0.0000000015
"torR"	"torA"  	0.72	0.00	NaN	1	7	3	0.000000005689
"torR"	"torD"  	1.17	0.00	NaN	1	7	3	0.000000005689
"phoP"	"rstA"  	0.67	0.00	NaN	1	20	15	0.000000005689
"phoP"	"phoQ"  	1.17	0.00	NaN	-2	20	15	0.000000005689
"phoP"	"rstB"  	0.66	0.00	NaN	1	20	15	0.000000005689
"phoP"	"slyB"  	0.70	0.00	NaN	2	20	15	0.000000005689
"phoP"	"mgrB"  	1.14	0.00	NaN	1	20	15	0.000000005689
"phoP"	"yrbL"  	1.31	0.00	NaN	1	20	15	0.000000005689
"narL"	"dcuR"  	0.41	0.22	NaN	-1	64	17	0.000000005689
"narL"	"dmsA"  	2.05	0.57	NaN	-1	64	17	0.000000005689
"narL"	"dmsB"  	1.89	0.23	NaN	-1	64	17	0.000000005689
"narL"	"dmsC"  	0.74	0.25	NaN	-1	64	17	0.000000005689
"narL"	"pflB"  	0.90	0.28	NaN	-1	64	17	0.000000005689
"narL"	"focA"  	1.12	0.20	NaN	-1	64	17	0.000000005689
"narL"	"narK"  	2.44	1.39	NaN	1	64	17	0.000000005689
"narL"	"narG"  	2.75	1.56	NaN	1	64	17	0.000000005689
"narL"	"narH"  	2.80	1.23	NaN	1	64	17	0.000000005689
"narL"	"narJ"  	2.57	1.06	NaN	1	64	17	0.000000005689
"narL"	"narI"  	2.75	1.67	NaN	1	64	17	0.000000005689
"narL"	"ynfE"  	1.70	0.30	NaN	-1	64	17	0.000000005689
"narL"	"ynfF"  	1.74	0.95	NaN	-1	64	17	0.000000005689
"narL"	"ynfG"  	1.27	0.78	NaN	-1	64	17	0.000000005689
"narL"	"ynfH"  	0.83	0.51	NaN	-1	64	17	0.000000005689
"narL"	"fdhF"  	1.49	0.76	NaN	-1	64	17	0.000000005689
"narL"	"dcuA"  	0.49	0.29	NaN	-1	64	17	0.000000005689
"narL"	"aspA"  	0.69	0.18	NaN	-1	64	17	0.000000005689
"narL"	"frdC"  	1.23	0.76	NaN	-1	64	17	0.000000005689
"narL"	"hcr"   	1.37	0.61	NaN	1	64	17	0.000000005689
"narL"	"hcp"   	1.54	0.96	NaN	1	64	17	0.000000005689
"narL"	"ogt"   	2.00	0.54	NaN	1	64	17	0.000000005689
"narL"	"dmsD"  	0.55	0.17	NaN	-1	64	17	0.000000005689
"narL"	"yoaG"  	4.63	0.75	NaN	1	64	17	0.000000005689
"narL"	"yeaR"  	5.63	0.43	NaN	1	64	17	0.000000005689
"narL"	"dcuS"  	0.80	0.11	NaN	-1	64	17	0.000000005689
"hns" 	"leuO"  	2.11	0.64	NaN	-1	90	41	0.000000005689
"hns" 	"appY"  	3.33	0.69	NaN	-1	90	41	0.000000005689
"hns" 	"lrp"   	0.78	0.08	NaN	-1	90	41	0.000000005689
"hns" 	"ydeO"  	3.21	1.92	NaN	-1	90	41	0.000000005689
"hns" 	"rcsB"  	0.41	0.17	NaN	-1	90	41	0.000000005689
"hns" 	"evgA"  	1.73	0.75	NaN	-1	90	41	0.000000005689
"hns" 	"stpA"  	2.60	2.05	NaN	-1	90	41	0.000000005689
"hns" 	"adiY"  	2.35	0.55	NaN	-1	90	41	0.000000005689
"hns" 	"cadC"  	1.25	0.57	NaN	-1	90	41	0.000000005689
"hns" 	"lacZ"  	0.79	0.29	NaN	-1	90	41	0.000000005689
"hns" 	"cydA"  	0.56	0.00	NaN	-1	90	41	0.000000005689
"hns" 	"cydB"  	0.63	0.24	NaN	-1	90	41	0.000000005689
"hns" 	"proW"  	2.07	0.68	NaN	-1	90	41	0.000000005689
"hns" 	"proX"  	2.66	0.80	NaN	-1	90	41	0.000000005689
"hns" 	"nirB"  	1.29	0.04	NaN	-1	90	41	0.000000005689
"hns" 	"nirD"  	1.16	0.00	NaN	-1	90	41	0.000000005689
"hns" 	"nirC"  	1.07	0.00	NaN	-1	90	41	0.000000005689
"hns" 	"cysG"  	0.41	0.15	NaN	-1	90	41	0.000000005689
"hns" 	"proV"  	0.87	0.28	NaN	-1	90	41	0.000000005689
"hns" 	"lacA"  	0.72	0.04	NaN	-1	90	41	0.000000005689
"hns" 	"dps"   	1.53	0.74	NaN	-1	90	41	0.000000005689
"hns" 	"hlyE"  	4.02	1.44	NaN	-2	90	41	0.000000005689
"hns" 	"yciE"  	3.66	1.05	NaN	-1	90	41	0.000000005689
"hns" 	"yciF"  	4.04	0.84	NaN	-1	90	41	0.000000005689
"hns" 	"yciG"  	4.13	1.00	NaN	-1	90	41	0.000000005689
"hns" 	"ydeP"  	2.62	1.49	NaN	-1	90	41	0.000000005689
"hns" 	"ftnA"  	1.57	0.55	NaN	-1	90	41	0.000000005689
"hns" 	"hchA"  	1.90	0.60	NaN	-1	90	41	0.000000005689
"hns" 	"rcsD"  	0.46	0.13	NaN	-1	90	41	0.000000005689
"hns" 	"evgS"  	1.53	0.23	NaN	-1	90	41	0.000000005689
"hns" 	"gspB"  	0.91	0.09	NaN	-1	90	41	0.000000005689
"hns" 	"gspA"  	2.16	0.12	NaN	-1	90	41	0.000000005689
"hns" 	"gspC"  	2.35	0.30	NaN	-1	90	41	0.000000005689
"hns" 	"gspD"  	2.33	0.25	NaN	-1	90	41	0.000000005689
"hns" 	"gspE"  	1.21	0.61	NaN	-1	90	41	0.000000005689
"hns" 	"gspF"  	1.59	0.40	NaN	-1	90	41	0.000000005689
"hns" 	"gspG"  	2.11	0.37	NaN	-1	90	41	0.000000005689
"hns" 	"gspH"  	0.85	0.74	NaN	-1	90	41	0.000000005689
"hns" 	"gspJ"  	0.69	0.16	NaN	-1	90	41	0.000000005689
"hns" 	"gspK"  	0.46	0.06	NaN	-1	90	41	0.000000005689
"hns" 	"gspO"  	0.32	0.00	NaN	-1	90	41	0.000000005689
"hns" 	"chiA"  	0.64	0.20	NaN	-1	90	41	0.000000005689
"hns" 	"fimB"  	3.28	0.90	NaN	-1	90	41	0.000000005689
"hns" 	"fimE"  	2.11	1.07	NaN	-1	90	41	0.000000005689
"hns" 	"yjjP"  	1.11	0.23	NaN	-1	90	41	0.000000005689
"tyrR"	"aroP"  	1.71	0.00	NaN	-1	11	8	0.000000005
"tyrR"	"aroG"  	0.66	0.01	NaN	-1	11	8	0.000000005
"tyrR"	"tyrP"  	0.30	0.00	NaN	2	11	8	0.000000005
"tyrR"	"tyrA"  	2.06	0.04	NaN	-1	11	8	0.000000005
"tyrR"	"aroF"  	2.74	0.07	NaN	-1	11	8	0.000000005
"tyrR"	"tyrB"  	0.54	0.00	NaN	-1	11	8	0.000000005
"fnr" 	"narL"  	0.61	0.24	NaN	-1	97	28	0.000000005689
#"fnr" 	"fnr"   	0.65	0.24	NaN	-1	97	28	0.000000005689
"fnr" 	"fhlA"  	0.70	0.31	NaN	1	97	28	0.000000005689
"fnr" 	"nikR"  	0.20	0.05	NaN	1	97	28	0.000000005689
"fnr" 	"cydA"  	0.88	0.64	NaN	-3	97	28	0.000000005689
"fnr" 	"cydB"  	0.67	0.57	NaN	-3	97	28	0.000000005689
"fnr" 	"moeB"  	0.16	0.04	NaN	-1	97	28	0.000000005689
"fnr" 	"moeA"  	0.19	0.15	NaN	-1	97	28	0.000000005689
"fnr" 	"ndh"   	1.26	0.64	NaN	-1	97	28	0.000000005689
"fnr" 	"hemA"  	0.16	0.05	NaN	-1	97	28	0.000000005689
"fnr" 	"ynfH"  	1.14	0.35	NaN	1	97	28	0.000000005689
"fnr" 	"ccmA"  	0.20	0.07	NaN	1	97	28	0.000000005689
"fnr" 	"nuoI"  	0.30	0.00	NaN	-1	97	28	0.000000005689
"fnr" 	"nuoA"  	0.29	0.00	NaN	-1	97	28	0.000000005689
"fnr" 	"purM"  	0.25	0.08	NaN	-1	97	28	0.000000005689
"fnr" 	"purN"  	0.41	0.17	NaN	-1	97	28	0.000000005689
"fnr" 	"hmp"   	0.45	0.46	NaN	-1	97	28	0.000000005689
"fnr" 	"grcA"  	1.87	0.67	NaN	-3	97	28	0.000000005689
"fnr" 	"ansB"  	0.82	0.22	NaN	1	97	28	0.000000005689
"fnr" 	"nikE"  	0.62	0.27	NaN	1	97	28	0.000000005689
"fnr" 	"nrdG"  	0.44	0.16	NaN	1	97	28	0.000000005689
"fnr" 	"nrdD"  	0.66	0.25	NaN	1	97	28	0.000000005689
"fnr" 	"hlyE"  	1.14	0.46	NaN	1	97	28	0.000000005689
"fnr" 	"prmC"  	0.34	0.23	NaN	-1	97	28	0.000000005689
"fnr" 	"narX"  	0.40	0.14	NaN	-1	97	28	0.000000005689
"fnr" 	"ydhT"  	0.23	0.10	NaN	1	97	28	0.000000005689
"fnr" 	"ydhU"  	0.44	0.18	NaN	1	97	28	0.000000005689
"fnr" 	"ydhX"  	0.35	0.08	NaN	1	97	28	0.000000005689
"fnr" 	"ydhW"  	0.81	0.14	NaN	1	97	28	0.000000005689
"fnr" 	"ydhY"  	1.11	0.21	NaN	1	97	28	0.000000005689
"fnr" 	"ccmH"  	0.20	0.08	NaN	1	97	28	0.000000005689
"fnr" 	"yfgF"  	0.36	0.11	NaN	1	97	28	0.000000005689
"fnr" 	"hypB"  	1.54	0.54	NaN	1	97	28	0.000000005689
"fnr" 	"hypC"  	1.18	0.34	NaN	1	97	28	0.000000005689
"fnr" 	"hypD"  	1.08	0.29	NaN	1	97	28	0.000000005689
"fnr" 	"hypE"  	0.39	0.17	NaN	1	97	28	0.000000005689
"fnr" 	"yhjA"  	0.65	0.19	NaN	1	97	28	0.000000005689
"fnr" 	"nrfE"  	0.33	0.10	NaN	1	97	28	0.000000005689
"marR"	"marA"  	3.76	0.31	NaN	-1	3	1	0.000000005689
"purR"	"pyrC"  	1.02	0.00	NaN	-1	16	10	0.00000000258
"purR"	"purB"  	1.18	0.00	NaN	-1	16	10	0.00000000258
"purR"	"purF"  	2.55	0.00	NaN	-1	16	10	0.00000000258
"purR"	"purC"  	3.09	0.00	NaN	-1	16	10	0.00000000258
"purR"	"purM"  	2.73	0.00	NaN	-1	16	10	0.00000000258
"purR"	"purN"  	1.18	0.00	NaN	-1	16	10	0.00000000258
"purR"	"glyA"  	0.57	0.00	NaN	-1	16	10	0.00000000258
"purR"	"purD"  	3.09	2.65	NaN	-1	16	10	0.00000000258
"purR"	"purH"  	2.08	1.61	NaN	-1	16	10	0.00000000258
"purR"	"purA"  	1.02	0.00	NaN	-1	16	10	0.00000000258
"purR"	"cvpA"  	3.72	0.00	NaN	-1	16	10	0.00000000258
"ihfA"	"ihfB"  	0.23	0.00	NaN	-1	154	45	0.000000005689
"ihfA"	"pspB"  	0.48	0.00	NaN	1	154	45	0.000000005689
"ihfA"	"pspC"  	0.57	0.00	NaN	1	154	45	0.000000005689
"ihfA"	"fnr"   	0.65	0.14	NaN	1	154	45	0.000000005689
#"ihfA"	"ihfA"  	2.39	0.00	NaN	-1	154	45	0.000000005689
"ihfA"	"fis"   	1.21	0.00	NaN	1	154	45	0.000000005689
"ihfA"	"carA"  	0.83	0.00	NaN	2	154	45	0.000000005689
"ihfA"	"carB"  	0.49	0.00	NaN	2	154	45	0.000000005689
"ihfA"	"ssuD"  	0.22	0.00	NaN	2	154	45	0.000000005689
"ihfA"	"ssuE"  	0.41	0.00	NaN	2	154	45	0.000000005689
"ihfA"	"narK"  	0.45	0.00	NaN	1	154	45	0.000000005689
"ihfA"	"narG"  	0.44	0.00	NaN	1	154	45	0.000000005689
"ihfA"	"atoA"  	0.15	0.00	NaN	1	154	45	0.000000005689
"ihfA"	"hycG"  	0.19	0.00	NaN	1	154	45	0.000000005689
"ihfA"	"hycE"  	0.32	0.00	NaN	1	154	45	0.000000005689
"ihfA"	"pstA"  	0.06	0.00	NaN	1	154	45	0.000000005689
"ihfA"	"pstS"  	0.53	0.00	NaN	1	154	45	0.000000005689
"ihfA"	"ilvE"  	0.34	0.00	NaN	-2	154	45	0.000000005689
"ihfA"	"nrfA"  	0.49	0.03	NaN	2	154	45	0.000000005689
"ihfA"	"nrfB"  	1.01	0.08	NaN	2	154	45	0.000000005689
"ihfA"	"adiA"  	0.83	0.00	NaN	1	154	45	0.000000005689
"ihfA"	"csgG"  	0.36	0.10	NaN	1	154	45	0.000000005689
"ihfA"	"csgE"  	0.47	0.11	NaN	1	154	45	0.000000005689
"ihfA"	"pspA"  	0.68	0.04	NaN	1	154	45	0.000000005689
"ihfA"	"hycH"  	0.17	0.00	NaN	1	154	45	0.000000005689
"ihfA"	"hypA"  	0.09	0.00	NaN	1	154	45	0.000000005689
"ihfA"	"yjbE"  	0.21	0.00	NaN	1	154	45	0.000000005689
"ihfA"	"nrfE"  	0.75	0.00	NaN	2	154	45	0.000000005689
"ihfA"	"nrfG"  	0.79	0.00	NaN	2	154	45	0.000000005689
"baeR"	"acrD"  	1.38	0.00	NaN	1	8	3	0.000000005689
"baeR"	"spy"   	5.12	0.00	NaN	1	8	3	0.000000005689
"baeR"	"mdtA"  	3.39	0.00	NaN	1	8	3	0.000000005689
"baeR"	"mdtB"  	1.62	0.00	NaN	1	8	3	0.000000005689
"baeR"	"mdtC"  	1.24	0.00	NaN	1	8	3	0.000000005689
"gcvA"	"gcvA"  	0.26	0.00	NaN	-1	4	2	0.000000005689
"argP"	"dnaA"  	0.38	0.01	NaN	1	13	9	0.000000005689
"argP"	"dapB"  	0.31	0.01	NaN	1	13	9	0.000000005689
"argP"	"gdhA"  	1.51	0.03	NaN	1	13	9	0.000000005689
"argP"	"lysA"  	0.91	0.04	NaN	1	13	9	0.000000005689
"argP"	"argO"  	0.67	0.00	NaN	1	13	9	0.000000005689
"argP"	"lysC"  	1.49	0.01	NaN	1	13	9	0.000000005689
"glcC"	"glcA"  	1.22	0.42	NaN	1	6	2	0.000000005689
"glcC"	"glcB"  	2.11	0.73	NaN	1	6	2	0.000000005689
"glcC"	"glcD"  	1.54	0.43	NaN	1	6	2	0.000000005689
"glcC"	"glcF"  	1.55	0.41	NaN	1	6	2	0.000000005689
"glcC"	"glcG"  	1.19	0.44	NaN	1	6	2	0.000000005689
"argR"	"carA"  	0.67	0.13	NaN	-1	36	15	0.0000000225
"argR"	"carB"  	0.78	0.06	NaN	-1	36	15	0.0000000225
"argR"	"argF"  	1.65	1.20	NaN	-1	36	15	0.0000000225
"argR"	"artJ"  	2.39	0.94	NaN	-1	36	15	0.0000000225
"argR"	"artM"  	1.27	0.00	NaN	-1	36	15	0.0000000225
"argR"	"artQ"  	1.19	0.71	NaN	-1	36	15	0.0000000225
"argR"	"artI"  	0.71	0.75	NaN	-1	36	15	0.0000000225
"argR"	"artP"  	0.81	0.58	NaN	-1	36	15	0.0000000225
"argR"	"astE"  	0.39	0.00	NaN	1	36	15	0.0000000225
"argR"	"astD"  	0.66	0.00	NaN	1	36	15	0.0000000225
"argR"	"hisP"  	0.73	0.15	NaN	-1	36	15	0.0000000225
"argR"	"hisM"  	0.65	0.40	NaN	-1	36	15	0.0000000225
"argR"	"hisQ"  	0.96	0.48	NaN	-1	36	15	0.0000000225
"argR"	"hisJ"  	0.80	0.34	NaN	-1	36	15	0.0000000225
"argR"	"argA"  	1.85	0.33	NaN	-1	36	15	0.0000000225
"argR"	"argG"  	1.93	0.51	NaN	-1	36	15	0.0000000225
"argR"	"argD"  	1.57	0.51	NaN	-1	36	15	0.0000000225
"argR"	"argE"  	0.67	0.21	NaN	-1	36	15	0.0000000225
"argR"	"argC"  	1.79	0.65	NaN	-1	36	15	0.0000000225
"argR"	"argB"  	1.79	0.74	NaN	-1	36	15	0.0000000225
"argR"	"argH"  	1.61	0.31	NaN	-1	36	15	0.0000000225
"argR"	"argI"  	1.61	0.07	NaN	-1	36	15	0.0000000225
"fis" 	"crp"   	1.54	1.53	NaN	-1	73	35	0.0000000285
"fis" 	"ptsG"  	0.55	0.21	NaN	-2	73	35	0.0000000285
"fis" 	"nrdA"  	0.44	0.00	NaN	1	73	35	0.0000000285
"fis" 	"nrdB"  	0.32	0.00	NaN	1	73	35	0.0000000285
"fis" 	"nuoM"  	0.48	0.00	NaN	1	73	35	0.0000000285
"fis" 	"nuoL"  	0.54	0.00	NaN	1	73	35	0.0000000285
"fis" 	"nuoK"  	0.55	0.00	NaN	1	73	35	0.0000000285
"fis" 	"nuoI"  	0.52	0.00	NaN	1	73	35	0.0000000285
"fis" 	"nuoG"  	0.43	0.00	NaN	1	73	35	0.0000000285
"fis" 	"nuoA"  	0.47	0.00	NaN	1	73	35	0.0000000285
"fis" 	"gltX"  	0.19	0.05	NaN	-1	73	35	0.0000000285
"fis" 	"nirB"  	2.07	0.00	NaN	-1	73	35	0.0000000285
"fis" 	"nirD"  	1.95	0.00	NaN	-1	73	35	0.0000000285
"fis" 	"cysG"  	0.28	0.00	NaN	-1	73	35	0.0000000285
"fis" 	"aldB"  	1.66	0.00	NaN	-1	73	35	0.0000000285
"fis" 	"talA"  	1.33	0.00	NaN	1	73	35	0.0000000285
"fis" 	"acs"   	0.59	0.00	NaN	-1	73	35	0.0000000285
"fis" 	"queA"  	0.27	0.00	NaN	1	73	35	0.0000000285
"fis" 	"tpr"   	1.01	0.00	NaN	1	73	35	0.0000000285
"fis" 	"topA"  	0.49	0.27	NaN	4	73	35	0.0000000285
"fis" 	"yoaG"  	0.11	0.00	NaN	-1	73	35	0.0000000285
"fis" 	"yeaR"  	0.62	0.00	NaN	-1	73	35	0.0000000285
"fis" 	"yfaE"  	0.50	0.00	NaN	1	73	35	0.0000000285
"fis" 	"rrsG"  	0.13	0.00	NaN	1	73	35	0.0000000285
"fis" 	"rnpB"  	0.66	0.47	NaN	2	73	35	0.0000000285
"crp" 	"araC"  	0.94	0.16	NaN	1	252	108	0.000000001
"crp" 	"prpR"  	0.48	0.24	NaN	1	252	108	0.000000001
"crp" 	"lacI"  	0.19	0.05	NaN	1	252	108	0.000000001
"crp" 	"mhpR"  	0.78	0.34	NaN	1	252	108	0.000000001
"crp" 	"nagC"  	0.36	0.10	NaN	2	252	108	0.000000001
"crp" 	"fur"   	0.29	0.00	NaN	1	252	108	0.000000001
"crp" 	"ycfQ"  	0.68	0.00	NaN	-1	252	108	0.000000001
"crp" 	"lsrR"  	1.18	0.58	NaN	1	252	108	0.000000001
"crp" 	"malI"  	0.39	0.15	NaN	-3	252	108	0.000000001
"crp" 	"fucR"  	1.01	0.24	NaN	1	252	108	0.000000001
"crp" 	"tdcA"  	1.29	1.49	NaN	1	252	108	0.000000001
"crp" 	"fis"   	0.67	0.23	NaN	2	252	108	0.000000001
"crp" 	"crp"   	1.84	0.82	NaN	3	252	108	0.000000001
"crp" 	"ompR"  	0.54	0.00	NaN	2	252	108	0.000000001
"crp" 	"malT"  	1.36	0.62	NaN	1	252	108	0.000000001
"crp" 	"glpR"  	0.16	0.00	NaN	1	252	108	0.000000001
"crp" 	"yiaJ"  	0.44	0.15	NaN	-1	252	108	0.000000001
"crp" 	"glnG"  	0.43	0.06	NaN	2	252	108	0.000000001
"crp" 	"rhaS"  	0.61	0.00	NaN	1	252	108	0.000000001
"crp" 	"rhaR"  	0.30	0.00	NaN	1	252	108	0.000000001
"crp" 	"cytR"  	0.60	0.19	NaN	3	252	108	0.000000001
"crp" 	"melR"  	0.70	0.27	NaN	1	252	108	0.000000001
"crp" 	"dcuR"  	0.51	0.23	NaN	1	252	108	0.000000001
"crp" 	"gcd"   	0.99	0.42	NaN	-1	252	108	0.000000001
"crp" 	"hpt"   	0.33	0.13	NaN	1	252	108	0.000000001
"crp" 	"prpB"  	1.09	0.71	NaN	1	252	108	0.000000001
"crp" 	"prpC"  	1.20	0.58	NaN	1	252	108	0.000000001
"crp" 	"prpD"  	1.79	0.19	NaN	1	252	108	0.000000001
"crp" 	"tsx"   	0.75	0.32	NaN	-3	252	108	0.000000001
"crp" 	"nagE"  	0.75	0.35	NaN	3	252	108	0.000000001
"crp" 	"galM"  	0.50	0.12	NaN	3	252	108	0.000000001
"crp" 	"pflB"  	0.65	0.08	NaN	1	252	108	0.000000001
"crp" 	"focA"  	0.62	0.11	NaN	1	252	108	0.000000001
"crp" 	"paaZ"  	0.24	0.00	NaN	1	252	108	0.000000001
"crp" 	"paaA"  	0.83	0.46	NaN	1	252	108	0.000000001
"crp" 	"paaB"  	0.68	0.29	NaN	1	252	108	0.000000001
"crp" 	"paaC"  	0.51	0.21	NaN	1	252	108	0.000000001
"crp" 	"paaD"  	0.59	0.28	NaN	1	252	108	0.000000001
"crp" 	"paaG"  	0.32	0.00	NaN	1	252	108	0.000000001
"crp" 	"paaH"  	0.34	0.00	NaN	1	252	108	0.000000001
"crp" 	"paaJ"  	0.65	0.30	NaN	1	252	108	0.000000001
"crp" 	"paaK"  	0.98	0.41	NaN	1	252	108	0.000000001
"crp" 	"araG"  	0.59	0.20	NaN	1	252	108	0.000000001
"crp" 	"gatD"  	2.04	0.69	NaN	1	252	108	0.000000001
"crp" 	"gatC"  	2.66	1.21	NaN	1	252	108	0.000000001
"crp" 	"gatB"  	3.70	2.02	NaN	1	252	108	0.000000001
"crp" 	"gatA"  	3.29	1.82	NaN	1	252	108	0.000000001
"crp" 	"gatZ"  	2.74	1.41	NaN	1	252	108	0.000000001
"crp" 	"gatY"  	2.43	1.12	NaN	1	252	108	0.000000001
"crp" 	"cdd"   	0.62	0.00	NaN	2	252	108	0.000000001
"crp" 	"mglC"  	1.16	0.49	NaN	1	252	108	0.000000001
"crp" 	"mglA"  	2.51	0.93	NaN	1	252	108	0.000000001
"crp" 	"mglB"  	2.21	0.91	NaN	1	252	108	0.000000001
"crp" 	"glpQ"  	2.10	1.07	NaN	1	252	108	0.000000001
"crp" 	"glpT"  	2.08	1.03	NaN	1	252	108	0.000000001
"crp" 	"glpA"  	1.89	0.66	NaN	1	252	108	0.000000001
"crp" 	"glpB"  	1.61	0.81	NaN	1	252	108	0.000000001
"crp" 	"glpC"  	1.63	0.97	NaN	1	252	108	0.000000001
"crp" 	"ptsH"  	0.63	0.29	NaN	-3	252	108	0.000000001
"crp" 	"ptsI"  	0.53	0.33	NaN	4	252	108	0.000000001
"crp" 	"crr"   	0.48	0.19	NaN	-3	252	108	0.000000001
"crp" 	"murQ"  	0.74	0.33	NaN	1	252	108	0.000000001
"crp" 	"guaA"  	0.82	0.27	NaN	1	252	108	0.000000001
"crp" 	"guaB"  	1.17	0.42	NaN	1	252	108	0.000000001
"crp" 	"ascF"  	0.10	0.00	NaN	1	252	108	0.000000001
"crp" 	"relA"  	0.13	0.00	NaN	1	252	108	0.000000001
"crp" 	"fucP"  	0.86	0.46	NaN	1	252	108	0.000000001
"crp" 	"fucI"  	0.83	0.00	NaN	1	252	108	0.000000001
"crp" 	"fucK"  	0.59	0.00	NaN	1	252	108	0.000000001
"crp" 	"gcvH"  	0.33	0.11	NaN	1	252	108	0.000000001
"crp" 	"gcvT"  	0.63	0.07	NaN	1	252	108	0.000000001
"crp" 	"fbaA"  	0.96	0.00	NaN	1	252	108	0.000000001
"crp" 	"epd"   	1.04	0.67	NaN	1	252	108	0.000000001
"crp" 	"kbaZ"  	0.50	0.30	NaN	1	252	108	0.000000001
"crp" 	"argG"  	0.96	0.91	NaN	1	252	108	0.000000001
"crp" 	"nanK"  	0.35	0.28	NaN	1	252	108	0.000000001
"crp" 	"nanE"  	0.52	0.28	NaN	1	252	108	0.000000001
"crp" 	"nanT"  	0.50	0.35	NaN	1	252	108	0.000000001
"crp" 	"nanA"  	0.79	0.50	NaN	1	252	108	0.000000001
"crp" 	"gntT"  	0.57	0.30	NaN	1	252	108	0.000000001
"crp" 	"glpD"  	1.55	1.16	NaN	1	252	108	0.000000001
"crp" 	"glgA"  	0.83	0.00	NaN	1	252	108	0.000000001
"crp" 	"glgC"  	0.62	0.27	NaN	1	252	108	0.000000001
"crp" 	"ugpQ"  	0.46	0.15	NaN	1	252	108	0.000000001
"crp" 	"ugpC"  	0.47	0.17	NaN	1	252	108	0.000000001
"crp" 	"ugpE"  	0.93	0.31	NaN	1	252	108	0.000000001
"crp" 	"ugpB"  	0.98	0.19	NaN	1	252	108	0.000000001
"crp" 	"yiaK"  	0.54	0.23	NaN	3	252	108	0.000000001
"crp" 	"yiaM"  	0.71	0.58	NaN	4	252	108	0.000000001
"crp" 	"yiaN"  	0.86	0.00	NaN	2	252	108	0.000000001
"crp" 	"yiaO"  	0.71	0.45	NaN	-3	252	108	0.000000001
"crp" 	"lyxK"  	0.46	0.13	NaN	4	252	108	0.000000001
"crp" 	"sgbE"  	0.34	0.18	NaN	3	252	108	0.000000001
"crp" 	"mtlA"  	0.56	0.07	NaN	1	252	108	0.000000001
"crp" 	"mtlD"  	0.44	0.16	NaN	1	252	108	0.000000001
"crp" 	"uhpT"  	1.50	0.29	NaN	1	252	108	0.000000001
"crp" 	"ilvN"  	1.39	0.55	NaN	1	252	108	0.000000001
"crp" 	"ilvB"  	1.33	0.65	NaN	1	252	108	0.000000001
"crp" 	"bglF"  	0.69	0.06	NaN	1	252	108	0.000000001
"crp" 	"trxA"  	0.30	0.18	NaN	-1	252	108	0.000000001
"crp" 	"cyaA"  	1.03	0.24	NaN	-1	252	108	0.000000001
"crp" 	"udp"   	0.83	0.47	NaN	3	252	108	0.000000001
"crp" 	"malG"  	0.67	0.20	NaN	1	252	108	0.000000001
"crp" 	"malE"  	1.41	0.61	NaN	1	252	108	0.000000001
"crp" 	"malK"  	1.73	0.74	NaN	1	252	108	0.000000001
"crp" 	"lamB"  	2.07	0.95	NaN	1	252	108	0.000000001
"crp" 	"actP"  	2.58	1.25	NaN	1	252	108	0.000000001
"crp" 	"acs"   	2.26	1.26	NaN	1	252	108	0.000000001
"crp" 	"proP"  	1.25	0.44	NaN	3	252	108	0.000000001
"crp" 	"melA"  	0.67	0.22	NaN	1	252	108	0.000000001
"crp" 	"ulaA"  	1.14	0.10	NaN	1	252	108	0.000000001
"crp" 	"ulaC"  	0.62	0.00	NaN	1	252	108	0.000000001
"crp" 	"ulaD"  	0.26	0.00	NaN	1	252	108	0.000000001
"crp" 	"ulaE"  	0.28	0.10	NaN	1	252	108	0.000000001
"crp" 	"cpdB"  	0.64	0.06	NaN	1	252	108	0.000000001
"crp" 	"nanC"  	1.96	0.92	NaN	1	252	108	0.000000001
"crp" 	"gntP"  	0.42	0.18	NaN	1	252	108	0.000000001
"crp" 	"uxuA"  	0.66	0.30	NaN	1	252	108	0.000000001
"crp" 	"uxuB"  	0.51	0.36	NaN	1	252	108	0.000000001
"crp" 	"deoA"  	0.58	0.21	NaN	3	252	108	0.000000001
"crp" 	"deoB"  	0.62	0.23	NaN	2	252	108	0.000000001
"crp" 	"deoD"  	0.33	0.09	NaN	3	252	108	0.000000001
"crp" 	"hofC"  	0.38	0.10	NaN	1	252	108	0.000000001
"crp" 	"hofB"  	0.41	0.00	NaN	1	252	108	0.000000001
"crp" 	"ppdD"  	0.63	0.00	NaN	1	252	108	0.000000001
"crp" 	"prpE"  	0.54	0.21	NaN	1	252	108	0.000000001
"crp" 	"nmpC"  	3.20	2.53	NaN	1	252	108	0.000000001
"crp" 	"cstA"  	1.80	0.86	NaN	1	252	108	0.000000001
"crp" 	"nagD"  	0.29	0.05	NaN	2	252	108	0.000000001
"crp" 	"bhsA"  	1.03	0.10	NaN	-1	252	108	0.000000001
"crp" 	"hlyE"  	1.08	0.52	NaN	1	252	108	0.000000001
"crp" 	"ychH"  	1.18	0.60	NaN	1	252	108	0.000000001
"crp" 	"trg"   	1.51	0.53	NaN	1	252	108	0.000000001
"crp" 	"sbmC"  	1.24	0.46	NaN	1	252	108	0.000000001
"crp" 	"xseA"  	0.87	0.22	NaN	-1	252	108	0.000000001
"crp" 	"lhgO"  	0.91	0.49	NaN	1	252	108	0.000000001
"crp" 	"mazF"  	0.12	0.00	NaN	1	252	108	0.000000001
"crp" 	"fucU"  	0.42	0.00	NaN	1	252	108	0.000000001
"crp" 	"aer"   	1.08	0.48	NaN	1	252	108	0.000000001
"crp" 	"agaV"  	0.72	0.12	NaN	1	252	108	0.000000001
"crp" 	"pnp"   	0.48	0.00	NaN	-1	252	108	0.000000001
#"crp" 	"rpsO"  	0.88	0.28	NaN	-1	252	108	0.000000001	Is an r-protein
"crp" 	"truB"  	0.32	0.00	NaN	-1	252	108	0.000000001
"crp" 	"nusA"  	0.15	0.04	NaN	-1	252	108	0.000000001
"crp" 	"rimP"  	0.35	0.12	NaN	-1	252	108	0.000000001
"crp" 	"yhfA"  	0.23	0.07	NaN	-2	252	108	0.000000001
"crp" 	"ppiA"  	0.40	0.07	NaN	2	252	108	0.000000001
"crp" 	"hofP"  	0.42	0.06	NaN	1	252	108	0.000000001
"crp" 	"hofO"  	0.29	0.00	NaN	1	252	108	0.000000001
"crp" 	"hofM"  	0.24	0.00	NaN	1	252	108	0.000000001
"crp" 	"envZ"  	0.34	0.12	NaN	3	252	108	0.000000001
"crp" 	"yiaL"  	1.54	0.93	NaN	-4	252	108	0.000000001
"crp" 	"sgbU"  	0.38	0.04	NaN	4	252	108	0.000000001
"crp" 	"ivbL"  	1.12	0.49	NaN	1	252	108	0.000000001
"crp" 	"bglG"  	0.44	0.37	NaN	1	252	108	0.000000001
"crp" 	"psiE"  	1.41	0.63	NaN	-1	252	108	0.000000001
"crp" 	"malM"  	1.43	0.49	NaN	1	252	108	0.000000001
"crp" 	"yjcH"  	3.24	1.87	NaN	1	252	108	0.000000001
"crp" 	"hfq"   	0.54	0.11	NaN	-1	252	108	0.000000001
"crp" 	"hflX"  	0.30	0.21	NaN	-1	252	108	0.000000001
"crp" 	"hflK"  	0.19	0.16	NaN	-1	252	108	0.000000001
"crp" 	"hflC"  	0.68	0.01	NaN	-1	252	108	0.000000001
"crp" 	"nanM"  	0.67	0.00	NaN	1	252	108	0.000000001
"glpR"	"glpQ"  	2.74	2.07	NaN	-1	9	4	0.000000005689
"glpR"	"glpT"  	3.36	1.61	NaN	-1	9	4	0.000000005689
"glpR"	"glpA"  	2.52	1.31	NaN	-1	9	4	0.000000005689
"glpR"	"glpB"  	3.14	1.50	NaN	-1	9	4	0.000000005689
"glpR"	"glpC"  	2.61	1.43	NaN	-1	9	4	0.000000005689
"glpR"	"glpD"  	3.46	0.64	NaN	-1	9	4	0.000000005689
"glpR"	"glpX"  	0.72	0.21	NaN	-1	9	4	0.000000005689
"glpR"	"glpK"  	2.60	0.62	NaN	-1	9	4	0.000000005689
"glpR"	"glpF"  	3.37	1.02	NaN	-1	9	4	0.000000005689
"gntR"	"eda"   	0.44	0.10	NaN	-1	4	3	0.0000000056
"gntR"	"edd"   	0.95	0.22	NaN	-1	4	3	0.0000000056
"gntR"	"gntT"  	0.08	0.00	NaN	-1	4	3	0.0000000056
"gntR"	"gntK"  	1.46	1.82	NaN	-1	4	3	0.0000000056
"gadE"	"gadW"  	1.47	0.00	NaN	1	35	18	0.000000005689
"gadE"	"gadC"  	3.03	0.00	NaN	2	35	18	0.000000005689
"gadE"	"gadB"  	3.64	0.00	NaN	2	35	18	0.000000005689
"gadE"	"gadA"  	3.57	0.00	NaN	2	35	18	0.000000005689
"gadE"	"sra"   	0.15	0.00	NaN	1	35	18	0.000000005689
"gadE"	"yhiM"  	1.12	0.23	NaN	1	35	18	0.000000005689
"gadE"	"yhiD"  	2.31	0.00	NaN	2	35	18	0.000000005689
"gadE"	"hdeB"  	5.05	0.00	NaN	2	35	18	0.000000005689
"gadE"	"hdeA"  	4.45	0.00	NaN	2	35	18	0.000000005689
"gadE"	"hdeD"  	3.17	0.02	NaN	4	35	18	0.000000005689
"gadE"	"mdtE"  	0.21	0.00	NaN	1	35	18	0.000000005689
"gadW"	"gadX"  	0.25	0.00	NaN	-2	7	3	0.000000005689
"gadX"	"gadE"  	0.64	0.09	NaN	1	13	7	0.000000005689
"uhpA"	"uhpT"  	2.25	0.00	NaN	1	1	1	0.000000005689
"dnaA"	"aldA"  	0.92	0.00	NaN	-1	10	5	0.000000005689
"dnaA"	"nrdA"  	0.61	0.00	NaN	2	10	5	0.000000005689
"dnaA"	"nrdB"  	0.55	0.00	NaN	2	10	5	0.000000005689
"metR"	"glyA"  	0.18	0.00	NaN	2	4	4	0.000000004
"metR"	"hmp"   	0.05	0.00	NaN	1	4	4	0.000000004
"glnG"	"glnG"  	1.01	0.23	NaN	2	11	3	0.0000000001
"glnG"	"glnQ"  	0.89	0.47	NaN	3	11	3	0.0000000001
"glnG"	"glnP"  	0.88	0.54	NaN	3	11	3	0.0000000001
"glnG"	"glnH"  	1.45	0.32	NaN	2	11	3	0.0000000001
"glnG"	"astD"  	1.25	0.00	NaN	1	11	3	0.0000000001
"glnG"	"astA"  	0.31	0.00	NaN	1	11	3	0.0000000001
"glnG"	"glnA"  	1.20	0.70	NaN	3	11	3	0.0000000001
"glnG"	"glnL"  	1.14	0.64	NaN	3	11	3	0.0000000001
"cpxR"	"cpxR"  	2.35	0.23	NaN	1	42	25	0.000000005689
"cpxR"	"aroG"  	0.34	0.05	NaN	1	42	25	0.000000005689
"cpxR"	"ompF"  	0.70	0.36	NaN	-1	42	25	0.000000005689
"cpxR"	"dsbA"  	0.55	0.10	NaN	1	42	25	0.000000005689
"cpxR"	"hha"   	0.53	0.15	NaN	1	42	25	0.000000005689
"cpxR"	"tomB"  	0.57	0.14	NaN	1	42	25	0.000000005689
"cpxR"	"yccA"  	0.70	0.12	NaN	1	42	25	0.000000005689
"cpxR"	"efeU_2"	0.48	0.00	NaN	1	42	25	0.000000005689
"cpxR"	"csgC"  	0.38	0.00	NaN	-1	42	25	0.000000005689
"cpxR"	"ycfS"  	0.34	0.00	NaN	1	42	25	0.000000005689
"cpxR"	"yebE"  	0.19	0.00	NaN	1	42	25	0.000000005689
"cpxR"	"cheW"  	0.34	0.00	NaN	-1	42	25	0.000000005689
"cpxR"	"cheA"  	0.31	0.05	NaN	-1	42	25	0.000000005689
"cpxR"	"mdtB"  	0.28	0.00	NaN	1	42	25	0.000000005689
"cpxR"	"mdtC"  	0.15	0.00	NaN	1	42	25	0.000000005689
"cpxR"	"yqjA"  	0.30	0.12	NaN	1	42	25	0.000000005689
"cpxR"	"ppiA"  	0.61	0.00	NaN	1	42	25	0.000000005689
"cpxR"	"rdoA"  	0.57	0.08	NaN	1	42	25	0.000000005689
"cytR"	"tsx"   	1.54	0.00	NaN	-1	11	8	0.000000005689
"cytR"	"cdd"   	1.15	0.00	NaN	-1	11	8	0.000000005689
"cytR"	"udp"   	1.91	0.00	NaN	-1	11	8	0.000000005689
"metJ"	"folE"  	0.91	0.01	NaN	-1	7	6	0.000000045
"metJ"	"metC"  	0.71	0.00	NaN	-1	7	6	0.000000045
"metJ"	"metF"  	1.66	0.02	NaN	-1	7	6	0.000000045
"metJ"	"metA"  	1.51	0.02	NaN	-1	7	6	0.000000045
"metJ"	"yeiB"  	0.69	0.06	NaN	-1	7	6	0.000000045
"oxyR"	"fur"   	0.34	0.09	NaN	1	25	15	0.000000005689
"oxyR"	"dsbG"  	0.17	0.00	NaN	1	25	15	0.000000005689
"oxyR"	"grxA"  	1.82	0.77	NaN	1	25	15	0.000000005689
"oxyR"	"sufE"  	1.03	0.40	NaN	1	25	15	0.000000005689
"oxyR"	"sufS"  	1.04	0.38	NaN	1	25	15	0.000000005689
"oxyR"	"sufC"  	0.92	0.43	NaN	1	25	15	0.000000005689
"oxyR"	"sufB"  	1.23	0.49	NaN	1	25	15	0.000000005689
"oxyR"	"sufA"  	1.13	0.44	NaN	1	25	15	0.000000005689
"oxyR"	"mntH"  	1.35	0.54	NaN	1	25	15	0.000000005689
"oxyR"	"trxC"  	0.86	0.50	NaN	1	25	15	0.000000005689
"oxyR"	"katG"  	1.04	0.52	NaN	1	25	15	0.000000005689
"oxyR"	"ahpC"  	1.60	0.07	NaN	1	25	15	0.000000005689
"oxyR"	"ahpF"  	1.95	1.06	NaN	1	25	15	0.000000005689
"oxyR"	"ybjC"  	0.49	0.47	NaN	-1	25	15	0.000000005689
"oxyR"	"nfsA"  	0.55	0.53	NaN	-1	25	15	0.000000005689
"oxyR"	"rimK"  	0.40	0.43	NaN	-1	25	15	0.000000005689
"oxyR"	"ybjN"  	0.55	0.28	NaN	-1	25	15	0.000000005689
"oxyR"	"hcr"   	1.25	1.00	NaN	1	25	15	0.000000005689
"oxyR"	"hcp"   	1.96	0.54	NaN	1	25	15	0.000000005689
"oxyR"	"flu"   	2.43	0.66	NaN	-1	25	15	0.000000005689
"oxyR"	"yhjA"  	0.49	0.27	NaN	1	25	15	0.000000005689
"lexA"	"rpoD"  	0.65	0.00	NaN	-1	19	13	0.00000000167
"lexA"	"polB"  	0.95	0.00	NaN	-1	19	13	0.00000000167
"lexA"	"uvrB"  	2.01	0.00	NaN	-1	19	13	0.00000000167
"lexA"	"dinG"  	1.01	0.00	NaN	-1	19	13	0.00000000167
"lexA"	"ftsK"  	0.07	0.00	NaN	-1	19	13	0.00000000167
"lexA"	"dinI"  	3.94	0.00	NaN	-1	19	13	0.00000000167
"lexA"	"umuD"  	1.83	2.00	NaN	-1	19	13	0.00000000167
"lexA"	"umuC"  	2.70	0.00	NaN	-1	19	13	0.00000000167
"lexA"	"ydjM"  	1.12	0.00	NaN	-1	19	13	0.00000000167
"lexA"	"recN"  	4.24	0.00	NaN	-1	19	13	0.00000000167
"lexA"	"recX"  	1.39	0.00	NaN	-1	19	13	0.00000000167
"lexA"	"recA"  	1.63	1.66	NaN	-1	19	13	0.00000000167
"lexA"	"dinF"  	0.65	0.00	NaN	-1	19	13	0.00000000167
"lexA"	"symE"  	0.60	0.07	NaN	-1	19	13	0.00000000167
"soxS"	"fur"   	0.42	0.13	NaN	1	26	17	0.000000005689
"soxS"	"marA"  	0.51	0.16	NaN	1	26	17	0.000000005689
"soxS"	"fldA"  	0.47	0.58	NaN	1	26	17	0.000000005689
"soxS"	"ptsG"  	0.42	0.07	NaN	1	26	17	0.000000005689
"soxS"	"ribA"  	0.49	0.43	NaN	1	26	17	0.000000005689
"soxS"	"rfaZ"  	0.36	0.16	NaN	1	26	17	0.000000005689
"soxS"	"waaY"  	0.27	0.08	NaN	1	26	17	0.000000005689
"soxR"	"soxS"  	1.98	2.26	NaN	1	3	3	0.000000005689
"basR"	"putA"  	0.26	0.13	NaN	-1	11	7	0.000000005689
"basR"	"dgkA"  	0.16	0.01	NaN	1	11	7	0.000000005689
"basR"	"hha"   	0.46	0.08	NaN	1	11	7	0.000000005689
"basR"	"yrbL"  	0.61	0.16	NaN	-1	11	7	0.000000005689
"basR"	"fimB"  	1.17	0.27	NaN	1	11	7	0.000000005689
"dcuR"	"dpiA"  	0.40	0.14	NaN	1	9	4	0.00011
"dcuR"	"dctA"  	1.27	1.27	NaN	1	9	4	0.00011
"dcuR"	"fumB"  	1.91	0.85	NaN	1	9	4	0.00011
"dcuR"	"dcuB"  	2.55	1.02	NaN	1	9	4	0.00011
"dcuR"	"frdD"  	0.82	0.38	NaN	1	9	4	0.00011
"dcuR"	"frdC"  	1.31	0.15	NaN	1	9	4	0.00011
"dcuR"	"frdB"  	0.95	0.30	NaN	1	9	4	0.00011
"dcuR"	"frdA"  	1.01	0.48	NaN	1	9	4	0.00011
"dcuR"	"dpiB"  	0.62	0.00	NaN	1	9	4	0.00011
"nsrR"	"nrfA"  	1.09	0.16	NaN	-1	13	4	0.000000005689
"nsrR"	"nrfB"  	0.80	0.00	NaN	-1	13	4	0.000000005689
"nsrR"	"nrfC"  	0.70	0.00	NaN	-1	13	4	0.000000005689
"nsrR"	"nrfD"  	0.56	0.00	NaN	-1	13	4	0.000000005689
"nsrR"	"ytfE"  	5.20	0.00	NaN	-1	13	4	0.000000005689
"nsrR"	"hcr"   	2.72	0.00	NaN	-1	13	4	0.000000005689
"nsrR"	"hcp"   	2.07	1.77	NaN	-1	13	4	0.000000005689
"yjiE"	"metQ"  	0.68	0.44	NaN	1	5	2	0.000000005689
"yjiE"	"metI"  	0.68	0.24	NaN	1	5	2	0.000000005689
"yjiE"	"metN"  	0.68	0.33	NaN	1	5	2	0.000000005689
"yjiE"	"cydA"  	1.84	0.00	NaN	1	5	2	0.000000005689
"yjiE"	"cydB"  	1.26	0.00	NaN	1	5	2	0.000000005689
"bglJ"	"leuO"  	2.35	1.96	NaN	1	4	2	0.000000005689
"bglJ"	"bglB"  	1.94	0.27	NaN	1	4	2	0.000000005689
"trpR"	"trpA"  	1.83	0.02	NaN	-1	12	5	0.00000001
"trpR"	"trpB"  	1.77	0.03	NaN	-1	12	5	0.00000001
"trpR"	"trpC"  	1.63	0.02	NaN	-1	12	5	0.00000001
"trpR"	"trpD"  	2.08	0.04	NaN	-1	12	5	0.00000001
"trpR"	"trpE"  	2.46	0.01	NaN	-1	12	5	0.00000001
"trpR"	"aroH"  	1.02	0.04	NaN	-1	12	5	0.00000001
"trpR"	"trpL"  	2.37	0.00	NaN	-1	12	5	0.00000001
"creB"	"creD"  	0.34	0.06	NaN	1	1	1	0.000000005689
"arcA"	"rpoS"  	0.62	0.27	NaN	-1	49	19	0.000013
"arcA"	"lldR"  	1.29	0.31	NaN	-1	49	19	0.000013
"arcA"	"lpd"   	1.09	0.39	NaN	-1	49	19	0.000013
"arcA"	"fadE"  	0.48	0.36	NaN	-1	49	19	0.000013
"arcA"	"sdhC"  	2.80	0.87	NaN	3	49	19	0.000013
"arcA"	"sdhD"  	2.66	0.84	NaN	3	49	19	0.000013
"arcA"	"sdhA"  	2.44	0.72	NaN	3	49	19	0.000013
"arcA"	"sdhB"  	1.93	0.65	NaN	3	49	19	0.000013
"arcA"	"sucA"  	1.84	0.50	NaN	3	49	19	0.000013
"arcA"	"sucB"  	1.96	0.60	NaN	3	49	19	0.000013
"arcA"	"sucC"  	2.05	0.53	NaN	3	49	19	0.000013
"arcA"	"sucD"  	1.72	0.42	NaN	3	49	19	0.000013
"arcA"	"cydA"  	3.19	1.05	NaN	1	49	19	0.000013
"arcA"	"cydB"  	2.63	0.89	NaN	1	49	19	0.000013
"arcA"	"moeB"  	0.15	0.07	NaN	1	49	19	0.000013
"arcA"	"moeA"  	0.26	0.24	NaN	1	49	19	0.000013
"arcA"	"pflB"  	1.14	0.40	NaN	1	49	19	0.000013
"arcA"	"focA"  	0.71	0.38	NaN	1	49	19	0.000013
"arcA"	"ptsG"  	0.71	0.41	NaN	-1	49	19	0.000013
"arcA"	"icd"   	1.79	0.39	NaN	-1	49	19	0.000013
"arcA"	"aldA"  	1.53	0.43	NaN	-1	49	19	0.000013
"arcA"	"fadD"  	0.67	0.32	NaN	-1	49	19	0.000013
"arcA"	"nuoN"  	0.71	0.24	NaN	-1	49	19	0.000013
"arcA"	"nuoM"  	0.74	0.28	NaN	-1	49	19	0.000013
"arcA"	"nuoL"  	0.80	0.36	NaN	-1	49	19	0.000013
"arcA"	"nuoK"  	0.70	0.32	NaN	-1	49	19	0.000013
"arcA"	"nuoJ"  	0.73	0.26	NaN	-1	49	19	0.000013
"arcA"	"nuoI"  	0.94	0.42	NaN	-1	49	19	0.000013
"arcA"	"nuoH"  	0.73	0.38	NaN	-1	49	19	0.000013
"arcA"	"nuoG"  	0.73	0.37	NaN	-1	49	19	0.000013
"arcA"	"nuoF"  	0.72	0.24	NaN	-1	49	19	0.000013
"arcA"	"nuoE"  	0.84	0.33	NaN	-1	49	19	0.000013
"arcA"	"nuoC"  	0.87	0.36	NaN	-1	49	19	0.000013
"arcA"	"nuoB"  	0.85	0.38	NaN	-1	49	19	0.000013
"arcA"	"nuoA"  	0.90	0.37	NaN	-1	49	19	0.000013
"arcA"	"fadJ"  	0.54	0.30	NaN	-1	49	19	0.000013
"arcA"	"fadI"  	0.67	0.29	NaN	-1	49	19	0.000013
"arcA"	"fadL"  	0.71	0.32	NaN	-1	49	19	0.000013
"arcA"	"glcA"  	0.38	0.14	NaN	-1	49	19	0.000013
"arcA"	"glcB"  	1.02	0.60	NaN	-1	49	19	0.000013
"arcA"	"glcD"  	0.95	0.78	NaN	-1	49	19	0.000013
"arcA"	"lldP"  	1.05	0.17	NaN	-1	49	19	0.000013
"arcA"	"lldD"  	0.58	0.17	NaN	-1	49	19	0.000013
"arcA"	"fadA"  	0.64	0.31	NaN	-1	49	19	0.000013
"arcA"	"fadB"  	1.10	0.56	NaN	-1	49	19	0.000013
"arcA"	"glcF"  	0.72	0.62	NaN	-1	49	19	0.000013
"arcA"	"glcG"  	0.76	0.54	NaN	-1	49	19	0.000013
"arcA"	"uvrA"  	0.28	0.07	NaN	-1	49	19	0.000013
"arcA"	"ssb"   	0.18	0.06	NaN	-1	49	19	0.000013
#"putA"	"putA"  	1.73	0.21	NaN	-1	2	2	0.000000005689
"putA"	"putP"  	2.32	0.43	NaN	-1	2	2	0.000000005689
"leuO"	"bglB"  	0.17	0.00	1.7749	1	13	4	0.000000005689
"hns" 	"gadX"  	3.85	1.46	3.5974	-1	90	41	0.000000005689
"cysB"	"ssuA"  	0.97	0.32	NaN	-1	17	6	0.000000023667
"fnr" 	"dmsA"  	2.34	0.78	NaN	1	97	28	0.000000005689
"fnr" 	"dmsB"  	2.55	0.89	NaN	1	97	28	0.000000005689
"fnr" 	"dmsC"  	0.93	0.29	NaN	1	97	28	0.000000005689
"fnr" 	"pflB"  	1.06	0.63	NaN	1	97	28	0.000000005689
"fnr" 	"focA"  	0.72	0.49	NaN	1	97	28	0.000000005689
"fnr" 	"ynfE"  	1.91	0.57	NaN	1	97	28	0.000000005689
"fnr" 	"ynfF"  	2.44	0.78	NaN	1	97	28	0.000000005689
"fnr" 	"ynfG"  	1.96	0.53	NaN	1	97	28	0.000000005689
"fnr" 	"ccmE"  	0.42	0.11	NaN	1	97	28	0.000000005689
"fnr" 	"ccmD"  	0.49	0.09	NaN	1	97	28	0.000000005689
"fnr" 	"ccmC"  	0.29	0.10	NaN	1	97	28	0.000000005689
"fnr" 	"ccmB"  	0.22	0.08	NaN	1	97	28	0.000000005689
"fnr" 	"napC"  	0.57	0.17	NaN	1	97	28	0.000000005689
"fnr" 	"napB"  	0.54	0.22	NaN	1	97	28	0.000000005689
"fnr" 	"napH"  	0.39	0.18	NaN	1	97	28	0.000000005689
"fnr" 	"napG"  	0.47	0.23	NaN	1	97	28	0.000000005689
"fnr" 	"napA"  	0.42	0.20	NaN	1	97	28	0.000000005689
"fnr" 	"nrfC"  	0.90	0.38	NaN	1	97	28	0.000000005689
"fnr" 	"nrfD"  	0.46	0.14	NaN	1	97	28	0.000000005689
"fnr" 	"dmsD"  	0.68	0.22	NaN	1	97	28	0.000000005689
"fnr" 	"ydhV"  	0.90	0.18	NaN	1	97	28	0.000000005689
"fnr" 	"ccmG"  	0.26	0.06	NaN	1	97	28	0.000000005689
"fnr" 	"ccmF"  	0.23	0.09	NaN	1	97	28	0.000000005689
"fnr" 	"napD"  	0.41	0.24	NaN	1	97	28	0.000000005689
"fnr" 	"napF"  	0.87	0.23	NaN	1	97	28	0.000000005689
"fnr" 	"nrfG"  	0.25	0.12	NaN	1	97	28	0.000000005689
"ihfA"	"ompR"  	0.16	0.00	0.7052	-1	154	45	0.000000005689
"ihfA"	"yiaJ"  	0.45	0.00	0.0107	-1	154	45	0.000000005689
"ihfA"	"nuoM"  	0.13	0.00	0.6123	-1	154	45	0.000000005689
"ihfA"	"nuoB"  	0.24	0.00	NaN	-1	154	45	0.000000005689
"ihfA"	"nuoA"  	0.57	0.00	1.0317	-1	154	45	0.000000005689
"fis" 	"marR"  	0.39	0.00	NaN	1	73	35	0.0000000285
"crp" 	"rpoH"  	0.31	0.00	NaN	2	252	108	0.000000001
"crp" 	"araA"  	0.48	0.10	1.1770	1	252	108	0.000000001
"crp" 	"lacZ"  	0.47	0.18	1.2645	2	252	108	0.000000001
"crp" 	"galK"  	0.58	0.22	NaN	-3	252	108	0.000000001
"crp" 	"galT"  	0.71	0.22	NaN	-3	252	108	0.000000001
"crp" 	"galE"  	0.50	0.19	NaN	-4	252	108	0.000000001
"crp" 	"serC"  	0.92	0.31	NaN	-1	252	108	0.000000001
"crp" 	"aroA"  	0.67	0.32	NaN	-1	252	108	0.000000001
"crp" 	"ptsG"  	1.24	0.67	1.7964	1	252	108	0.000000001
"crp" 	"malX"  	0.56	0.15	NaN	1	252	108	0.000000001
"crp" 	"malY"  	0.33	0.10	NaN	1	252	108	0.000000001
"crp" 	"araF"  	1.24	0.72	NaN	1	252	108	0.000000001
"crp" 	"gabD"  	0.72	0.40	NaN	1	252	108	0.000000001
"crp" 	"gabT"  	0.93	0.38	NaN	1	252	108	0.000000001
"crp" 	"gabP"  	0.58	0.17	NaN	1	252	108	0.000000001
"crp" 	"nupG"  	0.71	0.00	NaN	-2	252	108	0.000000001
"crp" 	"tdcE"  	0.75	0.00	NaN	1	252	108	0.000000001
"crp" 	"tdcD"  	0.55	0.38	NaN	1	252	108	0.000000001
"crp" 	"tdcB"  	0.70	0.91	NaN	1	252	108	0.000000001
"crp" 	"gltB"  	1.08	0.20	NaN	-1	252	108	0.000000001
"crp" 	"gltD"  	1.71	0.05	NaN	-1	252	108	0.000000001
"crp" 	"dctA"  	1.99	0.89	0.7207	1	252	108	0.000000001
"crp" 	"glnA"  	0.89	0.34	NaN	3	252	108	0.000000001
"crp" 	"deoC"  	0.83	0.00	NaN	-2	252	108	0.000000001
"crp" 	"lacA"  	0.71	0.52	0.0033	-3	252	108	0.000000001
"crp" 	"araJ"  	0.29	0.11	0.0831	3	252	108	0.000000001
"crp" 	"csiD"  	1.16	0.13	NaN	1	252	108	0.000000001
"crp" 	"bglB"  	0.89	0.41	1.0557	1	252	108	0.000000001
"crp" 	"glnL"  	0.49	0.23	NaN	2	252	108	0.000000001
"gadX"	"dctR"  	0.26	0.00	NaN	1	13	7	0.000000005689
"gadX"	"gadX"  	5.47	0.00	5.7194	1	13	7	0.000000005689
"gadX"	"gadC"  	0.60	0.00	2.4284	1	13	7	0.000000005689
"gadX"	"gadB"  	0.63	0.00	3.0095	1	13	7	0.000000005689
"gadX"	"gadA"  	0.46	0.00	3.1092	1	13	7	0.000000005689
"gadX"	"slp"   	0.82	0.06	NaN	1	13	7	0.000000005689
"gadX"	"yhiD"  	0.24	0.00	2.0757	2	13	7	0.000000005689
"gadX"	"hdeB"  	0.62	0.00	4.4306	2	13	7	0.000000005689
"gadX"	"hdeD"  	0.36	0.00	2.8039	1	13	7	0.000000005689
"bglJ"	"bglF"  	1.37	0.61	0.5708	1	4	2	0.000000005689
"bglJ"	"bglG"  	2.79	1.37	1.2365	1	4	2	0.000000005689
"phoP"	"yhiD"  	2.14	0.00	NaN	1	20	15	0.000000005689
"phoP"	"hdeB"  	2.92	0.00	NaN	1	20	15	0.000000005689
"phoP"	"hdeA"  	2.42	0.00	NaN	1	20	15	0.000000005689
"phoP"	"hdeD"  	3.07	0.00	NaN	1	20	15	0.000000005689
"hns" 	"flhC"  	1.61	0.54	NaN	1	90	41	0.000000005689
"hns" 	"flhD"  	1.31	0.51	NaN	1	90	41	0.000000005689
"hns" 	"dctR"  	1.64	0.29	NaN	-1	90	41	0.000000005689
"hns" 	"gadE"  	4.39	2.46	5.0262	-1	90	41	0.000000005689
"hns" 	"gadA"  	4.56	2.43	8.1342	-1	90	41	0.000000005689
"hns" 	"cadA"  	1.64	1.32	NaN	-1	90	41	0.000000005689
"hns" 	"cadB"  	1.00	0.98	NaN	-1	90	41	0.000000005689
"hns" 	"yhiM"  	3.11	1.32	4.2221	-1	90	41	0.000000005689
"hns" 	"slp"   	2.92	1.97	NaN	-1	90	41	0.000000005689
"hns" 	"yhiD"  	2.51	0.97	4.8220	-1	90	41	0.000000005689
"hns" 	"hdeB"  	3.14	2.50	8.1874	-1	90	41	0.000000005689
"hns" 	"hdeA"  	2.56	2.18	7.0112	-1	90	41	0.000000005689
"hns" 	"hdeD"  	3.00	2.14	6.1674	-1	90	41	0.000000005689
"hns" 	"mdtE"  	1.72	0.86	1.9250	-1	90	41	0.000000005689
"hns" 	"mdtF"  	1.42	0.66	NaN	-1	90	41	0.000000005689
"marR"	"marR"  	3.77	0.36	NaN	-1	3	1	0.000000005689
"marR"	"marB"  	0.87	0.46	NaN	-1	3	1	0.000000005689
"ihfA"	"csgD"  	0.33	0.00	NaN	1	154	45	0.000000005689
"ihfA"	"glpT"  	1.64	0.00	0.3650	-1	154	45	0.000000005689
"crp" 	"flhC"  	2.28	1.46	NaN	1	252	108	0.000000001
"crp" 	"flhD"  	2.20	1.88	NaN	1	252	108	0.000000001
"crp" 	"gadE"  	4.03	1.64	4.6658	-1	252	108	0.000000001
"crp" 	"chbA"  	0.52	0.00	NaN	1	252	108	0.000000001
"crp" 	"chbC"  	0.71	0.46	NaN	1	252	108	0.000000001
"crp" 	"mdtE"  	0.51	0.23	0.7200	-1	252	108	0.000000001
"crp" 	"mdtF"  	0.77	0.17	NaN	-1	252	108	0.000000001
"soxS"	"marR"  	0.31	0.07	NaN	1	26	17	0.000000005689
"soxS"	"rob"   	0.52	0.36	NaN	-1	26	17	0.000000005689
"soxS"	"acrB"  	0.39	0.03	NaN	1	26	17	0.000000005689
"soxS"	"acrA"  	0.46	0.00	NaN	1	26	17	0.000000005689
"soxS"	"nfsB"  	0.56	0.40	NaN	1	26	17	0.000000005689
"soxS"	"acnA"  	0.93	0.29	NaN	1	26	17	0.000000005689
"soxS"	"fumC"  	1.50	1.32	NaN	1	26	17	0.000000005689
"soxS"	"zwf"   	0.60	0.54	NaN	1	26	17	0.000000005689
"soxS"	"sodA"  	2.53	1.29	2.8952	1	26	17	0.000000005689
"soxS"	"fpr"   	0.96	1.27	NaN	1	26	17	0.000000005689
"soxS"	"ybjC"  	0.35	0.38	NaN	1	26	17	0.000000005689
"soxS"	"nfsA"  	0.39	0.46	NaN	1	26	17	0.000000005689
"soxS"	"rimK"  	0.59	0.43	NaN	1	26	17	0.000000005689
"soxS"	"ybjN"  	0.36	0.15	NaN	1	26	17	0.000000005689
"soxS"	"pqiA"  	0.33	0.12	NaN	1	26	17	0.000000005689
"soxS"	"pqiB"  	0.23	0.12	NaN	1	26	17	0.000000005689
"soxS"	"marB"  	0.18	0.02	NaN	1	26	17	0.000000005689
"soxS"	"inaA"  	1.24	0.56	NaN	1	26	17	0.000000005689
"soxR"	"fumC"  	1.03	0.54	NaN	1	3	3	0.000000005689
"nsrR"	"fliY"  	0.41	0.00	NaN	-1	13	4	0.000000005689
"phoP"	"gadW"  	1.45	0.00	NaN	1	20	15	0.000000005689
"narL"	"frdD"  	1.42	0.74	2.2470	-1	64	17	0.000000005689
"narL"	"frdB"  	2.05	1.17	2.9990	-1	64	17	0.000000005689
"narL"	"frdA"  	2.18	1.07	3.1828	-1	64	17	0.000000005689
"hns" 	"gadW"  	2.21	0.58	3.6717	-1	90	41	0.000000005689
"hns" 	"yjjQ"  	2.71	1.54	NaN	-1	90	41	0.000000005689
"hns" 	"bglJ"  	0.75	0.00	10.4800	-1	90	41	0.000000005689
"hns" 	"bglF"  	0.85	0.17	1.6531	-1	90	41	0.000000005689
"hns" 	"cas2"  	3.28	0.44	4.1295	-1	90	41	0.000000005689
"hns" 	"cas1"  	2.96	0.25	4.6753	-1	90	41	0.000000005689
"hns" 	"casE"  	3.24	0.43	5.3529	-1	90	41	0.000000005689
"hns" 	"casD"  	2.37	1.45	4.9312	-1	90	41	0.000000005689
"hns" 	"casC"  	3.84	0.57	6.2716	-1	90	41	0.000000005689
"hns" 	"casB"  	3.82	2.38	6.5022	-1	90	41	0.000000005689
"hns" 	"casA"  	2.92	1.26	6.1350	-1	90	41	0.000000005689
"hns" 	"bglB"  	2.96	0.36	4.8972	-1	90	41	0.000000005689
"hns" 	"bglG"  	4.08	0.15	5.6370	-1	90	41	0.000000005689
"hns" 	"fimI"  	0.35	0.00	NaN	1	90	41	0.000000005689
"hns" 	"fimF"  	0.45	0.13	NaN	1	90	41	0.000000005689
"fnr" 	"narK"  	0.72	0.70	NaN	1	97	28	0.000000005689
"fnr" 	"narG"  	1.54	0.99	NaN	1	97	28	0.000000005689
"fnr" 	"narH"  	1.25	0.93	NaN	1	97	28	0.000000005689
"fnr" 	"narJ"  	0.85	0.92	NaN	1	97	28	0.000000005689
"fnr" 	"narI"  	0.80	0.86	NaN	1	97	28	0.000000005689
"fnr" 	"fdnG"  	0.79	1.19	NaN	-3	97	28	0.000000005689
"fnr" 	"fdnH"  	1.77	0.22	NaN	-4	97	28	0.000000005689
"fnr" 	"fdnI"  	0.33	0.29	NaN	-3	97	28	0.000000005689
"fnr" 	"nirB"  	1.65	0.54	NaN	1	97	28	0.000000005689
"fnr" 	"nirD"  	1.11	0.54	NaN	1	97	28	0.000000005689
"fnr" 	"nirC"  	0.69	0.25	NaN	1	97	28	0.000000005689
"fnr" 	"cysG"  	0.36	0.09	NaN	1	97	28	0.000000005689
"fnr" 	"nikA"  	0.85	0.32	NaN	1	97	28	0.000000005689
"fnr" 	"nikB"  	0.65	0.84	NaN	1	97	28	0.000000005689
"fnr" 	"nikC"  	0.70	0.29	NaN	1	97	28	0.000000005689
"fnr" 	"nikD"  	0.84	0.62	NaN	1	97	28	0.000000005689
"fnr" 	"nrfA"  	1.10	0.41	NaN	1	97	28	0.000000005689
"fnr" 	"nrfB"  	1.79	0.56	NaN	1	97	28	0.000000005689
"fnr" 	"hcr"   	0.61	0.47	NaN	1	97	28	0.000000005689
"fnr" 	"hcp"   	1.09	0.94	NaN	1	97	28	0.000000005689
"fnr" 	"nrfF"  	0.49	0.14	NaN	1	97	28	0.000000005689
"ihfA"	"rpoH"  	0.26	0.00	NaN	1	154	45	0.000000005689
"ihfA"	"paaF"  	0.42	0.00	NaN	1	154	45	0.000000005689
"ihfA"	"paaH"  	0.49	0.09	0.1487	1	154	45	0.000000005689
"ihfA"	"paaK"  	0.70	0.46	0.2843	1	154	45	0.000000005689
"ihfA"	"tdcD"  	0.55	0.00	NaN	1	154	45	0.000000005689
"ihfA"	"tdcB"  	0.62	0.00	NaN	1	154	45	0.000000005689
"ihfA"	"nirB"  	0.43	0.09	3.7856	3	154	45	0.000000005689
"ihfA"	"nirD"  	1.39	1.30	4.4953	2	154	45	0.000000005689
"ihfA"	"nirC"  	0.38	0.13	1.4442	3	154	45	0.000000005689
"ihfA"	"nmpC"  	1.18	0.00	4.3815	-1	154	45	0.000000005689
"ihfA"	"paaI"  	0.45	0.00	NaN	1	154	45	0.000000005689
"ihfA"	"tdcF"  	0.39	0.00	NaN	1	154	45	0.000000005689
"ihfA"	"dusB"  	1.35	0.00	NaN	1	154	45	0.000000005689
"ihfA"	"nrfF"  	0.68	0.19	NaN	4	154	45	0.000000005689
"fis" 	"marA"  	0.49	0.21	4.2516	1	73	35	0.0000000285
"fis" 	"glnG"  	0.22	0.00	0.2067	1	73	35	0.0000000285
"fis" 	"hupA"  	0.79	0.00	NaN	1	73	35	0.0000000285
"fis" 	"guaB"  	0.50	0.00	1.6626	-1	73	35	0.0000000285
"fis" 	"proP"  	0.82	0.17	0.4332	1	73	35	0.0000000285
"crp" 	"chbR"  	0.21	0.00	NaN	1	252	108	0.000000001
"crp" 	"araB"  	0.45	0.32	1.0938	1	252	108	0.000000001
"crp" 	"nagA"  	0.62	0.50	NaN	-4	252	108	0.000000001
"crp" 	"nagB"  	0.74	0.35	NaN	-4	252	108	0.000000001
"crp" 	"dadA"  	1.04	0.30	NaN	-3	252	108	0.000000001
"crp" 	"dadX"  	0.61	0.30	NaN	4	252	108	0.000000001
"crp" 	"tam"   	0.73	0.10	NaN	1	252	108	0.000000001
"crp" 	"aldB"  	1.76	1.03	3.4244	1	252	108	0.000000001
"crp" 	"lsrK"  	1.17	0.52	NaN	1	252	108	0.000000001
"crp" 	"lsrA"  	1.39	0.31	NaN	1	252	108	0.000000001
"crp" 	"lsrC"  	0.64	0.14	NaN	1	252	108	0.000000001
"crp" 	"lsrD"  	1.30	0.16	NaN	1	252	108	0.000000001
"crp" 	"lsrB"  	2.03	1.13	NaN	1	252	108	0.000000001
"crp" 	"lsrF"  	1.40	0.70	NaN	1	252	108	0.000000001
"crp" 	"lsrG"  	2.32	0.20	NaN	1	252	108	0.000000001
"crp" 	"chbB"  	0.70	0.31	NaN	1	252	108	0.000000001
"crp" 	"dusB"  	0.87	0.20	NaN	2	252	108	0.000000001
"gadE"	"dctR"  	0.56	0.05	NaN	1	35	18	0.000000005689
"gadE"	"gadE"  	6.23	0.07	5.5890	1	35	18	0.000000005689
"gadE"	"gadX"  	0.58	0.00	0.3304	-2	35	18	0.000000005689
"gadE"	"slp"   	0.27	0.00	NaN	1	35	18	0.000000005689
"gadW"	"gadB"  	0.08	0.00	3.5548	2	7	3	0.000000005689
"oxyR"	"sufD"  	0.28	0.00	NaN	1	25	15	0.000000005689
"oxyR"	"fhuF"  	1.46	1.43	0.0249	-1	25	15	0.000000005689
