"constraintID"	"reactionID"	"enzymeIDs"	"substrateIDs"	"rateEquationType"	"kcat"	"kM"	"kI"	"customRateEquation"	"customParameters"	"customParameterConstants"	"customParameterConstantValues"	"customParameterVariables"	"constraintActive"
"SUCCINATE-DEHYDROGENASE-UBIQUINONE-RXN"	"SUCCINATE-DEHYDROGENASE-UBIQUINONE-RXN"	["CPLX0-8160"]	[]	"standard"	[167]	[]	[]	null	null	null	null	null	0
"ISOLEUCINE--TRNA-LIGASE-RXN"	"ISOLEUCINE--TRNA-LIGASE-RXN"	["ILES-MONOMER"]	["ILE"]	"standard"	[1.46]	[5.69]	[]	null	null	null	null	null	0
"ISOLEUCINE--TRNA-LIGASE-RXN_kcat_1.46"	"ISOLEUCINE--TRNA-LIGASE-RXN"	["ILES-MONOMER"]	[]	"standard"	[1.46]	[]	[]	null	null	null	null	null	0
"ISOLEUCINE--TRNA-LIGASE-RXN_2"	"ISOLEUCINE--TRNA-LIGASE-RXN"	["ILES-MONOMER"]	["ATP"]	"standard"	[1.37]	[30]	[]	null	null	null	null	null	0
"ISOLEUCINE--TRNA-LIGASE-RXN_2_kcat_1.37"	"ISOLEUCINE--TRNA-LIGASE-RXN"	["ILES-MONOMER"]	[]	"standard"	[1.37]	[]	[]	null	null	null	null	null	0
"FUMHYDR-RXN"	"FUMHYDR-RXN"	["FUMARASE-A"]	["MAL"]	"standard"	[3100]	[700]	[]	null	null	null	null	null	0
"FUMHYDR-RXN_kcat_3100"	"FUMHYDR-RXN"	["FUMARASE-A"]	[]	"standard"	[3100]	[]	[]	null	null	null	null	null	1
"ASPARAGHYD-RXN"	"ASPARAGHYD-RXN"	["ANSB-CPLX"]	["GLN"]	"standard"	[0.33]	[]	[]	null	null	null	null	null	0
"CHORPYRLY-RXN"	"CHORPYRLY-RXN"	["CHORPYRLY-MONOMER"]	["CHORISMATE"]	"standard"	[0.82]	[9.7]	[]	null	null	null	null	null	0
"CHORPYRLY-RXN_kcat_0.82"	"CHORPYRLY-RXN"	["CHORPYRLY-MONOMER"]	[]	"standard"	[0.82]	[]	[]	null	null	null	null	null	1
"ISOCHORSYN-RXN"	"ISOCHORSYN-RXN"	["ENTC-MONOMER"]	["CHORISMATE"]	"standard"	[2.88]	[14]	[]	null	null	null	null	null	0
"ISOCHORSYN-RXN_kcat_2.88"	"ISOCHORSYN-RXN"	["ENTC-MONOMER"]	[]	"standard"	[2.88]	[]	[]	null	null	null	null	null	0
"GART-RXN"	"GART-RXN"	["GART-MONOMER"]	[]	"standard"	[40]	[]	[]	null	null	null	null	null	0
"L-ASPARTATE-OXID-RXN"	"L-ASPARTATE-OXID-RXN"	["L-ASPARTATE-OXID-MONOMER"]	["L-ASPARTATE"]	"standard"	[0.5333]	[0.5]	[]	null	null	null	null	null	0
"L-ASPARTATE-OXID-RXN_kcat_0.5333"	"L-ASPARTATE-OXID-RXN"	["L-ASPARTATE-OXID-MONOMER"]	[]	"standard"	[0.5333]	[]	[]	null	null	null	null	null	0
"DIHYDROFOLATEREDUCT-RXN"	"DIHYDROFOLATEREDUCT-RXN"	["DIHYDROFOLATEREDUCT-MONOMER"]	["NADPH"]	"standard"	[11]	[]	[]	null	null	null	null	null	0
"ADENYLATECYC-RXN"	"ADENYLATECYC-RXN"	["ADENYLATECYC-MONOMER"]	["ATP","ATP","ADP","GTP","PPI"]	"standard"	[1.67]	[1000]	[1500,2000,1200,180]	null	null	null	null	null	0
"ADENYLATECYC-RXN_kcat_1.67"	"ADENYLATECYC-RXN"	["ADENYLATECYC-MONOMER"]	[]	"standard"	[1.67]	[]	[]	null	null	null	null	null	0
"RXN0-4401"	"RXN0-4401"	["CPLX0-7974"]	["NADH"]	"standard"	[3.8]	[110]	[]	null	null	null	null	null	0
"RXN0-4401_kcat_3.8"	"RXN0-4401"	["CPLX0-7974"]	[]	"standard"	[3.8]	[]	[]	null	null	null	null	null	0
"ALANINE--TRNA-LIGASE-RXN-ALA-tRNAs/L-ALPHA-ALANINE/ATP/PROTON//Charged-ALA-tRNAs/AMP/PPI.64."	"ALANINE--TRNA-LIGASE-RXN-ALA-tRNAs/L-ALPHA-ALANINE/ATP/PROTON//Charged-ALA-tRNAs/AMP/PPI.64."	["ALAS-CPLX"]	["L-ALPHA-ALANINE","ATP"]	"standard"	[84]	[340,83]	[]	null	null	null	null	null	0
"ALANINE--TRNA-LIGASE-RXN-ALA-tRNAs/L-ALPHA-ALANINE/ATP/PROTON//Charged-ALA-tRNAs/AMP/PPI.64._kcat_84"	"ALANINE--TRNA-LIGASE-RXN-ALA-tRNAs/L-ALPHA-ALANINE/ATP/PROTON//Charged-ALA-tRNAs/AMP/PPI.64."	["ALAS-CPLX"]	[]	"standard"	[84]	[]	[]	null	null	null	null	null	1
"ISOLEUCINE--TRNA-LIGASE-RXN_3"	"ISOLEUCINE--TRNA-LIGASE-RXN"	["ILES-MONOMER"]	["ILE","ATP"]	"standard"	[27.7]	[5.2,540]	[]	null	null	null	null	null	0
"ISOLEUCINE--TRNA-LIGASE-RXN_3_kcat_27.7"	"ISOLEUCINE--TRNA-LIGASE-RXN"	["ILES-MONOMER"]	[]	"standard"	[27.7]	[]	[]	null	null	null	null	null	0
"CYTDEAM-RXN"	"CYTDEAM-RXN"	["CPLX0-7932"]	["CYTOSINE"]	"standard"	[185]	[220]	[]	null	null	null	null	null	0
"CYTDEAM-RXN_kcat_185"	"CYTDEAM-RXN"	["CPLX0-7932"]	[]	"standard"	[185]	[]	[]	null	null	null	null	null	0
"ISOLEUCINE--TRNA-LIGASE-RXN_4"	"ISOLEUCINE--TRNA-LIGASE-RXN"	["ILES-MONOMER"]	["ILE"]	"standard"	[104]	[1.3]	[]	null	null	null	null	null	0
"ISOLEUCINE--TRNA-LIGASE-RXN_4_kcat_104"	"ISOLEUCINE--TRNA-LIGASE-RXN"	["ILES-MONOMER"]	[]	"standard"	[104]	[]	[]	null	null	null	null	null	0
"RXN0-5462"	"RXN0-5462"	["EG10484-MONOMER"]	["GTP"]	"standard"	[0.003]	[4]	[]	null	null	null	null	null	0
"RXN0-5462_kcat_0.003"	"RXN0-5462"	["EG10484-MONOMER"]	[]	"standard"	[0.003]	[]	[]	null	null	null	null	null	0
"F16ALDOLASE-RXN"	"F16ALDOLASE-RXN"	["FRUCBISALD-CLASSII"]	["FRUCTOSE-16-DIPHOSPHATE"]	"standard"	[10.333333]	[240]	[]	null	null	null	null	null	0
"F16ALDOLASE-RXN_kcat_10.333333"	"F16ALDOLASE-RXN"	["FRUCBISALD-CLASSII"]	[]	"standard"	[10.333333]	[]	[]	null	null	null	null	null	0
"ISOLEUCINE--TRNA-LIGASE-RXN_5"	"ISOLEUCINE--TRNA-LIGASE-RXN"	["ILES-MONOMER"]	["ILE","ATP"]	"standard"	[80.4]	[3.6,280]	[]	null	null	null	null	null	0
"ISOLEUCINE--TRNA-LIGASE-RXN_5_kcat_80.4"	"ISOLEUCINE--TRNA-LIGASE-RXN"	["ILES-MONOMER"]	[]	"standard"	[80.4]	[]	[]	null	null	null	null	null	0
"INORGPYROPHOSPHAT-RXN"	"INORGPYROPHOSPHAT-RXN"	["CPLX0-243"]	["PPI"]	"standard"	[389]	[130]	[]	null	null	null	null	null	0
"INORGPYROPHOSPHAT-RXN_kcat_389"	"INORGPYROPHOSPHAT-RXN"	["CPLX0-243"]	[]	"standard"	[389]	[]	[]	null	null	null	null	null	0
"ACETOLACTREDUCTOISOM-RXN"	"ACETOLACTREDUCTOISOM-RXN"	["CPLX0-7643"]	["NADPH"]	"standard"	[0.12]	[7.3]	[]	null	null	null	null	null	0
"ACETOLACTREDUCTOISOM-RXN_kcat_0.12"	"ACETOLACTREDUCTOISOM-RXN"	["CPLX0-7643"]	[]	"standard"	[0.12]	[]	[]	null	null	null	null	null	0
"ACETOLACTREDUCTOISOM-RXN_2"	"ACETOLACTREDUCTOISOM-RXN"	["CPLX0-7643"]	["NADP","NADPH"]	"custom"	[0.052]	[4.2]	[1.2]	"k_cat*E*(S_1/(S_1+k_M*(1+S_2/k_i_1)))"	["k_cat","k_M","k_i_1","E","S_1","S_2"]	["k_cat","k_M","k_i_1"]	[0.052,4.2,1.2]	{"E":"CPLX0-7643","S_1":"NADP","S_2":"NADPH"}	0
"ACETOLACTREDUCTOISOM-RXN_2_kcat_0.052"	"ACETOLACTREDUCTOISOM-RXN"	["CPLX0-7643"]	[]	"custom"	[0.052]	[]	[]	"k_cat*E*(S_1/(S_1+k_M*(1+S_2/k_i_1)))"	["k_cat","k_M","k_i_1","E","S_1","S_2"]	["k_cat","k_M","k_i_1"]	[0.052,4.2,1.2]	{"E":"CPLX0-7643","S_1":"NADP","S_2":"NADPH"}	0
"GTP-CYCLOHYDRO-II-RXN"	"GTP-CYCLOHYDRO-II-RXN"	["GTP-CYCLOHYDRO-II-CPLX"]	["GTP"]	"custom"	[0.15]	[30]	[24]	"kcat*E*S/(km*(1+I1/ki1)+S)"	["kcat","km","ki1","E","S","I1"]	["kcat","km","ki1"]	[0.15,30,24]	{"E":"GTP-CYCLOHYDRO-II-CPLX","S":"GTP","I1":"PPI"}	0
"GTP-CYCLOHYDRO-II-RXN_kcat_0.15"	"GTP-CYCLOHYDRO-II-RXN"	["GTP-CYCLOHYDRO-II-CPLX"]	[]	"custom"	[0.15]	[]	[]	"kcat*E*S/(km*(1+I1/ki1)+S)"	["kcat","km","ki1","E","S","I1"]	["kcat","km","ki1"]	[0.15,30,24]	{"E":"GTP-CYCLOHYDRO-II-CPLX","S":"GTP","I1":"PPI"}	0
"ADPSUGPPHOSPHAT-RXN"	"ADPSUGPPHOSPHAT-RXN"	["CPLX0-1221"]	["NADH"]	"standard"	[7.8]	[0.00011900001]	[]	null	null	null	null	null	0
"ADPSUGPPHOSPHAT-RXN_kcat_7.8"	"ADPSUGPPHOSPHAT-RXN"	["CPLX0-1221"]	[]	"standard"	[7.8]	[]	[]	null	null	null	null	null	0
"ADPSUGPPHOSPHAT-RXN_2"	"ADPSUGPPHOSPHAT-RXN"	["CPLX0-1221"]	["NAD"]	"standard"	[13.9]	[0.0149]	[]	null	null	null	null	null	0
"ADPSUGPPHOSPHAT-RXN_2_kcat_13.9"	"ADPSUGPPHOSPHAT-RXN"	["CPLX0-1221"]	[]	"standard"	[13.9]	[]	[]	null	null	null	null	null	0
"GLUTAMINE--TRNA-LIGASE-RXN"	"GLUTAMINE--TRNA-LIGASE-RXN"	["GLNS-MONOMER"]	["GLN","ATP"]	"standard"	[2.62,2.8]	[114,110]	[]	null	null	null	null	null	0
"GLUTAMINE--TRNA-LIGASE-RXN_kcat_2.62"	"GLUTAMINE--TRNA-LIGASE-RXN"	["GLNS-MONOMER"]	[]	"standard"	[2.62]	[]	[]	null	null	null	null	null	0
"GLUTAMINE--TRNA-LIGASE-RXN_kcat_2.8"	"GLUTAMINE--TRNA-LIGASE-RXN"	["GLNS-MONOMER"]	[]	"standard"	[2.8]	[]	[]	null	null	null	null	null	0
"GLUTAMINE--TRNA-LIGASE-RXN_full_kcat_2.62"	"GLUTAMINE--TRNA-LIGASE-RXN"	["GLNS-MONOMER"]	["GLN","ATP"]	"standard"	[2.62]	[114,110]	[]	null	null	null	null	null	0
"GLUTAMINE--TRNA-LIGASE-RXN_full_kcat_2.8"	"GLUTAMINE--TRNA-LIGASE-RXN"	["GLNS-MONOMER"]	["GLN","ATP"]	"standard"	[2.8]	[114,110]	[]	null	null	null	null	null	0
"GLUTAMINE--TRNA-LIGASE-RXN_2"	"GLUTAMINE--TRNA-LIGASE-RXN"	["GLNS-MONOMER"]	["GLN"]	"standard"	[3.2]	[260]	[]	null	null	null	null	null	0
"GLUTAMINE--TRNA-LIGASE-RXN_2_kcat_3.2"	"GLUTAMINE--TRNA-LIGASE-RXN"	["GLNS-MONOMER"]	[]	"standard"	[3.2]	[]	[]	null	null	null	null	null	0
"GKI-RXN"	"GKI-RXN"	["GKI-MONOMER"]	["ATP","GLYCERATE"]	"standard"	[2.5]	[61,51]	[]	null	null	null	null	null	0
"GKI-RXN_kcat_2.5"	"GKI-RXN"	["GKI-MONOMER"]	[]	"standard"	[2.5]	[]	[]	null	null	null	null	null	0
"MMUM-RXN"	"MMUM-RXN"	["MMUM-MONOMER"]	["HOMO-CYS"]	"standard"	[0.38]	[45]	[]	null	null	null	null	null	0
"MMUM-RXN_kcat_0.38"	"MMUM-RXN"	["MMUM-MONOMER"]	[]	"standard"	[0.38]	[]	[]	null	null	null	null	null	0
"ADENYLOSUCCINATE-SYNTHASE-RXN"	"ADENYLOSUCCINATE-SYNTHASE-RXN"	["ADENYLOSUCCINATE-SYN-DIMER"]	["GTP"]	"standard"	[1.4]	[]	[]	null	null	null	null	null	1
"SUCCCOASYN-RXN"	"SUCCCOASYN-RXN"	["SUCCCOASYN"]	["SUC","GTP","CO-A"]	"standard"	[24.5]	[250,70,394]	[]	null	null	null	null	null	0
"SUCCCOASYN-RXN_kcat_24.5"	"SUCCCOASYN-RXN"	["SUCCCOASYN"]	[]	"standard"	[24.5]	[]	[]	null	null	null	null	null	0
"SUCCCOASYN-RXN_2"	"SUCCCOASYN-RXN"	["SUCCCOASYN"]	["SUC","ATP","CO-A"]	"standard"	[44.7]	[250,70,4]	[]	null	null	null	null	null	0
"SUCCCOASYN-RXN_2_kcat_44.7"	"SUCCCOASYN-RXN"	["SUCCCOASYN"]	[]	"standard"	[44.7]	[]	[]	null	null	null	null	null	0
"LYSINE--TRNA-LIGASE-RXN"	"LYSINE--TRNA-LIGASE-RXN"	["LYSS-CPLX"]	["LYS"]	"standard"	[6.1]	[2.7]	[]	null	null	null	null	null	0
"LYSINE--TRNA-LIGASE-RXN_kcat_6.1"	"LYSINE--TRNA-LIGASE-RXN"	["LYSS-CPLX"]	[]	"standard"	[6.1]	[]	[]	null	null	null	null	null	0
"RXN0-268"	"RXN0-268"	["G7517-MONOMER"]	["PROPIONYL-COA"]	"standard"	[0.72]	[7.1]	[]	null	null	null	null	null	0
"RXN0-268_kcat_0.72"	"RXN0-268"	["G7517-MONOMER"]	[]	"standard"	[0.72]	[]	[]	null	null	null	null	null	0
"GLYOHMETRANS-RXN"	"GLYOHMETRANS-RXN"	["GLYOHMETRANS-CPLX"]	["SER"]	"standard"	[0.217]	[]	[]	null	null	null	null	null	0
"NAD-KIN-RXN"	"NAD-KIN-RXN"	["CPLX0-682"]	["NAD","ATP"]	"standard"	[125,55]	[2000,2500]	[]	null	null	null	null	null	0
"NAD-KIN-RXN_kcat_125"	"NAD-KIN-RXN"	["CPLX0-682"]	[]	"standard"	[125]	[]	[]	null	null	null	null	null	0
"NAD-KIN-RXN_kcat_55"	"NAD-KIN-RXN"	["CPLX0-682"]	[]	"standard"	[55]	[]	[]	null	null	null	null	null	0
"NAD-KIN-RXN_full_kcat_125"	"NAD-KIN-RXN"	["CPLX0-682"]	["NAD","ATP"]	"standard"	[125]	[2000,2500]	[]	null	null	null	null	null	0
"NAD-KIN-RXN_full_kcat_55"	"NAD-KIN-RXN"	["CPLX0-682"]	["NAD","ATP"]	"standard"	[55]	[2000,2500]	[]	null	null	null	null	null	0
"GTP-CYCLOHYDRO-II-RXN_2"	"GTP-CYCLOHYDRO-II-RXN"	["GTP-CYCLOHYDRO-II-CPLX"]	["GTP"]	"standard"	[0.064]	[]	[]	null	null	null	null	null	0
"RXN-11601"	"RXN-11601"	["EG11247-MONOMER"]	["S-ADENOSYLMETHIONINE"]	"standard"	[0.06]	[26]	[]	null	null	null	null	null	0
"RXN-11601_kcat_0.06"	"RXN-11601"	["EG11247-MONOMER"]	[]	"standard"	[0.06]	[]	[]	null	null	null	null	null	0
"PROLINE--TRNA-LIGASE-RXN"	"PROLINE--TRNA-LIGASE-RXN"	["PROS-CPLX"]	["PRO"]	"standard"	[14]	[290]	[]	null	null	null	null	null	0
"PROLINE--TRNA-LIGASE-RXN_kcat_14"	"PROLINE--TRNA-LIGASE-RXN"	["PROS-CPLX"]	[]	"standard"	[14]	[]	[]	null	null	null	null	null	0
"CYSTEINE--TRNA-LIGASE-RXN"	"CYSTEINE--TRNA-LIGASE-RXN"	["PROS-CPLX"]	["CYS"]	"standard"	[0.022]	[170]	[]	null	null	null	null	null	0
"CYSTEINE--TRNA-LIGASE-RXN_kcat_0.022"	"CYSTEINE--TRNA-LIGASE-RXN"	["PROS-CPLX"]	[]	"standard"	[0.022]	[]	[]	null	null	null	null	null	0
"S-ADENMETSYN-RXN"	"S-ADENMETSYN-RXN"	["S-ADENMETSYN-CPLX"]	["S-ADENOSYLMETHIONINE"]	"standard"	[1.2]	[13]	[]	null	null	null	null	null	0
"S-ADENMETSYN-RXN_kcat_1.2"	"S-ADENMETSYN-RXN"	["S-ADENMETSYN-CPLX"]	[]	"standard"	[1.2]	[]	[]	null	null	null	null	null	1
"RXN-11845"	"RXN-11845"	["EG11507-MONOMER"]	["S-ADENOSYLMETHIONINE"]	"standard"	[0.001]	[3.7]	[]	null	null	null	null	null	0
"RXN-11845_kcat_0.001"	"RXN-11845"	["EG11507-MONOMER"]	[]	"standard"	[0.001]	[]	[]	null	null	null	null	null	0
"RXN0-5462_2"	"RXN0-5462"	["G7841-MONOMER"]	["GTP"]	"standard"	[0.002616667]	[120]	[]	null	null	null	null	null	0
"RXN0-5462_2_kcat_0.002616667"	"RXN0-5462"	["G7841-MONOMER"]	[]	"standard"	[0.002616667]	[]	[]	null	null	null	null	null	0
"RXN0-2201"	"RXN0-2201"	["CPLX0-1962"]	["SER","NADP"]	"standard"	[4.2]	[40000,540]	[]	null	null	null	null	null	0
"RXN0-2201_kcat_4.2"	"RXN0-2201"	["CPLX0-1962"]	[]	"standard"	[4.2]	[]	[]	null	null	null	null	null	1
"SERINE-O-ACETTRAN-RXN"	"SERINE-O-ACETTRAN-RXN"	["CPLX0-237"]	["ACETYL-COA","SER"]	"standard"	[427]	[200,1170]	[]	null	null	null	null	null	0
"SERINE-O-ACETTRAN-RXN_kcat_427"	"SERINE-O-ACETTRAN-RXN"	["CPLX0-237"]	[]	"standard"	[427]	[]	[]	null	null	null	null	null	0
"SHIKIMATE-5-DEHYDROGENASE-RXN"	"SHIKIMATE-5-DEHYDROGENASE-RXN"	["AROE-MONOMER"]	["SHIKIMATE","NADP"]	"standard"	[236.67]	[65,56]	[]	null	null	null	null	null	0
"SHIKIMATE-5-DEHYDROGENASE-RXN_kcat_236.67"	"SHIKIMATE-5-DEHYDROGENASE-RXN"	["AROE-MONOMER"]	[]	"standard"	[236.67]	[]	[]	null	null	null	null	null	1
"RXN-7968"	"RXN-7968"	["CPLX0-7462"]	["SHIKIMATE","NADP"]	"standard"	[0.12]	[120,100]	[]	null	null	null	null	null	0
"RXN-7968_kcat_0.12"	"RXN-7968"	["CPLX0-7462"]	[]	"standard"	[0.12]	[]	[]	null	null	null	null	null	0
"RXN-7968_2"	"RXN-7968"	["CPLX0-7462"]	["SHIKIMATE","NAD"]	"standard"	[0.05]	[20,87]	[]	null	null	null	null	null	0
"RXN-7968_2_kcat_0.05"	"RXN-7968"	["CPLX0-7462"]	[]	"standard"	[0.05]	[]	[]	null	null	null	null	null	0
"CARBPSYN-RXN"	"CARBPSYN-RXN"	["CARBPSYN-CPLX"]	["GLN","ATP"]	"standard"	[9.4,6.8]	[170,50]	[]	null	null	null	null	null	0
"CARBPSYN-RXN_kcat_9.4"	"CARBPSYN-RXN"	["CARBPSYN-CPLX"]	[]	"standard"	[9.4]	[]	[]	null	null	null	null	null	1
"CARBPSYN-RXN_kcat_6.8"	"CARBPSYN-RXN"	["CARBPSYN-CPLX"]	[]	"standard"	[6.8]	[]	[]	null	null	null	null	null	0
"CARBPSYN-RXN_full_kcat_9.4"	"CARBPSYN-RXN"	["CARBPSYN-CPLX"]	["GLN","ATP"]	"standard"	[9.4]	[170,50]	[]	null	null	null	null	null	0
"CARBPSYN-RXN_full_kcat_6.8"	"CARBPSYN-RXN"	["CARBPSYN-CPLX"]	["GLN","ATP"]	"standard"	[6.8]	[170,50]	[]	null	null	null	null	null	0
"VALINE--TRNA-LIGASE-RXN"	"VALINE--TRNA-LIGASE-RXN"	["VALS-MONOMER"]	["VAL"]	"standard"	[13.9]	[4.3]	[]	null	null	null	null	null	0
"VALINE--TRNA-LIGASE-RXN_kcat_13.9"	"VALINE--TRNA-LIGASE-RXN"	["VALS-MONOMER"]	[]	"standard"	[13.9]	[]	[]	null	null	null	null	null	0
"RXN-15125"	"RXN-15125"	["LSERINEDEAM1-MONOMER"]	["SER"]	"standard"	[436]	[2670]	[]	null	null	null	null	null	0
"RXN-15125_kcat_436"	"RXN-15125"	["LSERINEDEAM1-MONOMER"]	[]	"standard"	[436]	[]	[]	null	null	null	null	null	0
"ASPARTATE--TRNA-LIGASE-RXN"	"ASPARTATE--TRNA-LIGASE-RXN"	["ASPS-CPLX"]	["ATP","L-ASPARTATE"]	"standard"	[12,30]	[91,130]	[]	null	null	null	null	null	0
"ASPARTATE--TRNA-LIGASE-RXN_kcat_12"	"ASPARTATE--TRNA-LIGASE-RXN"	["ASPS-CPLX"]	[]	"standard"	[12]	[]	[]	null	null	null	null	null	0
"ASPARTATE--TRNA-LIGASE-RXN_kcat_30"	"ASPARTATE--TRNA-LIGASE-RXN"	["ASPS-CPLX"]	[]	"standard"	[30]	[]	[]	null	null	null	null	null	0
"ASPARTATE--TRNA-LIGASE-RXN_full_kcat_12"	"ASPARTATE--TRNA-LIGASE-RXN"	["ASPS-CPLX"]	["ATP","L-ASPARTATE"]	"standard"	[12]	[91,130]	[]	null	null	null	null	null	0
"ASPARTATE--TRNA-LIGASE-RXN_full_kcat_30"	"ASPARTATE--TRNA-LIGASE-RXN"	["ASPS-CPLX"]	["ATP","L-ASPARTATE"]	"standard"	[30]	[91,130]	[]	null	null	null	null	null	0
"LYSINE--TRNA-LIGASE-RXN_2"	"LYSINE--TRNA-LIGASE-RXN"	["LYSS-CPLX"]	["LYS","ATP"]	"standard"	[1.8,3.4]	[2.6,12]	[]	null	null	null	null	null	0
"LYSINE--TRNA-LIGASE-RXN_2_kcat_1.8"	"LYSINE--TRNA-LIGASE-RXN"	["LYSS-CPLX"]	[]	"standard"	[1.8]	[]	[]	null	null	null	null	null	0
"LYSINE--TRNA-LIGASE-RXN_2_kcat_3.4"	"LYSINE--TRNA-LIGASE-RXN"	["LYSS-CPLX"]	[]	"standard"	[3.4]	[]	[]	null	null	null	null	null	0
"LYSINE--TRNA-LIGASE-RXN_2_full_kcat_1.8"	"LYSINE--TRNA-LIGASE-RXN"	["LYSS-CPLX"]	["LYS","ATP"]	"standard"	[1.8]	[2.6,12]	[]	null	null	null	null	null	0
"LYSINE--TRNA-LIGASE-RXN_2_full_kcat_3.4"	"LYSINE--TRNA-LIGASE-RXN"	["LYSS-CPLX"]	["LYS","ATP"]	"standard"	[3.4]	[2.6,12]	[]	null	null	null	null	null	0
"2.7.7.60-RXN"	"2.7.7.60-RXN"	["CPLX0-234"]	["CTP"]	"custom"	[54.1]	[760]	[]	"kcat*E*S/(S+Km+(S**2/Ki))"	["kcat","Km","Ki","E","S"]	["kcat","Km","Ki"]	[54.1,760,19600]	{"E":"CPLX0-234","S":"CTP"}	0
"2.7.7.60-RXN_kcat_54.1"	"2.7.7.60-RXN"	["CPLX0-234"]	[]	"custom"	[54.1]	[]	[]	"kcat*E*S/(S+Km+(S**2/Ki))"	["kcat","Km","Ki","E","S"]	["kcat","Km","Ki"]	[54.1,760,19600]	{"E":"CPLX0-234","S":"CTP"}	0
"5-NUCLEOTID-RXN"	"5-NUCLEOTID-RXN"	["EG12115-MONOMER"]	["UMP"]	"standard"	[34.2]	[660]	[]	null	null	null	null	null	0
"5-NUCLEOTID-RXN_kcat_34.2"	"5-NUCLEOTID-RXN"	["EG12115-MONOMER"]	[]	"standard"	[34.2]	[]	[]	null	null	null	null	null	0
"RXN0-3741"	"RXN0-3741"	["CPLX0-7625"]	["DGMP"]	"standard"	[0.2]	[47]	[]	null	null	null	null	null	0
"RXN0-3741_kcat_0.2"	"RXN0-3741"	["CPLX0-7625"]	[]	"standard"	[0.2]	[]	[]	null	null	null	null	null	0
"RXN-14142"	"RXN-14142"	["EG11817-MONOMER"]	["DGMP"]	"standard"	[8.04]	[280]	[]	null	null	null	null	null	0
"RXN-14142_kcat_8.04"	"RXN-14142"	["EG11817-MONOMER"]	[]	"standard"	[8.04]	[]	[]	null	null	null	null	null	0
"RXN-14161"	"RXN-14161"	["CPLX0-7625"]	["DAMP"]	"standard"	[0.3]	[12]	[]	null	null	null	null	null	0
"RXN-14161_kcat_0.3"	"RXN-14161"	["CPLX0-7625"]	[]	"standard"	[0.3]	[]	[]	null	null	null	null	null	0
"5-NUCLEOTID-RXN_2"	"5-NUCLEOTID-RXN"	["EG11817-MONOMER"]	["GMP"]	"standard"	[11]	[260]	[]	null	null	null	null	null	0
"5-NUCLEOTID-RXN_2_kcat_11"	"5-NUCLEOTID-RXN"	["EG11817-MONOMER"]	[]	"standard"	[11]	[]	[]	null	null	null	null	null	0
"5-NUCLEOTID-RXN_3"	"5-NUCLEOTID-RXN"	["EG11817-MONOMER"]	["AMP"]	"standard"	[4.9]	[320]	[]	null	null	null	null	null	0
"5-NUCLEOTID-RXN_3_kcat_4.9"	"5-NUCLEOTID-RXN"	["EG11817-MONOMER"]	[]	"standard"	[4.9]	[]	[]	null	null	null	null	null	0
"RXN-15125_2"	"RXN-15125"	["CPLX0-7622"]	["SER"]	"standard"	[544]	[4800]	[]	null	null	null	null	null	0
"RXN-15125_2_kcat_544"	"RXN-15125"	["CPLX0-7622"]	[]	"standard"	[544]	[]	[]	null	null	null	null	null	0
"RXN-15125_3"	"RXN-15125"	["LSERINEDEAM1-MONOMER"]	["SER"]	"standard"	[436]	[2670]	[]	null	null	null	null	null	0
"RXN-15125_3_kcat_436"	"RXN-15125"	["LSERINEDEAM1-MONOMER"]	[]	"standard"	[436]	[]	[]	null	null	null	null	null	0
"CTPSYN-RXN"	"CTPSYN-RXN"	["CTPSYN-CPLX"]	["GLN"]	"standard"	[6.1]	[354]	[]	null	null	null	null	null	0
"CTPSYN-RXN_kcat_6.1"	"CTPSYN-RXN"	["CTPSYN-CPLX"]	[]	"standard"	[6.1]	[]	[]	null	null	null	null	null	0
"RXN-7968_3"	"RXN-7968"	["CPLX0-7462"]	["SHIKIMATE","NAD"]	"standard"	[0.091,0.105]	[2.9,12.2]	[]	null	null	null	null	null	0
"RXN-7968_3_kcat_0.091"	"RXN-7968"	["CPLX0-7462"]	[]	"standard"	[0.091]	[]	[]	null	null	null	null	null	0
"RXN-7968_3_kcat_0.105"	"RXN-7968"	["CPLX0-7462"]	[]	"standard"	[0.105]	[]	[]	null	null	null	null	null	0
"RXN-7968_3_full_kcat_0.091"	"RXN-7968"	["CPLX0-7462"]	["SHIKIMATE","NAD"]	"standard"	[0.091]	[2.9,12.2]	[]	null	null	null	null	null	0
"RXN-7968_3_full_kcat_0.105"	"RXN-7968"	["CPLX0-7462"]	["SHIKIMATE","NAD"]	"standard"	[0.105]	[2.9,12.2]	[]	null	null	null	null	null	0
"LEUCINE--TRNA-LIGASE-RXN"	"LEUCINE--TRNA-LIGASE-RXN"	["LEUS-MONOMER"]	["LEU"]	"standard"	[11]	[15]	[]	null	null	null	null	null	0
"LEUCINE--TRNA-LIGASE-RXN_kcat_11"	"LEUCINE--TRNA-LIGASE-RXN"	["LEUS-MONOMER"]	[]	"standard"	[11]	[]	[]	null	null	null	null	null	0
"ISOLEUCINE--TRNA-LIGASE-RXN_6"	"ISOLEUCINE--TRNA-LIGASE-RXN"	["LEUS-MONOMER"]	["ILE"]	"standard"	[0.1]	[250]	[]	null	null	null	null	null	0
"ISOLEUCINE--TRNA-LIGASE-RXN_6_kcat_0.1"	"ISOLEUCINE--TRNA-LIGASE-RXN"	["LEUS-MONOMER"]	[]	"standard"	[0.1]	[]	[]	null	null	null	null	null	0
"RXN0-4022"	"RXN0-4022"	["CPLX0-3501"]	["NADPH"]	"standard"	[0.01]	[36]	[]	null	null	null	null	null	0
"RXN0-4022_kcat_0.01"	"RXN0-4022"	["CPLX0-3501"]	[]	"standard"	[0.01]	[]	[]	null	null	null	null	null	0
"TRNA-GUANINE-N7--METHYLTRANSFERASE-RXN"	"TRNA-GUANINE-N7--METHYLTRANSFERASE-RXN"	["EG11779-MONOMER"]	["S-ADENOSYLMETHIONINE"]	"standard"	[3.6]	[6]	[]	null	null	null	null	null	0
"TRNA-GUANINE-N7--METHYLTRANSFERASE-RXN_kcat_3.6"	"TRNA-GUANINE-N7--METHYLTRANSFERASE-RXN"	["EG11779-MONOMER"]	[]	"standard"	[3.6]	[]	[]	null	null	null	null	null	0
"ALARACECAT-RXN"	"ALARACECAT-RXN"	["ALARACEBIOSYN-MONOMER"]	["L-ALPHA-ALANINE"]	"standard"	[27.6]	[290]	[]	null	null	null	null	null	0
"ALARACECAT-RXN_kcat_27.6"	"ALARACECAT-RXN"	["ALARACEBIOSYN-MONOMER"]	[]	"standard"	[27.6]	[]	[]	null	null	null	null	null	1
"GLUTAMINESYN-RXN"	"GLUTAMINESYN-RXN"	["GLUTAMINESYN-OLIGOMER"]	["ATP","GLT"]	"standard"	[36]	[200,3300]	[]	null	null	null	null	null	0
"GLUTAMINESYN-RXN_kcat_36"	"GLUTAMINESYN-RXN"	["GLUTAMINESYN-OLIGOMER"]	[]	"standard"	[36]	[]	[]	null	null	null	null	null	0
"RXN-1961"	"RXN-1961"	["G6096-MONOMER"]	["ATP","LYS"]	"standard"	[0.0153,0.0702]	[220,380]	[]	null	null	null	null	null	0
"RXN-1961_kcat_0.0153"	"RXN-1961"	["G6096-MONOMER"]	[]	"standard"	[0.0153]	[]	[]	null	null	null	null	null	0
"RXN-1961_kcat_0.0702"	"RXN-1961"	["G6096-MONOMER"]	[]	"standard"	[0.0702]	[]	[]	null	null	null	null	null	0
"RXN-1961_full_kcat_0.0153"	"RXN-1961"	["G6096-MONOMER"]	["ATP","LYS"]	"standard"	[0.0153]	[220,380]	[]	null	null	null	null	null	0
"RXN-1961_full_kcat_0.0702"	"RXN-1961"	["G6096-MONOMER"]	["ATP","LYS"]	"standard"	[0.0702]	[220,380]	[]	null	null	null	null	null	0
"RXN-11109"	"RXN-11109"	["CPLX0-3927"]	["ATP"]	"standard"	[1.4]	[790]	[]	null	null	null	null	null	0
"RXN-11109_kcat_1.4"	"RXN-11109"	["CPLX0-3927"]	[]	"standard"	[1.4]	[]	[]	null	null	null	null	null	0
"RXN0-5387"	"RXN0-5387"	["G7868-MONOMER"]	["NADPH"]	"standard"	[6]	[170]	[]	null	null	null	null	null	0
"RXN0-5387_kcat_6"	"RXN0-5387"	["G7868-MONOMER"]	[]	"standard"	[6]	[]	[]	null	null	null	null	null	1
"GUANOSINE-DIPHOSPHATASE-RXN"	"GUANOSINE-DIPHOSPHATASE-RXN"	["G6580-MONOMER"]	["GDP"]	"standard"	[3.4]	[640]	[]	null	null	null	null	null	0
"GUANOSINE-DIPHOSPHATASE-RXN_kcat_3.4"	"GUANOSINE-DIPHOSPHATASE-RXN"	["G6580-MONOMER"]	[]	"standard"	[3.4]	[]	[]	null	null	null	null	null	0
"PROLINE--TRNA-LIGASE-RXN_2"	"PROLINE--TRNA-LIGASE-RXN"	["PROS-CPLX"]	["PRO"]	"standard"	[70]	[250]	[]	null	null	null	null	null	0
"PROLINE--TRNA-LIGASE-RXN_2_kcat_70"	"PROLINE--TRNA-LIGASE-RXN"	["PROS-CPLX"]	[]	"standard"	[70]	[]	[]	null	null	null	null	null	0
"GLUCOSE-1-PHOSPHAT-RXN"	"GLUCOSE-1-PHOSPHAT-RXN"	["EG11850-MONOMER"]	["ACETYL-P"]	"standard"	[2.7]	[3600]	[]	null	null	null	null	null	0
"GLUCOSE-1-PHOSPHAT-RXN_kcat_2.7"	"GLUCOSE-1-PHOSPHAT-RXN"	["EG11850-MONOMER"]	[]	"standard"	[2.7]	[]	[]	null	null	null	null	null	0
"5-NUCLEOTID-RXN_4"	"5-NUCLEOTID-RXN"	["EG12115-MONOMER"]	["UMP"]	"standard"	[25]	[2400]	[]	null	null	null	null	null	0
"5-NUCLEOTID-RXN_4_kcat_25"	"5-NUCLEOTID-RXN"	["EG12115-MONOMER"]	[]	"standard"	[25]	[]	[]	null	null	null	null	null	0
"5-NUCLEOTID-RXN_5"	"5-NUCLEOTID-RXN"	["EG12115-MONOMER"]	["AMP"]	"standard"	[1.3]	[1800]	[]	null	null	null	null	null	0
"5-NUCLEOTID-RXN_5_kcat_1.3"	"5-NUCLEOTID-RXN"	["EG12115-MONOMER"]	[]	"standard"	[1.3]	[]	[]	null	null	null	null	null	0
"5-NUCLEOTID-RXN_6"	"5-NUCLEOTID-RXN"	["EG12115-MONOMER"]	["DGMP"]	"standard"	[2.1]	[2800]	[]	null	null	null	null	null	0
"5-NUCLEOTID-RXN_6_kcat_2.1"	"5-NUCLEOTID-RXN"	["EG12115-MONOMER"]	[]	"standard"	[2.1]	[]	[]	null	null	null	null	null	0
"RXN-7609"	"RXN-7609"	["G7742-MONOMER"]	["GMP"]	"standard"	[5.5]	[1900]	[]	null	null	null	null	null	0
"RXN-7609_kcat_5.5"	"RXN-7609"	["G7742-MONOMER"]	[]	"standard"	[5.5]	[]	[]	null	null	null	null	null	0
"RXN0-5114"	"RXN0-5114"	["PSERPHOSPHA-MONOMER"]	["ACETYL-P"]	"standard"	[76]	[6200]	[]	null	null	null	null	null	0
"RXN0-5114_kcat_76"	"RXN0-5114"	["PSERPHOSPHA-MONOMER"]	[]	"standard"	[76]	[]	[]	null	null	null	null	null	0
"GPH-RXN"	"GPH-RXN"	["GPH-MONOMER"]	["ACETYL-P"]	"standard"	[8.9]	[8900]	[]	null	null	null	null	null	0
"GPH-RXN_kcat_8.9"	"GPH-RXN"	["GPH-MONOMER"]	[]	"standard"	[8.9]	[]	[]	null	null	null	null	null	0
"SUGAR-PHOSPHATASE-RXN"	"SUGAR-PHOSPHATASE-RXN"	["G6425-MONOMER"]	["ACETYL-P"]	"standard"	[101]	[4900]	[]	null	null	null	null	null	0
"SUGAR-PHOSPHATASE-RXN_kcat_101"	"SUGAR-PHOSPHATASE-RXN"	["G6425-MONOMER"]	[]	"standard"	[101]	[]	[]	null	null	null	null	null	0
"SUGAR-PHOSPHATASE-RXN_2"	"SUGAR-PHOSPHATASE-RXN"	["EG11195-MONOMER"]	["ACETYL-P"]	"standard"	[24]	[3900]	[]	null	null	null	null	null	0
"SUGAR-PHOSPHATASE-RXN_2_kcat_24"	"SUGAR-PHOSPHATASE-RXN"	["EG11195-MONOMER"]	[]	"standard"	[24]	[]	[]	null	null	null	null	null	0
"3.1.3.74-RXN"	"3.1.3.74-RXN"	["EG11239-MONOMER"]	["PYRIDOXAL_PHOSPHATE"]	"standard"	[1]	[370]	[]	null	null	null	null	null	0
"3.1.3.74-RXN_kcat_1"	"3.1.3.74-RXN"	["EG11239-MONOMER"]	[]	"standard"	[1]	[]	[]	null	null	null	null	null	0
"F16BDEPHOS-RXN"	"F16BDEPHOS-RXN"	["EG11239-MONOMER"]	["FRUCTOSE-16-DIPHOSPHATE"]	"standard"	[5.3]	[2400]	[]	null	null	null	null	null	0
"F16BDEPHOS-RXN_kcat_5.3"	"F16BDEPHOS-RXN"	["EG11239-MONOMER"]	[]	"standard"	[5.3]	[]	[]	null	null	null	null	null	0
"3.1.3.74-RXN_2"	"3.1.3.74-RXN"	["EG11470-MONOMER"]	["PYRIDOXAL_PHOSPHATE"]	"standard"	[12]	[1500]	[]	null	null	null	null	null	0
"3.1.3.74-RXN_2_kcat_12"	"3.1.3.74-RXN"	["EG11470-MONOMER"]	[]	"standard"	[12]	[]	[]	null	null	null	null	null	0
"3.1.3.74-RXN_3"	"3.1.3.74-RXN"	["G6246-MONOMER"]	["PYRIDOXAL_PHOSPHATE"]	"standard"	[0.58]	[680]	[]	null	null	null	null	null	0
"3.1.3.74-RXN_3_kcat_0.58"	"3.1.3.74-RXN"	["G6246-MONOMER"]	[]	"standard"	[0.58]	[]	[]	null	null	null	null	null	0
"RXN0-4361"	"RXN0-4361"	["EG11736-MONOMER"]	["FRUCTOSE-16-DIPHOSPHATE"]	"standard"	[0.19]	[420]	[]	null	null	null	null	null	0
"RXN0-4361_kcat_0.19"	"RXN0-4361"	["EG11736-MONOMER"]	[]	"standard"	[0.19]	[]	[]	null	null	null	null	null	0
"ISOCHORSYN-RXN_2"	"ISOCHORSYN-RXN"	["MENF-CPLX"]	["CHORISMATE"]	"standard"	[3.55]	[192]	[]	null	null	null	null	null	0
"ISOCHORSYN-RXN_2_kcat_3.55"	"ISOCHORSYN-RXN"	["MENF-CPLX"]	[]	"standard"	[3.55]	[]	[]	null	null	null	null	null	0
"ISOLEUCINE--TRNA-LIGASE-RXN_7"	"ISOLEUCINE--TRNA-LIGASE-RXN"	["LEUS-MONOMER"]	["ILE"]	"standard"	[0.51]	[140]	[]	null	null	null	null	null	0
"ISOLEUCINE--TRNA-LIGASE-RXN_7_kcat_0.51"	"ISOLEUCINE--TRNA-LIGASE-RXN"	["LEUS-MONOMER"]	[]	"standard"	[0.51]	[]	[]	null	null	null	null	null	0
"1.1.1.39-RXN"	"1.1.1.39-RXN"	["MALIC-NAD-CPLX"]	["MAL","NAD"]	"standard"	[82.7]	[660,68.8]	[]	null	null	null	null	null	0
"1.1.1.39-RXN_kcat_82.7"	"1.1.1.39-RXN"	["MALIC-NAD-CPLX"]	[]	"standard"	[82.7]	[]	[]	null	null	null	null	null	0
"MALIC-NADP-RXN"	"MALIC-NADP-RXN"	["MALIC-NAD-CPLX"]	["MAL","NADP"]	"standard"	[12.4]	[660,1000]	[]	null	null	null	null	null	0
"MALIC-NADP-RXN_kcat_12.4"	"MALIC-NADP-RXN"	["MALIC-NAD-CPLX"]	[]	"standard"	[12.4]	[]	[]	null	null	null	null	null	0
"MALIC-NADP-RXN_2"	"MALIC-NADP-RXN"	["MALIC-NADP-CPLX"]	["MAL","NADP"]	"standard"	[66.6]	[3410,41.5]	[]	null	null	null	null	null	0
"MALIC-NADP-RXN_2_kcat_66.6"	"MALIC-NADP-RXN"	["MALIC-NADP-CPLX"]	[]	"standard"	[66.6]	[]	[]	null	null	null	null	null	0
"GLUTRACE-RXN"	"GLUTRACE-RXN"	["GLUTRACE-MONOMER"]	["GLT"]	"standard"	[12.17]	[1200]	[]	null	null	null	null	null	0
"GLUTRACE-RXN_kcat_12.17"	"GLUTRACE-RXN"	["GLUTRACE-MONOMER"]	[]	"standard"	[12.17]	[]	[]	null	null	null	null	null	1
"SUCCCOASYN-RXN_3"	"SUCCCOASYN-RXN"	["SUCCCOASYN"]	["SUC","CO-A","ATP"]	"standard"	[44.73]	[250,4,70]	[]	null	null	null	null	null	0
"SUCCCOASYN-RXN_3_kcat_44.73"	"SUCCCOASYN-RXN"	["SUCCCOASYN"]	[]	"standard"	[44.73]	[]	[]	null	null	null	null	null	0
"RXN0-384"	"RXN0-384"	["H2NEOPTERINP3PYROPHOSPHOHYDRO-MONOMER"]	["DATP"]	"standard"	[4.59]	[790]	[]	null	null	null	null	null	0
"RXN0-384_kcat_4.59"	"RXN0-384"	["H2NEOPTERINP3PYROPHOSPHOHYDRO-MONOMER"]	[]	"standard"	[4.59]	[]	[]	null	null	null	null	null	0
"RHAMNULPALDOL-RXN"	"RHAMNULPALDOL-RXN"	["RHAMNULPALDOL-CPLX"]	["DIHYDROXY-ACETONE-PHOSPHATE"]	"standard"	[9.1]	[2000]	[]	null	null	null	null	null	0
"RHAMNULPALDOL-RXN_kcat_9.1"	"RHAMNULPALDOL-RXN"	["RHAMNULPALDOL-CPLX"]	[]	"standard"	[9.1]	[]	[]	null	null	null	null	null	0
"DIENOYLCOAREDUCT-RXN"	"DIENOYLCOAREDUCT-RXN"	["DIENOYLCOAREDUCT-MONOMER"]	["NADPH"]	"standard"	[9.5]	[0.8]	[]	null	null	null	null	null	0
"DIENOYLCOAREDUCT-RXN_kcat_9.5"	"DIENOYLCOAREDUCT-RXN"	["DIENOYLCOAREDUCT-MONOMER"]	[]	"standard"	[9.5]	[]	[]	null	null	null	null	null	0
"CTPSYN-RXN_2"	"CTPSYN-RXN"	["CTPSYN-CPLX"]	["GLN"]	"standard"	[6.1]	[350]	[]	null	null	null	null	null	0
"CTPSYN-RXN_2_kcat_6.1"	"CTPSYN-RXN"	["CTPSYN-CPLX"]	[]	"standard"	[6.1]	[]	[]	null	null	null	null	null	0
"RXN0-3741_2"	"RXN0-3741"	["G7230-MONOMER"]	["GMP"]	"standard"	[0.69]	[379.8]	[]	null	null	null	null	null	0
"RXN0-3741_2_kcat_0.69"	"RXN0-3741"	["G7230-MONOMER"]	[]	"standard"	[0.69]	[]	[]	null	null	null	null	null	0
"RXN0-3741_3"	"RXN0-3741"	["G7230-MONOMER"]	["DGMP"]	"standard"	[1.6]	[64.7]	[]	null	null	null	null	null	0
"RXN0-3741_3_kcat_1.6"	"RXN0-3741"	["G7230-MONOMER"]	[]	"standard"	[1.6]	[]	[]	null	null	null	null	null	0
"RXN0-3741[CCO-CYTOSOL]-DAMP/WATER//DEOXYADENOSINE/Pi.43."	"RXN0-3741[CCO-CYTOSOL]-DAMP/WATER//DEOXYADENOSINE/Pi.43."	["G7230-MONOMER"]	["DAMP"]	"standard"	[2.28]	[118.9]	[]	null	null	null	null	null	0
"RXN0-3741[CCO-CYTOSOL]-DAMP/WATER//DEOXYADENOSINE/Pi.43._kcat_2.28"	"RXN0-3741[CCO-CYTOSOL]-DAMP/WATER//DEOXYADENOSINE/Pi.43."	["G7230-MONOMER"]	[]	"standard"	[2.28]	[]	[]	null	null	null	null	null	0
"RXN-14161_2"	"RXN-14161"	["G7185-MONOMER"]	["DAMP"]	"standard"	[0.14]	[17]	[]	null	null	null	null	null	0
"RXN-14161_2_kcat_0.14"	"RXN-14161"	["G7185-MONOMER"]	[]	"standard"	[0.14]	[]	[]	null	null	null	null	null	0
"RXN0-5387_2"	"RXN0-5387"	["G7868-MONOMER"]	["NADPH"]	"standard"	[34.2]	[65.6]	[]	null	null	null	null	null	0
"RXN0-5387_2_kcat_34.2"	"RXN0-5387"	["G7868-MONOMER"]	[]	"standard"	[34.2]	[]	[]	null	null	null	null	null	0
"CARBPSYN-RXN_2"	"CARBPSYN-RXN"	["CARBPSYN-CPLX"]	["ATP"]	"standard"	[4.79]	[44]	[]	null	null	null	null	null	0
"CARBPSYN-RXN_2_kcat_4.79"	"CARBPSYN-RXN"	["CARBPSYN-CPLX"]	[]	"standard"	[4.79]	[]	[]	null	null	null	null	null	0
"CARBPSYN-RXN_3"	"CARBPSYN-RXN"	["CARBPSYN-CPLX"]	["GLN"]	"standard"	[2.13]	[130]	[]	null	null	null	null	null	0
"CARBPSYN-RXN_3_kcat_2.13"	"CARBPSYN-RXN"	["CARBPSYN-CPLX"]	[]	"standard"	[2.13]	[]	[]	null	null	null	null	null	0
"GLUTAMINE--TRNA-LIGASE-RXN_3"	"GLUTAMINE--TRNA-LIGASE-RXN"	["GLNS-MONOMER"]	["GLN"]	"standard"	[3.2]	[260]	[]	null	null	null	null	null	0
"GLUTAMINE--TRNA-LIGASE-RXN_3_kcat_3.2"	"GLUTAMINE--TRNA-LIGASE-RXN"	["GLNS-MONOMER"]	[]	"standard"	[3.2]	[]	[]	null	null	null	null	null	0
"2.5.1.19-RXN"	"2.5.1.19-RXN"	["AROA-MONOMER"]	["PHOSPHO-ENOL-PYRUVATE"]	"standard"	[26.4]	[100]	[]	null	null	null	null	null	0
"2.5.1.19-RXN_kcat_26.4"	"2.5.1.19-RXN"	["AROA-MONOMER"]	[]	"standard"	[26.4]	[]	[]	null	null	null	null	null	0
"F16BDEPHOS-RXN_2"	"F16BDEPHOS-RXN"	["F16B-CPLX"]	["FRUCTOSE-16-DIPHOSPHATE"]	"standard"	[14.6]	[20]	[]	null	null	null	null	null	0
"F16BDEPHOS-RXN_2_kcat_14.6"	"F16BDEPHOS-RXN"	["F16B-CPLX"]	[]	"standard"	[14.6]	[]	[]	null	null	null	null	null	0
"F16BDEPHOS-RXN_3"	"F16BDEPHOS-RXN"	["EG11736-MONOMER"]	["FRUCTOSE-16-DIPHOSPHATE"]	"standard"	[0.2]	[400]	[]	null	null	null	null	null	0
"F16BDEPHOS-RXN_3_kcat_0.2"	"F16BDEPHOS-RXN"	["EG11736-MONOMER"]	[]	"standard"	[0.2]	[]	[]	null	null	null	null	null	0
"F16BDEPHOS-RXN_4"	"F16BDEPHOS-RXN"	["EG11239-MONOMER"]	["FRUCTOSE-16-DIPHOSPHATE"]	"standard"	[5.3]	[2400]	[]	null	null	null	null	null	0
"F16BDEPHOS-RXN_4_kcat_5.3"	"F16BDEPHOS-RXN"	["EG11239-MONOMER"]	[]	"standard"	[5.3]	[]	[]	null	null	null	null	null	0
"MALONYL-COA-ACP-TRANSACYL-RXN"	"MALONYL-COA-ACP-TRANSACYL-RXN"	["MALONYL-COA-ACP-TRANSACYL-MONOMER"]	["MALONYL-COA"]	"standard"	[0.00047]	[49]	[]	null	null	null	null	null	0
"MALONYL-COA-ACP-TRANSACYL-RXN_kcat_0.00047"	"MALONYL-COA-ACP-TRANSACYL-RXN"	["MALONYL-COA-ACP-TRANSACYL-MONOMER"]	[]	"standard"	[0.00047]	[]	[]	null	null	null	null	null	0
"GLUTDECARBOX-RXN"	"GLUTDECARBOX-RXN"	["GLUTDECARBOXB-CPLX"]	["GLT"]	"standard"	[24.85]	[2320]	[]	null	null	null	null	null	0
"GLUTDECARBOX-RXN_kcat_24.85"	"GLUTDECARBOX-RXN"	["GLUTDECARBOXB-CPLX"]	[]	"standard"	[24.85]	[]	[]	null	null	null	null	null	0
"ALANINE--TRNA-LIGASE-RXN-ALA-tRNAs/L-ALPHA-ALANINE/ATP/PROTON//Charged-ALA-tRNAs/AMP/PPI.64._2"	"ALANINE--TRNA-LIGASE-RXN-ALA-tRNAs/L-ALPHA-ALANINE/ATP/PROTON//Charged-ALA-tRNAs/AMP/PPI.64."	["ALAS-CPLX"]	["L-ALPHA-ALANINE"]	"standard"	[1.2]	[50]	[]	null	null	null	null	null	0
"ALANINE--TRNA-LIGASE-RXN-ALA-tRNAs/L-ALPHA-ALANINE/ATP/PROTON//Charged-ALA-tRNAs/AMP/PPI.64._2_kcat_1.2"	"ALANINE--TRNA-LIGASE-RXN-ALA-tRNAs/L-ALPHA-ALANINE/ATP/PROTON//Charged-ALA-tRNAs/AMP/PPI.64."	["ALAS-CPLX"]	[]	"standard"	[1.2]	[]	[]	null	null	null	null	null	0
"ISOCHORSYN-RXN_3"	"ISOCHORSYN-RXN"	["ENTC-MONOMER"]	["CHORISMATE"]	"standard"	[0.617]	[7]	[]	null	null	null	null	null	0
"ISOCHORSYN-RXN_3_kcat_0.617"	"ISOCHORSYN-RXN"	["ENTC-MONOMER"]	[]	"standard"	[0.617]	[]	[]	null	null	null	null	null	0
"PABASYN-RXN"	"PABASYN-RXN"	["PABASYN-CPLX"]	["GLN"]	"standard"	[0.67]	[520]	[]	null	null	null	null	null	0
"PABASYN-RXN_kcat_0.67"	"PABASYN-RXN"	["PABASYN-CPLX"]	[]	"standard"	[0.67]	[]	[]	null	null	null	null	null	0
"CHORISMATEMUT-RXN"	"CHORISMATEMUT-RXN"	["CHORISMUTPREPHENDEHYDRAT-CPLX"]	[]	"standard"	[50]	[]	[]	null	null	null	null	null	0
"ANTHRANSYN-RXN"	"ANTHRANSYN-RXN"	["ANTHRANSYN-CPLX"]	["GLN"]	"standard"	[138]	[2500]	[]	null	null	null	null	null	0
"ANTHRANSYN-RXN_kcat_138"	"ANTHRANSYN-RXN"	["ANTHRANSYN-CPLX"]	[]	"standard"	[138]	[]	[]	null	null	null	null	null	0
"CARBPSYN-RXN_4"	"CARBPSYN-RXN"	["CARBPSYN-CPLX"]	["ADP"]	"standard"	[0.13]	[130]	[]	null	null	null	null	null	0
"CARBPSYN-RXN_4_kcat_0.13"	"CARBPSYN-RXN"	["CARBPSYN-CPLX"]	[]	"standard"	[0.13]	[]	[]	null	null	null	null	null	0
"L-GLN-FRUCT-6-P-AMINOTRANS-RXN"	"L-GLN-FRUCT-6-P-AMINOTRANS-RXN"	["L-GLN-FRUCT-6-P-AMINOTRANS-CPLX"]	["GLT"]	"standard"	[12]	[230]	[]	null	null	null	null	null	0
"L-GLN-FRUCT-6-P-AMINOTRANS-RXN_kcat_12"	"L-GLN-FRUCT-6-P-AMINOTRANS-RXN"	["L-GLN-FRUCT-6-P-AMINOTRANS-CPLX"]	[]	"standard"	[12]	[]	[]	null	null	null	null	null	0
"VALINE--TRNA-LIGASE-RXN_2"	"VALINE--TRNA-LIGASE-RXN"	["VALS-MONOMER"]	["ATP"]	"standard"	[12.9]	[9400]	[]	null	null	null	null	null	0
"VALINE--TRNA-LIGASE-RXN_2_kcat_12.9"	"VALINE--TRNA-LIGASE-RXN"	["VALS-MONOMER"]	[]	"standard"	[12.9]	[]	[]	null	null	null	null	null	0
"RXN-11592"	"RXN-11592"	["CPLX0-7423"]	["S-ADENOSYLMETHIONINE"]	"standard"	[0.10666668]	[27]	[]	null	null	null	null	null	0
"RXN-11592_kcat_0.10666668"	"RXN-11592"	["CPLX0-7423"]	[]	"standard"	[0.10666668]	[]	[]	null	null	null	null	null	0
"CYTDEAM-RXN_2"	"CYTDEAM-RXN"	["CPLX0-7932"]	["CYTOSINE"]	"standard"	[45]	[302]	[]	null	null	null	null	null	0
"CYTDEAM-RXN_2_kcat_45"	"CYTDEAM-RXN"	["CPLX0-7932"]	[]	"standard"	[45]	[]	[]	null	null	null	null	null	0
"UDPNACETYLGLUCOSAMENOLPYRTRANS-RXN"	"UDPNACETYLGLUCOSAMENOLPYRTRANS-RXN"	["UDPNACETYLGLUCOSAMENOLPYRTRANS-MONOMER"]	["UDP-N-ACETYL-D-GLUCOSAMINE","PHOSPHO-ENOL-PYRUVATE"]	"standard"	[3.8]	[15,0.4]	[]	null	null	null	null	null	0
"UDPNACETYLGLUCOSAMENOLPYRTRANS-RXN_kcat_3.8"	"UDPNACETYLGLUCOSAMENOLPYRTRANS-RXN"	["UDPNACETYLGLUCOSAMENOLPYRTRANS-MONOMER"]	[]	"standard"	[3.8]	[]	[]	null	null	null	null	null	1
"RXN0-5462_3"	"RXN0-5462"	["CPLX0-3561"]	["GTP"]	"standard"	[0.0028]	[4]	[]	null	null	null	null	null	0
"RXN0-5462_3_kcat_0.0028"	"RXN0-5462"	["CPLX0-3561"]	[]	"standard"	[0.0028]	[]	[]	null	null	null	null	null	0
"RXN0-5462_4"	"RXN0-5462"	["EG12104-MONOMER"]	["GTP"]	"standard"	[0.0053]	[49]	[]	null	null	null	null	null	0
"RXN0-5462_4_kcat_0.0053"	"RXN0-5462"	["EG12104-MONOMER"]	[]	"standard"	[0.0053]	[]	[]	null	null	null	null	null	1
"RXN0-7075"	"RXN0-7075"	["CPLX0-8032"]	["ACETYL-COA"]	"standard"	[11]	[17]	[]	null	null	null	null	null	0
"RXN0-7075_kcat_11"	"RXN0-7075"	["CPLX0-8032"]	[]	"standard"	[11]	[]	[]	null	null	null	null	null	0
"SUCCCOASYN-RXN_4"	"SUCCCOASYN-RXN"	["SUCCCOASYN"]	["MAL"]	"standard"	[1.8]	[2558]	[]	null	null	null	null	null	0
"SUCCCOASYN-RXN_4_kcat_1.8"	"SUCCCOASYN-RXN"	["SUCCCOASYN"]	[]	"standard"	[1.8]	[]	[]	null	null	null	null	null	0
"SUCCCOASYN-RXN_5"	"SUCCCOASYN-RXN"	["SUCCCOASYN"]	["SUC"]	"standard"	[14.3]	[141]	[]	null	null	null	null	null	0
"SUCCCOASYN-RXN_5_kcat_14.3"	"SUCCCOASYN-RXN"	["SUCCCOASYN"]	[]	"standard"	[14.3]	[]	[]	null	null	null	null	null	0
"SUCCCOASYN-RXN_6"	"SUCCCOASYN-RXN"	["SUCCCOASYN"]	["ATP"]	"standard"	[19.6]	[55]	[]	null	null	null	null	null	0
"SUCCCOASYN-RXN_6_kcat_19.6"	"SUCCCOASYN-RXN"	["SUCCCOASYN"]	[]	"standard"	[19.6]	[]	[]	null	null	null	null	null	0
"SUCCCOASYN-RXN_7"	"SUCCCOASYN-RXN"	["SUCCCOASYN"]	["CO-A"]	"standard"	[26.7]	[58]	[]	null	null	null	null	null	0
"SUCCCOASYN-RXN_7_kcat_26.7"	"SUCCCOASYN-RXN"	["SUCCCOASYN"]	[]	"standard"	[26.7]	[]	[]	null	null	null	null	null	0
"RXN-14139"	"RXN-14139"	["CPLX0-8106"]	["CTP"]	"standard"	[18.2]	[105.9]	[]	null	null	null	null	null	0
"RXN-14139_kcat_18.2"	"RXN-14139"	["CPLX0-8106"]	[]	"standard"	[18.2]	[]	[]	null	null	null	null	null	0
"RXN0-5462_5"	"RXN0-5462"	["EG10021-MONOMER"]	["GTP"]	"standard"	[0.0006]	[50]	[]	null	null	null	null	null	0
"RXN0-5462_5_kcat_0.0006"	"RXN0-5462"	["EG10021-MONOMER"]	[]	"standard"	[0.0006]	[]	[]	null	null	null	null	null	0
"RXN0-7101"	"RXN0-7101"	["KDUD-MONOMER"]	["GLUCONATE","NAD"]	"standard"	[0.9716667,0.21]	[544800,285]	[]	null	null	null	null	null	0
"RXN0-7101_kcat_0.9716667"	"RXN0-7101"	["KDUD-MONOMER"]	[]	"standard"	[0.9716667]	[]	[]	null	null	null	null	null	0
"RXN0-7101_kcat_0.21"	"RXN0-7101"	["KDUD-MONOMER"]	[]	"standard"	[0.21]	[]	[]	null	null	null	null	null	0
"RXN0-7101_full_kcat_0.9716667"	"RXN0-7101"	["KDUD-MONOMER"]	["GLUCONATE","NAD"]	"standard"	[0.9716667]	[544800,285]	[]	null	null	null	null	null	0
"RXN0-7101_full_kcat_0.21"	"RXN0-7101"	["KDUD-MONOMER"]	["GLUCONATE","NAD"]	"standard"	[0.21]	[544800,285]	[]	null	null	null	null	null	0
"RXN-15943"	"RXN-15943"	["CPLX0-7820"]	["CO-A"]	"standard"	[127.6]	[]	[]	null	null	null	null	null	0
"DLACTDEHYDROGNAD-RXN"	"DLACTDEHYDROGNAD-RXN"	["CPLX0-8158"]	["NADH"]	"standard"	[640]	[]	[]	null	null	null	null	null	0