"TF"	"Target"	"log2 FC mean"	"log2 FC std"	"Regulation_direct"
"araC"	"araD"	-0.35	0	2
"araC"	"araA"	-0.7	0.04	2
"araC"	"araB"	-0.64	0.1	2
"araC"	"araJ"	0.37	0.14	1
"leuO"	"leuO"	6.16	2.46	3
"leuO"	"bglJ"	9.73	0	1
"leuO"	"bglF"	0.8	0.1	1
"leuO"	"cas2"	0.85	0.71	1
"leuO"	"cas1"	1.72	0.06	1
"leuO"	"casE"	2.11	0.15	1
"leuO"	"casD"	2.56	0.06	1
"leuO"	"casC"	2.43	0.98	1
"leuO"	"casB"	2.68	0.1	1
"leuO"	"casA"	3.21	0.94	1
"leuO"	"bglG"	1.55	0.6	1
"phoB"	"phoB"	3.52	1.74	1
"phoB"	"phnF"	3.66	0.96	1
"phoB"	"phoE"	4.55	0.83	1
"phoB"	"phoA"	4.9	0.09	1
"phoB"	"ugpQ"	1.21	0.22	3
"phoB"	"ugpC"	1.24	0.35	3
"phoB"	"ugpE"	1.35	0.06	3
"phoB"	"ugpA"	1.57	0.22	4
"phoB"	"ugpB"	2.67	0.4	3
"phoB"	"pstB"	3.56	0.15	1
"phoB"	"pstA"	3.12	0.5	1
"phoB"	"pstC"	3.25	1	1
"phoB"	"pstS"	4.47	0.49	1
"phoB"	"phnN"	2.41	0.23	1
"phoB"	"psiF"	4.57	1.34	1
"phoB"	"phoR"	1.7	0.47	1
"phoB"	"phoH"	2.1	1.79	1
"phoB"	"phoU"	3.41	0.16	1
"phoB"	"psiE"	2.8	1.3	1
"phoB"	"phnP"	0.84	0.43	1
"phoB"	"phnO"	1.6	0.24	1
"phoB"	"phnM"	3.38	0	1
"phoB"	"phnL"	3.74	0	1
"phoB"	"phnK"	2.28	0.93	1
"phoB"	"phnJ"	3.25	0.92	1
"phoB"	"phnI"	4.06	0	1
"phoB"	"phnH"	3.51	1.3	1
"phoB"	"phnG"	3.15	1.41	1
"phoB"	"phnE_2"	4.97	1.87	1
"phoB"	"phnE_1"	4.06	1.81	1
"phoB"	"phnD"	4.98	1.83	1
"phoB"	"phnC"	5.56	0	1
"fur"	"fecR"	-2.21	0.19	1
"fur"	"fecI"	-2	0.09	1
"fur"	"fhuA"	-0.98	0.35	1
"fur"	"fhuC"	-0.7	0	1
"fur"	"fhuD"	-0.6	0	1
"fur"	"fhuB"	-0.27	0.05	1
"fur"	"entD"	-1.8	0.59	1
"fur"	"fepA"	-2.61	0.82	1
"fur"	"fes"	-2.61	0.28	1
"fur"	"entF"	-2.94	0.24	1
"fur"	"fepC"	-1.06	0.2	1
"fur"	"fepG"	-0.65	0.16	1
"fur"	"fepD"	-0.79	0.18	1
"fur"	"entS"	-1.09	0.15	2
"fur"	"fepB"	-1.39	0.02	1
"fur"	"entC"	-2.63	0.59	1
"fur"	"entE"	-2.99	0.52	1
"fur"	"entB"	-2.88	0.31	1
"fur"	"entA"	-2.73	0.25	1
"fur"	"gpmA"	-1.56	0.26	1
"fur"	"oppA"	-1.42	0	1
"fur"	"oppB"	-0.62	0	1
"fur"	"oppC"	-0.59	0	1
"fur"	"oppD"	-0.9	0	1
"fur"	"oppF"	-0.7	0	1
"fur"	"tonB"	-1.31	0.7	2
"fur"	"sufE"	-1.65	0.43	1
"fur"	"sufS"	-2.12	0.41	1
"fur"	"sufC"	-1.93	0.39	1
"fur"	"sufB"	-2.07	0.51	1
"fur"	"sufA"	-2.48	0.71	1
"fur"	"cirA"	-2.73	1.42	1
"fur"	"exbD"	-1.31	0.36	1
"fur"	"exbB"	-1.53	0.55	1
"fur"	"garK"	-0.49	0.11	1
"fur"	"garR"	-0.5	0.16	1
"fur"	"garL"	-0.32	0	1
"fur"	"sodA"	-0.36	0	1
"fur"	"fecE"	-0.43	0.1	1
"fur"	"fecD"	-0.79	0.07	1
"fur"	"fecC"	-0.56	0.08	1
"fur"	"fecB"	-1.2	0.88	1
"fur"	"fecA"	-1.67	0.88	1
"fur"	"fhuF"	-1.49	0.52	1
"fur"	"fepE"	-1.52	0	1
"fur"	"entH"	-2.78	0.26	1
"fur"	"nohA"	-0.06	0	1
"fur"	"ftnA"	1.3	0.71	1
"fur"	"gspO"	-0.38	0.04	1
"lrp"	"aidB"	-0.41	0.02	1
"lrp"	"ilvI"	1.12	0.02	2
"lrp"	"ilvH"	1.18	0.04	2
"lrp"	"oppA"	-1.04	0.01	1
"lrp"	"oppB"	-0.52	0.01	1
"lrp"	"oppC"	-0.44	0	1
"lrp"	"serA"	0.8	0.03	2
"lrp"	"livJ"	-2.7	0.03	1
"lrp"	"tdh"	1.35	0.01	1
"lrp"	"kbl"	1.51	0.01	1
"lrp"	"ilvE"	-0.54	0.03	1
"lrp"	"ilvD"	-0.44	0.01	1
"lrp"	"osmC"	1.21	0.02	2
"lrp"	"ilvG_1"	-0.8	0.04	1
"lrp"	"ilvM"	-0.83	0	1
"lrp"	"osmY"	-1.27	0.04	1
"torR"	"torA"	0.72	0	1
"torR"	"torD"	1.17	0	1
"phoP"	"rstA"	0.67	0	1
"phoP"	"phoQ"	-1.17	0	2
"phoP"	"rstB"	0.66	0	1
"phoP"	"slyB"	0.7	0	2
"phoP"	"mgrB"	1.14	0	1
"phoP"	"yrbL"	1.31	0	1
"narL"	"dcuR"	-0.41	0.22	1
"narL"	"dmsA"	-2.05	0.57	1
"narL"	"dmsB"	-1.89	0.23	1
"narL"	"dmsC"	-0.74	0.25	1
"narL"	"pflB"	-0.9	0.28	1
"narL"	"focA"	-1.12	0.2	1
"narL"	"narK"	2.44	1.39	1
"narL"	"narG"	2.75	1.56	1
"narL"	"narH"	2.8	1.23	1
"narL"	"narJ"	2.57	1.06	1
"narL"	"narI"	2.75	1.67	1
"narL"	"ynfE"	-1.7	0.3	1
"narL"	"ynfF"	-1.74	0.95	1
"narL"	"ynfG"	-1.27	0.78	1
"narL"	"ynfH"	-0.83	0.51	1
"narL"	"fdhF"	-1.49	0.76	1
"narL"	"dcuA"	-0.49	0.29	1
"narL"	"aspA"	-0.69	0.18	1
"narL"	"frdC"	-1.23	0.76	1
"narL"	"hcr"	1.37	0.61	1
"narL"	"hcp"	1.54	0.96	1
"narL"	"ogt"	2	0.54	1
"narL"	"dmsD"	-0.55	0.17	1
"narL"	"yoaG"	4.63	0.75	1
"narL"	"yeaR"	5.63	0.43	1
"narL"	"dcuS"	-0.8	0.11	1
"hns"	"leuO"	-2.11	0.64	1
"hns"	"appY"	-3.33	0.69	1
"hns"	"lrp"	-0.78	0.08	1
"hns"	"ydeO"	-3.21	1.92	1
"hns"	"rcsB"	-0.41	0.17	1
"hns"	"evgA"	-1.73	0.75	1
"hns"	"stpA"	-2.6	2.05	1
"hns"	"adiY"	-2.35	0.55	1
"hns"	"cadC"	-1.25	0.57	1
"hns"	"lacZ"	-0.79	0.29	1
"hns"	"cydA"	-0.56	0	1
"hns"	"cydB"	-0.63	0.24	1
"hns"	"proW"	-2.07	0.68	1
"hns"	"proX"	-2.66	0.8	1
"hns"	"nirB"	-1.29	0.04	1
"hns"	"nirD"	-1.16	0	1
"hns"	"nirC"	-1.07	0	1
"hns"	"cysG"	-0.41	0.15	1
"hns"	"proV"	-0.87	0.28	1
"hns"	"lacA"	-0.72	0.04	1
"hns"	"dps"	-1.53	0.74	1
"hns"	"hlyE"	-4.02	1.44	2
"hns"	"yciE"	-3.66	1.05	1
"hns"	"yciF"	-4.04	0.84	1
"hns"	"yciG"	-4.13	1	1
"hns"	"ydeP"	-2.62	1.49	1
"hns"	"ftnA"	-1.57	0.55	1
"hns"	"hchA"	-1.9	0.6	1
"hns"	"rcsD"	-0.46	0.13	1
"hns"	"evgS"	-1.53	0.23	1
"hns"	"gspB"	-0.91	0.09	1
"hns"	"gspA"	-2.16	0.12	1
"hns"	"gspC"	-2.35	0.3	1
"hns"	"gspD"	-2.33	0.25	1
"hns"	"gspE"	-1.21	0.61	1
"hns"	"gspF"	-1.59	0.4	1
"hns"	"gspG"	-2.11	0.37	1
"hns"	"gspH"	-0.85	0.74	1
"hns"	"gspJ"	-0.69	0.16	1
"hns"	"gspK"	-0.46	0.06	1
"hns"	"gspO"	-0.32	0	1
"hns"	"chiA"	-0.64	0.2	1
"hns"	"fimB"	-3.28	0.9	1
"hns"	"fimE"	-2.11	1.07	1
"hns"	"yjjP"	-1.11	0.23	1
"tyrR"	"aroP"	-1.71	0	1
"tyrR"	"aroG"	-0.66	0.01	1
"tyrR"	"tyrP"	0.3	0	2
"tyrR"	"tyrA"	-2.06	0.04	1
"tyrR"	"aroF"	-2.74	0.07	1
"tyrR"	"tyrB"	-0.54	0	1
"fnr"	"narL"	-0.61	0.24	1
"fnr"	"fnr"	-0.65	0.24	1
"fnr"	"fhlA"	0.7	0.31	1
"fnr"	"nikR"	0.2	0.05	1
"fnr"	"cydA"	-0.88	0.64	3
"fnr"	"cydB"	-0.67	0.57	3
"fnr"	"moeB"	-0.16	0.04	1
"fnr"	"moeA"	-0.19	0.15	1
"fnr"	"ndh"	-1.26	0.64	1
"fnr"	"hemA"	-0.16	0.05	1
"fnr"	"ynfH"	1.14	0.35	1
"fnr"	"ccmA"	0.2	0.07	1
"fnr"	"nuoI"	-0.3	0	1
"fnr"	"nuoA"	-0.29	0	1
"fnr"	"purM"	-0.25	0.08	1
"fnr"	"purN"	-0.41	0.17	1
"fnr"	"hmp"	-0.45	0.46	1
"fnr"	"grcA"	1.56	1.24	1
"fnr"	"ansB"	0.82	0.22	1
"fnr"	"nikE"	0.62	0.27	1
"fnr"	"nrdG"	0.44	0.16	1
"fnr"	"nrdD"	0.66	0.25	1
"fnr"	"hlyE"	1.14	0.46	1
"fnr"	"prmC"	-0.34	0.23	1
"fnr"	"narX"	-0.4	0.14	1
"fnr"	"ydhT"	0.23	0.1	1
"fnr"	"ydhU"	0.44	0.18	1
"fnr"	"ydhX"	0.35	0.08	1
"fnr"	"ydhW"	0.81	0.14	1
"fnr"	"ydhY"	1.11	0.21	1
"fnr"	"ccmH"	0.2	0.08	1
"fnr"	"yfgF"	0.36	0.11	1
"fnr"	"hypB"	1.54	0.54	1
"fnr"	"hypC"	1.18	0.34	1
"fnr"	"hypD"	1.08	0.29	1
"fnr"	"hypE"	0.39	0.17	1
"fnr"	"yhjA"	0.65	0.19	1
"fnr"	"nrfE"	0.33	0.1	1
"marR"	"marA"	-3.76	0.31	1
"purR"	"pyrC"	-1.02	0	1
"purR"	"purB"	-1.18	0	1
"purR"	"purF"	-2.55	0	1
"purR"	"purC"	-3.09	0	1
"purR"	"purM"	-2.73	0	1
"purR"	"purN"	-1.18	0	1
"purR"	"glyA"	-0.57	0	1
"purR"	"purD"	-3.09	2.65	1
"purR"	"purH"	-2.08	1.61	1
"purR"	"purA"	-1.02	0	1
"purR"	"cvpA"	-3.72	0	1
"ihfA"	"ihfB"	-0.23	0	1
"ihfA"	"pspB"	0.48	0	1
"ihfA"	"pspC"	0.57	0	1
"ihfA"	"fnr"	0.65	0.14	1
"ihfA"	"ihfA"	-2.39	0	1
"ihfA"	"fis"	1.21	0	1
"ihfA"	"carA"	0.83	0	2
"ihfA"	"carB"	0.49	0	2
"ihfA"	"ssuD"	0.22	0	2
"ihfA"	"ssuE"	0.41	0	2
"ihfA"	"narK"	0.45	0	1
"ihfA"	"narG"	0.44	0	1
"ihfA"	"atoA"	0.15	0	1
"ihfA"	"hycG"	0.19	0	1
"ihfA"	"hycE"	0.32	0	1
"ihfA"	"pstA"	0.06	0	1
"ihfA"	"pstS"	0.53	0	1
"ihfA"	"ilvE"	-0.34	0	2
"ihfA"	"nrfA"	0.49	0.03	2
"ihfA"	"nrfB"	1.01	0.08	2
"ihfA"	"adiA"	0.83	0	1
"ihfA"	"csgG"	0.36	0.1	1
"ihfA"	"csgE"	0.47	0.11	1
"ihfA"	"pspA"	0.68	0.04	1
"ihfA"	"hycH"	0.17	0	1
"ihfA"	"hypA"	0.09	0	1
"ihfA"	"yjbE"	0.21	0	1
"ihfA"	"nrfE"	0.75	0	2
"ihfA"	"nrfG"	0.79	0	2
"baeR"	"acrD"	1.38	0	1
"baeR"	"spy"	5.12	0	1
"baeR"	"mdtA"	3.39	0	1
"baeR"	"mdtB"	1.62	0	1
"baeR"	"mdtC"	1.24	0	1
"gcvA"	"gcvA"	-0.26	0	1
"argP"	"dnaA"	0.38	0.01	1
"argP"	"dapB"	0.31	0.01	1
"argP"	"gdhA"	1.51	0.03	1
"argP"	"lysA"	0.91	0.04	1
"argP"	"argO"	0.67	0	1
"argP"	"lysC"	1.49	0.01	1
"glcC"	"glcA"	1.22	0.42	1
"glcC"	"glcB"	2.11	0.73	1
"glcC"	"glcD"	1.54	0.43	1
"glcC"	"glcF"	1.55	0.41	1
"glcC"	"glcG"	1.19	0.44	1
"argR"	"carA"	-0.67	0.13	1
"argR"	"carB"	-0.78	0.06	1
"argR"	"argF"	-1.65	1.2	1
"argR"	"artJ"	-2.39	0.94	1
"argR"	"artM"	-1.27	0	1
"argR"	"artQ"	-1.19	0.71	1
"argR"	"artI"	-0.71	0.75	1
"argR"	"artP"	-0.81	0.58	1
"argR"	"astE"	0.39	0	1
"argR"	"astD"	0.66	0	1
"argR"	"hisP"	-0.73	0.15	1
"argR"	"hisM"	-0.65	0.4	1
"argR"	"hisQ"	-0.96	0.48	1
"argR"	"hisJ"	-0.8	0.34	1
"argR"	"argA"	-1.85	0.33	1
"argR"	"argG"	-1.93	0.51	1
"argR"	"argD"	-1.57	0.51	1
"argR"	"argE"	-0.67	0.21	1
"argR"	"argC"	-1.79	0.65	1
"argR"	"argB"	-1.79	0.74	1
"argR"	"argH"	-1.61	0.31	1
"argR"	"argI"	-1.61	0.07	1
"fis"	"crp"	-1.54	1.53	1
"fis"	"ptsG"	-0.55	0.21	2
"fis"	"nrdA"	0.44	0	1
"fis"	"nrdB"	0.32	0	1
"fis"	"nuoM"	0.48	0	1
"fis"	"nuoL"	0.54	0	1
"fis"	"nuoK"	0.55	0	1
"fis"	"nuoI"	0.52	0	1
"fis"	"nuoG"	0.43	0	1
"fis"	"nuoA"	0.47	0	1
"fis"	"gltX"	-0.19	0.05	1
"fis"	"nirB"	-2.07	0	1
"fis"	"nirD"	-1.95	0	1
"fis"	"cysG"	-0.28	0	1
"fis"	"aldB"	-1.66	0	1
"fis"	"talA"	1.33	0	1
"fis"	"acs"	-0.59	0	1
"fis"	"queA"	0.27	0	1
"fis"	"tpr"	1.01	0	1
"fis"	"topA"	-0.19	0.69	1
"fis"	"yoaG"	-0.11	0	1
"fis"	"yeaR"	-0.62	0	1
"fis"	"yfaE"	0.5	0	1
"fis"	"rrsG"	0.13	0	1
"fis"	"rnpB"	0.66	0.47	2
"crp"	"araC"	0.94	0.16	1
"crp"	"prpR"	0.48	0.24	1
"crp"	"lacI"	0.19	0.05	1
"crp"	"mhpR"	0.78	0.34	1
"crp"	"nagC"	0.36	0.1	2
"crp"	"fur"	0.29	0	1
"crp"	"ycfQ"	-0.68	0	1
"crp"	"lsrR"	1.18	0.58	1
"crp"	"malI"	0.05	0.46	1
"crp"	"fucR"	1.01	0.24	1
"crp"	"tdcA"	1.29	1.49	1
"crp"	"fis"	0.67	0.23	2
"crp"	"crp"	1.84	0.82	3
"crp"	"ompR"	0.54	0	2
"crp"	"malT"	1.36	0.62	1
"crp"	"glpR"	0.16	0	1
"crp"	"yiaJ"	-0.44	0.15	1
"crp"	"glnG"	0.43	0.06	2
"crp"	"rhaS"	0.61	0	1
"crp"	"rhaR"	0.3	0	1
"crp"	"cytR"	0.6	0.19	3
"crp"	"melR"	0.7	0.27	1
"crp"	"dcuR"	0.51	0.23	1
"crp"	"gcd"	-0.99	0.42	1
"crp"	"hpt"	0.33	0.13	1
"crp"	"prpB"	1.09	0.71	1
"crp"	"prpC"	1.2	0.58	1
"crp"	"prpD"	1.79	0.19	1
"crp"	"tsx"	-0.75	0.32	3
"crp"	"nagE"	0.75	0.35	3
"crp"	"galM"	0.5	0.12	3
"crp"	"pflB"	0.65	0.08	1
"crp"	"focA"	0.62	0.11	1
"crp"	"paaZ"	0.24	0	1
"crp"	"paaA"	0.83	0.46	1
"crp"	"paaB"	0.68	0.29	1
"crp"	"paaC"	0.51	0.21	1
"crp"	"paaD"	0.59	0.28	1
"crp"	"paaG"	0.32	0	1
"crp"	"paaH"	0.34	0	1
"crp"	"paaJ"	0.65	0.3	1
"crp"	"paaK"	0.98	0.41	1
"crp"	"araG"	0.59	0.2	1
"crp"	"gatD"	2.04	0.69	1
"crp"	"gatC"	2.66	1.21	1
"crp"	"gatB"	3.7	2.02	1
"crp"	"gatA"	3.29	1.82	1
"crp"	"gatZ"	2.74	1.41	1
"crp"	"gatY"	2.43	1.12	1
"crp"	"cdd"	0.62	0	2
"crp"	"mglC"	1.16	0.49	1
"crp"	"mglA"	2.51	0.93	1
"crp"	"mglB"	2.21	0.91	1
"crp"	"glpQ"	2.1	1.07	1
"crp"	"glpT"	2.08	1.03	1
"crp"	"glpA"	1.89	0.66	1
"crp"	"glpB"	1.61	0.81	1
"crp"	"glpC"	1.63	0.97	1
"crp"	"ptsH"	-0.63	0.29	3
"crp"	"ptsI"	-0.35	0.52	1
"crp"	"crr"	-0.48	0.19	3
"crp"	"murQ"	0.74	0.33	1
"crp"	"guaA"	0.82	0.27	1
"crp"	"guaB"	1.17	0.42	1
"crp"	"ascF"	0.1	0	1
"crp"	"relA"	0.13	0	1
"crp"	"fucP"	0.86	0.46	1
"crp"	"fucI"	0.83	0	1
"crp"	"fucK"	0.59	0	1
"crp"	"gcvH"	0.33	0.11	1
"crp"	"gcvT"	0.63	0.07	1
"crp"	"fbaA"	0.96	0	1
"crp"	"epd"	1.04	0.67	1
"crp"	"kbaZ"	0.5	0.3	1
"crp"	"argG"	0.96	0.91	1
"crp"	"nanK"	0.35	0.28	1
"crp"	"nanE"	0.52	0.28	1
"crp"	"nanT"	0.5	0.35	1
"crp"	"nanA"	0.79	0.5	1
"crp"	"gntT"	0.57	0.3	1
"crp"	"glpD"	1.55	1.16	1
"crp"	"glgA"	0.83	0	1
"crp"	"glgC"	0.62	0.27	1
"crp"	"ugpQ"	0.46	0.15	1
"crp"	"ugpC"	0.47	0.17	1
"crp"	"ugpE"	0.93	0.31	1
"crp"	"ugpB"	0.98	0.19	1
"crp"	"yiaK"	0.54	0.23	3
"crp"	"yiaM"	-0.41	1.01	1
"crp"	"yiaN"	0.86	0	2
"crp"	"yiaO"	-0.71	0.45	3
"crp"	"lyxK"	-0.09	0.65	1
"crp"	"sgbE"	0.34	0.18	3
"crp"	"mtlA"	0.56	0.07	1
"crp"	"mtlD"	0.44	0.16	1
"crp"	"uhpT"	1.5	0.29	1
"crp"	"ilvN"	1.39	0.55	1
"crp"	"ilvB"	1.33	0.65	1
"crp"	"bglF"	0.69	0.06	1
"crp"	"trxA"	-0.3	0.18	1
"crp"	"cyaA"	-1.03	0.24	1
"crp"	"udp"	0.83	0.47	3
"crp"	"malG"	0.67	0.2	1
"crp"	"malE"	1.41	0.61	1
"crp"	"malK"	1.73	0.74	1
"crp"	"lamB"	2.07	0.95	1
"crp"	"actP"	2.58	1.25	1
"crp"	"acs"	2.26	1.26	1
"crp"	"proP"	-0.7	1.18	1
"crp"	"melA"	0.67	0.22	1
"crp"	"ulaA"	1.14	0.1	1
"crp"	"ulaC"	0.62	0	1
"crp"	"ulaD"	0.26	0	1
"crp"	"ulaE"	0.28	0.1	1
"crp"	"cpdB"	0.64	0.06	1
"crp"	"nanC"	1.96	0.92	1
"crp"	"gntP"	0.42	0.18	1
"crp"	"uxuA"	0.66	0.3	1
"crp"	"uxuB"	0.51	0.36	1
"crp"	"deoA"	0.58	0.21	3
"crp"	"deoB"	0.62	0.23	2
"crp"	"deoD"	0.33	0.09	3
"crp"	"hofC"	0.38	0.1	1
"crp"	"hofB"	0.41	0	1
"crp"	"ppdD"	0.63	0	1
"crp"	"prpE"	0.54	0.21	1
"crp"	"nmpC"	3.2	2.53	1
"crp"	"cstA"	1.8	0.86	1
"crp"	"nagD"	0.29	0.05	2
"crp"	"bhsA"	-1.03	0.1	1
"crp"	"hlyE"	1.08	0.52	1
"crp"	"ychH"	1.18	0.6	1
"crp"	"trg"	1.51	0.53	1
"crp"	"sbmC"	1.24	0.46	1
"crp"	"xseA"	-0.87	0.22	1
"crp"	"lhgO"	0.91	0.49	1
"crp"	"mazF"	0.12	0	1
"crp"	"fucU"	0.42	0	1
"crp"	"aer"	1.08	0.48	1
"crp"	"agaV"	0.72	0.12	1
"crp"	"pnp"	-0.48	0	1
"crp"	"rpsO"	-0.88	0.28	1
"crp"	"truB"	-0.32	0	1
"crp"	"nusA"	-0.15	0.04	1
"crp"	"rimP"	-0.35	0.12	1
"crp"	"yhfA"	-0.23	0.07	2
"crp"	"ppiA"	0.4	0.07	2
"crp"	"hofP"	0.42	0.06	1
"crp"	"hofO"	0.29	0	1
"crp"	"hofM"	0.24	0	1
"crp"	"envZ"	0.34	0.12	3
"crp"	"yiaL"	0.45	1.94	1
"crp"	"sgbU"	-0.03	0.53	1
"crp"	"ivbL"	1.12	0.49	1
"crp"	"bglG"	0.44	0.37	1
"crp"	"psiE"	-1.41	0.63	1
"crp"	"malM"	1.43	0.49	1
"crp"	"yjcH"	3.24	1.87	1
"crp"	"hfq"	-0.54	0.11	1
"crp"	"hflX"	-0.3	0.21	1
"crp"	"hflK"	-0.19	0.16	1
"crp"	"hflC"	-0.68	0.01	1
"crp"	"nanM"	0.67	0	1
"glpR"	"glpQ"	-2.74	2.07	1
"glpR"	"glpT"	-3.36	1.61	1
"glpR"	"glpA"	-2.52	1.31	1
"glpR"	"glpB"	-3.14	1.5	1
"glpR"	"glpC"	-2.61	1.43	1
"glpR"	"glpD"	-3.46	0.64	1
"glpR"	"glpX"	-0.72	0.21	1
"glpR"	"glpK"	-2.6	0.62	1
"glpR"	"glpF"	-3.37	1.02	1
"gntR"	"eda"	-0.44	0.1	1
"gntR"	"edd"	-0.95	0.22	1
"gntR"	"gntT"	-0.08	0	1
"gntR"	"gntK"	-1.46	1.82	1
"gadE"	"gadW"	1.47	0	1
"gadE"	"gadC"	3.03	0	2
"gadE"	"gadB"	3.64	0	2
"gadE"	"gadA"	3.57	0	2
"gadE"	"sra"	0.15	0	1
"gadE"	"yhiM"	1.12	0.23	1
"gadE"	"yhiD"	2.31	0	2
"gadE"	"hdeB"	5.05	0	2
"gadE"	"hdeA"	4.45	0	2
"gadE"	"hdeD"	3.17	0.02	4
"gadE"	"mdtE"	0.21	0	1
"gadW"	"gadX"	-0.25	0	2
"gadX"	"gadE"	0.64	0.09	1
"uhpA"	"uhpT"	2.25	0	1
"dnaA"	"aldA"	-0.92	0	1
"dnaA"	"nrdA"	0.61	0	2
"dnaA"	"nrdB"	0.55	0	2
"metR"	"glyA"	0.18	0	2
"metR"	"hmp"	0.05	0	1
"glnG"	"glnG"	1.01	0.23	2
"glnG"	"glnQ"	0.89	0.47	3
"glnG"	"glnP"	0.88	0.54	3
"glnG"	"glnH"	1.45	0.32	2
"glnG"	"astD"	1.25	0	1
"glnG"	"astA"	0.31	0	1
"glnG"	"glnA"	1.2	0.7	3
"glnG"	"glnL"	1.14	0.64	3
"cpxR"	"cpxR"	2.35	0.23	1
"cpxR"	"aroG"	0.34	0.05	1
"cpxR"	"ompF"	-0.7	0.36	1
"cpxR"	"dsbA"	0.55	0.1	1
"cpxR"	"hha"	0.53	0.15	1
"cpxR"	"tomB"	0.57	0.14	1
"cpxR"	"yccA"	0.7	0.12	1
"cpxR"	"efeU_2"	0.48	0	1
"cpxR"	"csgC"	-0.38	0	1
"cpxR"	"ycfS"	0.34	0	1
"cpxR"	"yebE"	0.19	0	1
"cpxR"	"cheW"	-0.34	0	1
"cpxR"	"cheA"	-0.31	0.05	1
"cpxR"	"mdtB"	0.28	0	1
"cpxR"	"mdtC"	0.15	0	1
"cpxR"	"yqjA"	0.3	0.12	1
"cpxR"	"ppiA"	0.61	0	1
"cpxR"	"rdoA"	0.57	0.08	1
"cytR"	"tsx"	-1.54	0	1
"cytR"	"cdd"	-1.15	0	1
"cytR"	"udp"	-1.91	0	1
"metJ"	"folE"	-0.91	0.01	1
"metJ"	"metC"	-0.71	0	1
"metJ"	"metF"	-1.66	0.02	1
"metJ"	"metA"	-1.51	0.02	1
"metJ"	"yeiB"	-0.69	0.06	1
"oxyR"	"fur"	0.34	0.09	1
"oxyR"	"dsbG"	0.17	0	1
"oxyR"	"grxA"	1.82	0.77	1
"oxyR"	"sufE"	1.03	0.4	1
"oxyR"	"sufS"	1.04	0.38	1
"oxyR"	"sufC"	0.92	0.43	1
"oxyR"	"sufB"	1.23	0.49	1
"oxyR"	"sufA"	1.13	0.44	1
"oxyR"	"mntH"	1.35	0.54	1
"oxyR"	"trxC"	0.86	0.5	1
"oxyR"	"katG"	1.04	0.52	1
"oxyR"	"ahpC"	1.6	0.07	1
"oxyR"	"ahpF"	1.95	1.06	1
"oxyR"	"ybjC"	-0.49	0.47	1
"oxyR"	"nfsA"	-0.55	0.53	1
"oxyR"	"rimK"	-0.4	0.43	1
"oxyR"	"ybjN"	-0.55	0.28	1
"oxyR"	"hcr"	1.25	1	1
"oxyR"	"hcp"	1.96	0.54	1
"oxyR"	"flu"	-2.43	0.66	1
"oxyR"	"yhjA"	0.49	0.27	1
"lexA"	"rpoD"	-0.65	0	1
"lexA"	"polB"	-0.95	0	1
"lexA"	"uvrB"	-2.01	0	1
"lexA"	"dinG"	-1.01	0	1
"lexA"	"ftsK"	-0.07	0	1
"lexA"	"dinI"	-3.94	0	1
"lexA"	"umuD"	-1.83	2	1
"lexA"	"umuC"	-2.7	0	1
"lexA"	"ydjM"	-1.12	0	1
"lexA"	"recN"	-4.24	0	1
"lexA"	"recX"	-1.39	0	1
"lexA"	"recA"	-1.63	1.66	1
"lexA"	"dinF"	-0.65	0	1
"lexA"	"symE"	-0.6	0.07	1
"soxS"	"fur"	0.42	0.13	1
"soxS"	"marA"	0.51	0.16	1
"soxS"	"fldA"	0.47	0.58	1
"soxS"	"ptsG"	0.42	0.07	1
"soxS"	"ribA"	0.49	0.43	1
"soxS"	"rfaZ"	0.36	0.16	1
"soxS"	"waaY"	0.27	0.08	1
"soxR"	"soxS"	1.98	2.26	1
"basR"	"putA"	-0.26	0.13	1
"basR"	"dgkA"	0.16	0.01	1
"basR"	"hha"	0.46	0.08	1
"basR"	"yrbL"	-0.61	0.16	1
"basR"	"fimB"	1.17	0.27	1
"dcuR"	"dpiA"	0.4	0.14	1
"dcuR"	"dctA"	1.27	1.27	1
"dcuR"	"fumB"	1.91	0.85	1
"dcuR"	"dcuB"	2.55	1.02	1
"dcuR"	"frdD"	0.82	0.38	1
"dcuR"	"frdC"	1.31	0.15	1
"dcuR"	"frdB"	0.95	0.3	1
"dcuR"	"frdA"	1.01	0.48	1
"dcuR"	"dpiB"	0.62	0	1
"nsrR"	"nrfA"	-1.09	0.16	1
"nsrR"	"nrfB"	-0.8	0	1
"nsrR"	"nrfC"	-0.7	0	1
"nsrR"	"nrfD"	-0.56	0	1
"nsrR"	"ytfE"	-5.2	0	1
"nsrR"	"hcr"	-2.72	0	1
"nsrR"	"hcp"	-2.07	1.77	1
"yjiE"	"metQ"	0.68	0.44	1
"yjiE"	"metI"	0.68	0.24	1
"yjiE"	"metN"	0.68	0.33	1
"yjiE"	"cydA"	1.84	0	1
"yjiE"	"cydB"	1.26	0	1
"bglJ"	"leuO"	2.35	1.96	1
"bglJ"	"bglB"	1.94	0.27	1
"trpR"	"trpA"	-1.83	0.02	1
"trpR"	"trpB"	-1.77	0.03	1
"trpR"	"trpC"	-1.63	0.02	1
"trpR"	"trpD"	-2.08	0.04	1
"trpR"	"trpE"	-2.46	0.01	1
"trpR"	"aroH"	-1.02	0.04	1
"trpR"	"trpL"	-2.37	0	1
"creB"	"creD"	0.34	0.06	1
"arcA"	"rpoS"	-0.62	0.27	1
"arcA"	"lldR"	-1.29	0.31	1
"arcA"	"lpd"	-1.09	0.39	1
"arcA"	"fadE"	-0.48	0.36	1
"arcA"	"sdhC"	-2.8	0.87	1
"arcA"	"sdhD"	-2.66	0.84	1
"arcA"	"sdhA"	-2.44	0.73	1
"arcA"	"sdhB"	-1.93	0.65	1
"arcA"	"sucA"	-1.73	0.81	1
"arcA"	"sucB"	-1.9	0.77	1
"arcA"	"sucC"	-1.84	1.05	1
"arcA"	"sucD"	-1.69	0.51	1
"arcA"	"cydA"	3.19	1.05	1
"arcA"	"cydB"	2.63	0.89	1
"arcA"	"moeB"	0.15	0.07	1
"arcA"	"moeA"	0.26	0.24	1
"arcA"	"pflB"	1.14	0.4	1
"arcA"	"focA"	0.71	0.38	1
"arcA"	"ptsG"	-0.71	0.41	1
"arcA"	"icd"	-1.79	0.39	1
"arcA"	"aldA"	-1.53	0.43	1
"arcA"	"fadD"	-0.67	0.32	1
"arcA"	"nuoN"	-0.71	0.24	1
"arcA"	"nuoM"	-0.74	0.28	1
"arcA"	"nuoL"	-0.8	0.36	1
"arcA"	"nuoK"	-0.7	0.32	1
"arcA"	"nuoJ"	-0.73	0.26	1
"arcA"	"nuoI"	-0.94	0.42	1
"arcA"	"nuoH"	-0.73	0.38	1
"arcA"	"nuoG"	-0.73	0.37	1
"arcA"	"nuoF"	-0.72	0.24	1
"arcA"	"nuoE"	-0.84	0.33	1
"arcA"	"nuoC"	-0.87	0.36	1
"arcA"	"nuoB"	-0.85	0.38	1
"arcA"	"nuoA"	-0.9	0.37	1
"arcA"	"fadJ"	-0.54	0.3	1
"arcA"	"fadI"	-0.67	0.29	1
"arcA"	"fadL"	-0.71	0.32	1
"arcA"	"glcA"	-0.38	0.14	1
"arcA"	"glcB"	-1.02	0.6	1
"arcA"	"glcD"	-0.95	0.78	1
"arcA"	"lldP"	-1.05	0.17	1
"arcA"	"lldD"	-0.58	0.17	1
"arcA"	"fadA"	-0.64	0.31	1
"arcA"	"fadB"	-1.1	0.56	1
"arcA"	"glcF"	-0.72	0.62	1
"arcA"	"glcG"	-0.76	0.54	1
"arcA"	"uvrA"	-0.28	0.07	1
"arcA"	"ssb"	-0.18	0.06	1
"putA"	"putA"	-1.73	0.21	1
"putA"	"putP"	-2.32	0.43	1
"leuO"	"bglB"	0.17	0	1
"hns"	"gadX"	-3.85	1.46	1
"cysB"	"ssuA"	-0.97	0.32	1
"fnr"	"dmsA"	2.34	0.78	1
"fnr"	"dmsB"	2.55	0.89	1
"fnr"	"dmsC"	0.93	0.29	1
"fnr"	"pflB"	1.06	0.63	1
"fnr"	"focA"	0.72	0.49	1
"fnr"	"ynfE"	1.91	0.57	1
"fnr"	"ynfF"	2.44	0.78	1
"fnr"	"ynfG"	1.96	0.53	1
"fnr"	"ccmE"	0.42	0.11	1
"fnr"	"ccmD"	0.49	0.09	1
"fnr"	"ccmC"	0.29	0.1	1
"fnr"	"ccmB"	0.22	0.08	1
"fnr"	"napC"	0.57	0.17	1
"fnr"	"napB"	0.54	0.22	1
"fnr"	"napH"	0.39	0.18	1
"fnr"	"napG"	0.47	0.23	1
"fnr"	"napA"	0.42	0.2	1
"fnr"	"nrfC"	0.9	0.38	1
"fnr"	"nrfD"	0.46	0.14	1
"fnr"	"dmsD"	0.68	0.22	1
"fnr"	"ydhV"	0.9	0.18	1
"fnr"	"ccmG"	0.26	0.06	1
"fnr"	"ccmF"	0.23	0.09	1
"fnr"	"napD"	0.41	0.24	1
"fnr"	"napF"	0.87	0.23	1
"fnr"	"nrfG"	0.25	0.12	1
"ihfA"	"ompR"	-0.16	0	1
"ihfA"	"yiaJ"	-0.45	0	1
"ihfA"	"nuoM"	-0.13	0	1
"ihfA"	"nuoB"	-0.24	0	1
"ihfA"	"nuoA"	-0.57	0	1
"fis"	"marR"	0.39	0	1
"crp"	"rpoH"	0.31	0	2
"crp"	"araA"	0.48	0.1	1
"crp"	"lacZ"	0.47	0.18	2
"crp"	"galK"	0.05	0.64	1
"crp"	"galT"	-0.71	0.22	3
"crp"	"galE"	0.09	0.56	1
"crp"	"serC"	-0.92	0.31	1
"crp"	"aroA"	-0.67	0.32	1
"crp"	"ptsG"	1.24	0.67	1
"crp"	"malX"	0.56	0.15	1
"crp"	"malY"	0.33	0.1	1
"crp"	"araF"	1.24	0.72	1
"crp"	"gabD"	0.72	0.4	1
"crp"	"gabT"	0.93	0.38	1
"crp"	"gabP"	0.58	0.17	1
"crp"	"nupG"	-0.71	0	2
"crp"	"tdcE"	0.75	0	1
"crp"	"tdcD"	0.55	0.38	1
"crp"	"tdcB"	0.7	0.91	1
"crp"	"gltB"	-1.08	0.2	1
"crp"	"gltD"	-1.71	0.05	1
"crp"	"dctA"	1.99	0.89	1
"crp"	"glnA"	-0.33	0.94	1
"crp"	"deoC"	-0.83	0	2
"crp"	"lacA"	-0.71	0.52	3
"crp"	"araJ"	0.29	0.11	3
"crp"	"csiD"	1.16	0.13	1
"crp"	"bglB"	0.89	0.41	1
"crp"	"glnL"	0.49	0.23	2
"gadX"	"dctR"	0.26	0	1
"gadX"	"gadX"	5.47	0	1
"gadX"	"gadC"	0.6	0	1
"gadX"	"gadB"	0.63	0	1
"gadX"	"gadA"	0.46	0	1
"gadX"	"slp"	0.82	0.06	1
"gadX"	"yhiD"	0.24	0	2
"gadX"	"hdeB"	0.62	0	2
"gadX"	"hdeD"	0.36	0	1
"bglJ"	"bglF"	1.37	0.61	1
"bglJ"	"bglG"	2.79	1.37	1
"phoP"	"yhiD"	2.14	0	1
"phoP"	"hdeB"	2.92	0	1
"phoP"	"hdeA"	2.42	0	1
"phoP"	"hdeD"	3.07	0	1
"hns"	"flhC"	1.61	0.54	1
"hns"	"flhD"	1.31	0.51	1
"hns"	"dctR"	-1.64	0.29	1
"hns"	"gadE"	-4.39	2.46	1
"hns"	"gadA"	-4.56	2.43	1
"hns"	"cadA"	-1.64	1.32	1
"hns"	"cadB"	-1	0.98	1
"hns"	"yhiM"	-3.11	1.32	1
"hns"	"slp"	-2.92	1.97	1
"hns"	"yhiD"	-2.51	0.97	1
"hns"	"hdeB"	-3.14	2.5	1
"hns"	"hdeA"	-2.56	2.18	1
"hns"	"hdeD"	-3	2.14	1
"hns"	"mdtE"	-1.72	0.86	1
"hns"	"mdtF"	-1.42	0.66	1
"marR"	"marR"	-3.77	0.36	1
"marR"	"marB"	-0.87	0.46	1
"ihfA"	"csgD"	0.33	0	1
"ihfA"	"glpT"	-1.64	0	1
"crp"	"flhC"	2.28	1.46	1
"crp"	"flhD"	2.2	1.88	1
"crp"	"gadE"	-4.03	1.64	1
"crp"	"chbA"	0.52	0	1
"crp"	"chbC"	0.71	0.46	1
"crp"	"mdtE"	-0.51	0.23	1
"crp"	"mdtF"	-0.77	0.17	1
"soxS"	"marR"	0.31	0.07	1
"soxS"	"rob"	-0.52	0.36	1
"soxS"	"acrB"	0.39	0.03	1
"soxS"	"acrA"	0.46	0	1
"soxS"	"nfsB"	0.56	0.4	1
"soxS"	"acnA"	0.93	0.29	1
"soxS"	"fumC"	1.5	1.32	1
"soxS"	"zwf"	0.6	0.54	1
"soxS"	"sodA"	2.53	1.29	1
"soxS"	"fpr"	0.96	1.27	1
"soxS"	"ybjC"	0.35	0.38	1
"soxS"	"nfsA"	0.39	0.46	1
"soxS"	"rimK"	0.59	0.43	1
"soxS"	"ybjN"	0.36	0.15	1
"soxS"	"pqiA"	0.33	0.12	1
"soxS"	"pqiB"	0.23	0.12	1
"soxS"	"marB"	0.18	0.02	1
"soxS"	"inaA"	1.24	0.56	1
"soxR"	"fumC"	1.03	0.54	1
"nsrR"	"fliY"	-0.41	0	1
"phoP"	"gadW"	1.45	0	1
"narL"	"frdD"	-1.42	0.74	1
"narL"	"frdB"	-2.05	1.17	1
"narL"	"frdA"	-2.18	1.07	1
"hns"	"gadW"	-2.21	0.58	1
"hns"	"yjjQ"	-2.71	1.54	1
"hns"	"bglJ"	-0.75	0	1
"hns"	"bglF"	-0.85	0.17	1
"hns"	"cas2"	-3.28	0.44	1
"hns"	"cas1"	-2.96	0.25	1
"hns"	"casE"	-3.24	0.43	1
"hns"	"casD"	-2.37	1.45	1
"hns"	"casC"	-3.84	0.57	1
"hns"	"casB"	-3.82	2.38	1
"hns"	"casA"	-2.92	1.26	1
"hns"	"bglB"	-2.96	0.36	1
"hns"	"bglG"	-4.08	0.15	1
"hns"	"fimI"	0.35	0	1
"hns"	"fimF"	0.45	0.13	1
"fnr"	"narK"	0.72	0.7	1
"fnr"	"narG"	1.54	0.99	1
"fnr"	"narH"	1.25	0.93	1
"fnr"	"narJ"	0.85	0.92	1
"fnr"	"narI"	0.8	0.86	1
"fnr"	"fdnG"	0.79	1.19	1
"fnr"	"fdnH"	1.77	0.22	1
"fnr"	"fdnI"	0.33	0.29	1
"fnr"	"nirB"	1.65	0.54	1
"fnr"	"nirD"	1.11	0.54	1
"fnr"	"nirC"	0.69	0.25	1
"fnr"	"cysG"	0.36	0.09	1
"fnr"	"nikA"	0.85	0.32	1
"fnr"	"nikB"	0.65	0.84	1
"fnr"	"nikC"	0.7	0.29	1
"fnr"	"nikD"	0.84	0.62	1
"fnr"	"nrfA"	1.1	0.41	1
"fnr"	"nrfB"	1.79	0.56	1
"fnr"	"hcr"	0.61	0.47	1
"fnr"	"hcp"	1.09	0.94	1
"fnr"	"nrfF"	0.49	0.14	1
"ihfA"	"rpoH"	0.26	0	1
"ihfA"	"paaF"	0.42	0	1
"ihfA"	"paaH"	0.49	0.09	1
"ihfA"	"paaK"	0.7	0.46	1
"ihfA"	"tdcD"	0.55	0	1
"ihfA"	"tdcB"	0.62	0	1
"ihfA"	"nirB"	-0.43	0.09	1
"ihfA"	"nirD"	1.39	1.3	2
"ihfA"	"nirC"	-0.38	0.13	1
"ihfA"	"nmpC"	-1.18	0	1
"ihfA"	"paaI"	0.45	0	1
"ihfA"	"tdcF"	0.39	0	1
"ihfA"	"dusB"	1.35	0	1
"ihfA"	"nrfF"	-0.68	0.19	1
"fis"	"marA"	0.49	0.21	1
"fis"	"glnG"	0.22	0	1
"fis"	"hupA"	0.79	0	1
"fis"	"guaB"	-0.5	0	1
"fis"	"proP"	0.82	0.17	1
"crp"	"chbR"	0.21	0	1
"crp"	"araB"	0.45	0.32	1
"crp"	"nagA"	0.49	0.66	1
"crp"	"nagB"	0.68	0.47	1
"crp"	"dadA"	0.68	0.88	1
"crp"	"dadX"	0.61	0.3	4
"crp"	"tam"	0.73	0.1	1
"crp"	"aldB"	1.76	1.03	1
"crp"	"lsrK"	1.17	0.52	1
"crp"	"lsrA"	1.39	0.31	1
"crp"	"lsrC"	0.64	0.14	1
"crp"	"lsrD"	1.3	0.16	1
"crp"	"lsrB"	2.03	1.13	1
"crp"	"lsrF"	1.4	0.7	1
"crp"	"lsrG"	2.32	0.2	1
"crp"	"chbB"	0.7	0.31	1
"crp"	"dusB"	0.87	0.2	2
"gadE"	"dctR"	0.56	0.05	1
"gadE"	"gadE"	6.23	0.07	1
"gadE"	"gadX"	-0.58	0	2
"gadE"	"slp"	0.27	0	1
"gadW"	"gadB"	0.08	0	2
"oxyR"	"sufD"	0.28	0	1
"oxyR"	"fhuF"	-1.46	1.43	1
