"process"	"catBy"	"ec"	"stoichiometry"	"id"	"dir"
"rna"	["EG11268-MONOMER"]	"2.1.2.9"	[{"type": "rna", "coeff": -1.0, "molecule": "RNA0-306", "location": "c", "form": "mature"}, {"type": "metabolite", "coeff": -1.0, "molecule": "10FTHF", "location": "c", "form": "mature"}, {"type": "rnamodified", "coeff": 1.0, "molecule": "CHARGED-FMETV-TRNA", "location": "c", "form": "mature"}, {"type": "metabolite", "coeff": 1.0, "molecule": "THF", "location": "c", "form": "mature"}]	"RX_WC_METHIONYL-TRNA-FORMYLTRANSFERASE-RXN1"	1
"rna"	["EG11268-MONOMER"]	"2.1.2.9"	[{"type": "rna", "coeff": -1.0, "molecule": "metW-tRNA", "location": "c", "form": "mature"}, {"type": "metabolite", "coeff": -1.0, "molecule": "10FTHF", "location": "c", "form": "mature"}, {"type": "rnamodified", "coeff": 1.0, "molecule": "CHARGED-FMETW-TRNA", "location": "c", "form": "mature"}, {"type": "metabolite", "coeff": 1.0, "molecule": "THF", "location": "c", "form": "mature"}]	"RX_WC_METHIONYL-TRNA-FORMYLTRANSFERASE-RXN2"	1
"rna"	["EG11268-MONOMER"]	"2.1.2.9"	[{"type": "rna", "coeff": -1.0, "molecule": "metY-tRNA", "location": "c", "form": "mature"}, {"type": "metabolite", "coeff": -1.0, "molecule": "10FTHF", "location": "c", "form": "mature"}, {"type": "rnamodified", "coeff": 1.0, "molecule": "CHARGED-FMETY-TRNA", "location": "c", "form": "mature"}, {"type": "metabolite", "coeff": 1.0, "molecule": "THF", "location": "c", "form": "mature"}]	"RX_WC_METHIONYL-TRNA-FORMYLTRANSFERASE-RXN3"	1
"rna"	["EG11268-MONOMER"]	"2.1.2.9"	[{"type": "rna", "coeff": -1.0, "molecule": "metZ-tRNA", "location": "c", "form": "mature"}, {"type": "metabolite", "coeff": -1.0, "molecule": "10FTHF", "location": "c", "form": "mature"}, {"type": "rnamodified", "coeff": 1.0, "molecule": "CHARGED-FMETZ-TRNA", "location": "c", "form": "mature"}, {"type": "metabolite", "coeff": 1.0, "molecule": "THF", "location": "c", "form": "mature"}]	"RX_WC_METHIONYL-TRNA-FORMYLTRANSFERASE-RXN4"	1
"rna"	["ILES-MONOMER"]	""	[{"type": "metabolite", "coeff": -1.0, "molecule": "H", "location": "c", "form": "mature"}, {"type": "rna", "coeff": -1.0, "molecule": "RNA0-305", "location": "c", "form": "mature"}, {"type": "metabolite", "coeff": -1.0, "molecule": "ILE-L", "location": "c", "form": "mature"}, {"type": "metabolite", "coeff": -1.0, "molecule": "ATP", "location": "c", "form": "mature"}, {"type": "rnamodified", "coeff": 1.0, "molecule": "RNA0-309", "location": "c", "form": "mature"}, {"type": "metabolite", "coeff": 1.0, "molecule": "PPI", "location": "c", "form": "mature"}, {"type": "metabolite", "coeff": 1.0, "molecule": "AMP", "location": "c", "form": "mature"}]	"ISOLEUCINE--TRNA-LIGASE-R_3"	1
"rna"	["ASNS-CPLX"]	""	[{"type": "metabolite", "coeff": -1.0, "molecule": "H", "location": "c", "form": "mature"}, {"type": "rna", "coeff": -1.0, "molecule": "RNA0-304", "location": "c", "form": "mature"}, {"type": "metabolite", "coeff": -1.0, "molecule": "ASN-L", "location": "c", "form": "mature"}, {"type": "metabolite", "coeff": -1.0, "molecule": "ATP", "location": "c", "form": "mature"}, {"type": "rnamodified", "coeff": 1.0, "molecule": "RNA0-310", "location": "c", "form": "mature"}, {"type": "metabolite", "coeff": 1.0, "molecule": "PPI", "location": "c", "form": "mature"}, {"type": "metabolite", "coeff": 1.0, "molecule": "AMP", "location": "c", "form": "mature"}]	"ASPARAGINE--TRNA-LIGASE-R_2"	1
"rna"	["VALS-MONOMER"]	""	[{"type": "metabolite", "coeff": -1.0, "molecule": "H", "location": "c", "form": "mature"}, {"type": "rna", "coeff": -1.0, "molecule": "RNA0-300", "location": "c", "form": "mature"}, {"type": "metabolite", "coeff": -1.0, "molecule": "VAL-L", "location": "c", "form": "mature"}, {"type": "metabolite", "coeff": -1.0, "molecule": "ATP", "location": "c", "form": "mature"}, {"type": "rnamodified", "coeff": 1.0, "molecule": "RNA0-311", "location": "c", "form": "mature"}, {"type": "metabolite", "coeff": 1.0, "molecule": "PPI", "location": "c", "form": "mature"}, {"type": "metabolite", "coeff": 1.0, "molecule": "AMP", "location": "c", "form": "mature"}]	"VALINE--TRNA-LIGASE-R_4"	1
"rna"	["LYSS-CPLX"]	""	[{"type": "metabolite", "coeff": -1.0, "molecule": "H", "location": "c", "form": "mature"}, {"type": "metabolite", "coeff": -1.0, "molecule": "LYS-L", "location": "c", "form": "mature"}, {"type": "rna", "coeff": -1.0, "molecule": "RNA0-301", "location": "c", "form": "mature"}, {"type": "metabolite", "coeff": -1.0, "molecule": "ATP", "location": "c", "form": "mature"}, {"type": "rnamodified", "coeff": 1.0, "molecule": "RNA0-312", "location": "c", "form": "mature"}, {"type": "metabolite", "coeff": 1.0, "molecule": "PPI", "location": "c", "form": "mature"}, {"type": "metabolite", "coeff": 1.0, "molecule": "AMP", "location": "c", "form": "mature"}]	"LYSINE--TRNA-LIGASE-R_3"	1
"rna"	["LYSS-CPLX"]	""	[{"type": "metabolite", "coeff": -1.0, "molecule": "H", "location": "c", "form": "mature"}, {"type": "metabolite", "coeff": -1.0, "molecule": "LYS-L", "location": "c", "form": "mature"}, {"type": "rna", "coeff": -1.0, "molecule": "RNA0-302", "location": "c", "form": "mature"}, {"type": "metabolite", "coeff": -1.0, "molecule": "ATP", "location": "c", "form": "mature"}, {"type": "rnamodified", "coeff": 1.0, "molecule": "RNA0-313", "location": "c", "form": "mature"}, {"type": "metabolite", "coeff": 1.0, "molecule": "PPI", "location": "c", "form": "mature"}, {"type": "metabolite", "coeff": 1.0, "molecule": "AMP", "location": "c", "form": "mature"}]	"LYSINE--TRNA-LIGASE-R_4"	1
"rna"	["LYSS-CPLX"]	""	[{"type": "metabolite", "coeff": -1.0, "molecule": "H", "location": "c", "form": "mature"}, {"type": "metabolite", "coeff": -1.0, "molecule": "LYS-L", "location": "c", "form": "mature"}, {"type": "rna", "coeff": -1.0, "molecule": "RNA0-303", "location": "c", "form": "mature"}, {"type": "metabolite", "coeff": -1.0, "molecule": "ATP", "location": "c", "form": "mature"}, {"type": "rnamodified", "coeff": 1.0, "molecule": "RNA0-314", "location": "c", "form": "mature"}, {"type": "metabolite", "coeff": 1.0, "molecule": "PPI", "location": "c", "form": "mature"}, {"type": "metabolite", "coeff": 1.0, "molecule": "AMP", "location": "c", "form": "mature"}]	"LYSINE--TRNA-LIGASE-R_2"	1
"rna"	["METG-CPLX"]	""	[{"type": "metabolite", "coeff": -1.0, "molecule": "H", "location": "c", "form": "mature"}, {"type": "rna", "coeff": -1.0, "molecule": "metW-tRNA", "location": "c", "form": "mature"}, {"type": "metabolite", "coeff": -1.0, "molecule": "MET-L", "location": "c", "form": "mature"}, {"type": "metabolite", "coeff": -1.0, "molecule": "ATP", "location": "c", "form": "mature"}, {"type": "rnamodified", "coeff": 1.0, "molecule": "RNA0-319", "location": "c", "form": "mature"}, {"type": "metabolite", "coeff": 1.0, "molecule": "PPI", "location": "c", "form": "mature"}, {"type": "metabolite", "coeff": 1.0, "molecule": "AMP", "location": "c", "form": "mature"}]	"METHIONINE--TRNA-LIGASE-R_4"	1
"rna"	["METG-CPLX"]	""	[{"type": "metabolite", "coeff": -1.0, "molecule": "H", "location": "c", "form": "mature"}, {"type": "rna", "coeff": -1.0, "molecule": "RNA0-306", "location": "c", "form": "mature"}, {"type": "metabolite", "coeff": -1.0, "molecule": "MET-L", "location": "c", "form": "mature"}, {"type": "metabolite", "coeff": -1.0, "molecule": "ATP", "location": "c", "form": "mature"}, {"type": "rnamodified", "coeff": 1.0, "molecule": "RNA0-321", "location": "c", "form": "mature"}, {"type": "metabolite", "coeff": 1.0, "molecule": "PPI", "location": "c", "form": "mature"}, {"type": "metabolite", "coeff": 1.0, "molecule": "AMP", "location": "c", "form": "mature"}]	"METHIONINE--TRNA-LIGASE-RXN"	1
"rna"	["METG-CPLX"]	""	[{"type": "metabolite", "coeff": -1.0, "molecule": "H", "location": "c", "form": "mature"}, {"type": "rna", "coeff": -1.0, "molecule": "metY-tRNA", "location": "c", "form": "mature"}, {"type": "metabolite", "coeff": -1.0, "molecule": "MET-L", "location": "c", "form": "mature"}, {"type": "metabolite", "coeff": -1.0, "molecule": "ATP", "location": "c", "form": "mature"}, {"type": "rnamodified", "coeff": 1.0, "molecule": "RNA0-322", "location": "c", "form": "mature"}, {"type": "metabolite", "coeff": 1.0, "molecule": "PPI", "location": "c", "form": "mature"}, {"type": "metabolite", "coeff": 1.0, "molecule": "AMP", "location": "c", "form": "mature"}]	"METHIONINE--TRNA-LIGASE-R_1"	1
"rna"	["METG-CPLX"]	""	[{"type": "metabolite", "coeff": -1.0, "molecule": "H", "location": "c", "form": "mature"}, {"type": "rna", "coeff": -1.0, "molecule": "metZ-tRNA", "location": "c", "form": "mature"}, {"type": "metabolite", "coeff": -1.0, "molecule": "MET-L", "location": "c", "form": "mature"}, {"type": "metabolite", "coeff": -1.0, "molecule": "ATP", "location": "c", "form": "mature"}, {"type": "rnamodified", "coeff": 1.0, "molecule": "RNA0-323", "location": "c", "form": "mature"}, {"type": "metabolite", "coeff": 1.0, "molecule": "PPI", "location": "c", "form": "mature"}, {"type": "metabolite", "coeff": 1.0, "molecule": "AMP", "location": "c", "form": "mature"}]	"METHIONINE--TRNA-LIGASE-R_0"	1
"rna"	["ALAS-CPLX"]	""	[{"type": "metabolite", "coeff": -1.0, "molecule": "H", "location": "c", "form": "mature"}, {"type": "rna", "coeff": -1.0, "molecule": "alaT-tRNA", "location": "c", "form": "mature"}, {"type": "metabolite", "coeff": -1.0, "molecule": "ALA-L", "location": "c", "form": "mature"}, {"type": "metabolite", "coeff": -1.0, "molecule": "ATP", "location": "c", "form": "mature"}, {"type": "rnamodified", "coeff": 1.0, "molecule": "charged-alaT-tRNA", "location": "c", "form": "mature"}, {"type": "metabolite", "coeff": 1.0, "molecule": "PPI", "location": "c", "form": "mature"}, {"type": "metabolite", "coeff": 1.0, "molecule": "AMP", "location": "c", "form": "mature"}]	"ALANINE--TRNA-LIGASE-RXN"	1
"rna"	["ALAS-CPLX"]	""	[{"type": "metabolite", "coeff": -1.0, "molecule": "H", "location": "c", "form": "mature"}, {"type": "rna", "coeff": -1.0, "molecule": "alaU-tRNA", "location": "c", "form": "mature"}, {"type": "metabolite", "coeff": -1.0, "molecule": "ALA-L", "location": "c", "form": "mature"}, {"type": "metabolite", "coeff": -1.0, "molecule": "ATP", "location": "c", "form": "mature"}, {"type": "rnamodified", "coeff": 1.0, "molecule": "charged-alaU-tRNA", "location": "c", "form": "mature"}, {"type": "metabolite", "coeff": 1.0, "molecule": "PPI", "location": "c", "form": "mature"}, {"type": "metabolite", "coeff": 1.0, "molecule": "AMP", "location": "c", "form": "mature"}]	"ALANINE--TRNA-LIGASE-R_2"	1
"rna"	["ALAS-CPLX"]	""	[{"type": "metabolite", "coeff": -1.0, "molecule": "H", "location": "c", "form": "mature"}, {"type": "rna", "coeff": -1.0, "molecule": "alaV-tRNA", "location": "c", "form": "mature"}, {"type": "metabolite", "coeff": -1.0, "molecule": "ALA-L", "location": "c", "form": "mature"}, {"type": "metabolite", "coeff": -1.0, "molecule": "ATP", "location": "c", "form": "mature"}, {"type": "rnamodified", "coeff": 1.0, "molecule": "charged-alaV-tRNA", "location": "c", "form": "mature"}, {"type": "metabolite", "coeff": 1.0, "molecule": "PPI", "location": "c", "form": "mature"}, {"type": "metabolite", "coeff": 1.0, "molecule": "AMP", "location": "c", "form": "mature"}]	"ALANINE--TRNA-LIGASE-R_0"	1
"rna"	["ALAS-CPLX"]	""	[{"type": "metabolite", "coeff": -1.0, "molecule": "H", "location": "c", "form": "mature"}, {"type": "rna", "coeff": -1.0, "molecule": "alaW-tRNA", "location": "c", "form": "mature"}, {"type": "metabolite", "coeff": -1.0, "molecule": "ALA-L", "location": "c", "form": "mature"}, {"type": "metabolite", "coeff": -1.0, "molecule": "ATP", "location": "c", "form": "mature"}, {"type": "rnamodified", "coeff": 1.0, "molecule": "charged-alaW-tRNA", "location": "c", "form": "mature"}, {"type": "metabolite", "coeff": 1.0, "molecule": "PPI", "location": "c", "form": "mature"}, {"type": "metabolite", "coeff": 1.0, "molecule": "AMP", "location": "c", "form": "mature"}]	"ALANINE--TRNA-LIGASE-R_3"	1
"rna"	["ALAS-CPLX"]	""	[{"type": "metabolite", "coeff": -1.0, "molecule": "H", "location": "c", "form": "mature"}, {"type": "rna", "coeff": -1.0, "molecule": "alaX-tRNA", "location": "c", "form": "mature"}, {"type": "metabolite", "coeff": -1.0, "molecule": "ALA-L", "location": "c", "form": "mature"}, {"type": "metabolite", "coeff": -1.0, "molecule": "ATP", "location": "c", "form": "mature"}, {"type": "rnamodified", "coeff": 1.0, "molecule": "charged-alaX-tRNA", "location": "c", "form": "mature"}, {"type": "metabolite", "coeff": 1.0, "molecule": "PPI", "location": "c", "form": "mature"}, {"type": "metabolite", "coeff": 1.0, "molecule": "AMP", "location": "c", "form": "mature"}]	"ALANINE--TRNA-LIGASE-R_1"	1
"rna"	["ARGS-MONOMER"]	""	[{"type": "metabolite", "coeff": -1.0, "molecule": "H", "location": "c", "form": "mature"}, {"type": "rna", "coeff": -1.0, "molecule": "argQ-tRNA", "location": "c", "form": "mature"}, {"type": "metabolite", "coeff": -1.0, "molecule": "ARG-L", "location": "c", "form": "mature"}, {"type": "metabolite", "coeff": -1.0, "molecule": "ATP", "location": "c", "form": "mature"}, {"type": "rnamodified", "coeff": 1.0, "molecule": "charged-argQ-tRNA", "location": "c", "form": "mature"}, {"type": "metabolite", "coeff": 1.0, "molecule": "PPI", "location": "c", "form": "mature"}, {"type": "metabolite", "coeff": 1.0, "molecule": "AMP", "location": "c", "form": "mature"}]	"ARGININE--TRNA-LIGASE-R_3"	1
"rna"	["ARGS-MONOMER"]	""	[{"type": "metabolite", "coeff": -1.0, "molecule": "H", "location": "c", "form": "mature"}, {"type": "rna", "coeff": -1.0, "molecule": "argU-tRNA", "location": "c", "form": "mature"}, {"type": "metabolite", "coeff": -1.0, "molecule": "ARG-L", "location": "c", "form": "mature"}, {"type": "metabolite", "coeff": -1.0, "molecule": "ATP", "location": "c", "form": "mature"}, {"type": "rnamodified", "coeff": 1.0, "molecule": "charged-argU-tRNA", "location": "c", "form": "mature"}, {"type": "metabolite", "coeff": 1.0, "molecule": "PPI", "location": "c", "form": "mature"}, {"type": "metabolite", "coeff": 1.0, "molecule": "AMP", "location": "c", "form": "mature"}]	"ARGININE--TRNA-LIGASE-R_4"	1
"rna"	["ARGS-MONOMER"]	""	[{"type": "metabolite", "coeff": -1.0, "molecule": "H", "location": "c", "form": "mature"}, {"type": "rna", "coeff": -1.0, "molecule": "argV-tRNA", "location": "c", "form": "mature"}, {"type": "metabolite", "coeff": -1.0, "molecule": "ARG-L", "location": "c", "form": "mature"}, {"type": "metabolite", "coeff": -1.0, "molecule": "ATP", "location": "c", "form": "mature"}, {"type": "rnamodified", "coeff": 1.0, "molecule": "charged-argV-tRNA", "location": "c", "form": "mature"}, {"type": "metabolite", "coeff": 1.0, "molecule": "PPI", "location": "c", "form": "mature"}, {"type": "metabolite", "coeff": 1.0, "molecule": "AMP", "location": "c", "form": "mature"}]	"ARGININE--TRNA-LIGASE-R_0"	1
"rna"	["ARGS-MONOMER"]	""	[{"type": "metabolite", "coeff": -1.0, "molecule": "H", "location": "c", "form": "mature"}, {"type": "rna", "coeff": -1.0, "molecule": "argW-tRNA", "location": "c", "form": "mature"}, {"type": "metabolite", "coeff": -1.0, "molecule": "ARG-L", "location": "c", "form": "mature"}, {"type": "metabolite", "coeff": -1.0, "molecule": "ATP", "location": "c", "form": "mature"}, {"type": "rnamodified", "coeff": 1.0, "molecule": "charged-argW-tRNA", "location": "c", "form": "mature"}, {"type": "metabolite", "coeff": 1.0, "molecule": "PPI", "location": "c", "form": "mature"}, {"type": "metabolite", "coeff": 1.0, "molecule": "AMP", "location": "c", "form": "mature"}]	"ARGININE--TRNA-LIGASE-R_2"	1
"rna"	["ARGS-MONOMER"]	""	[{"type": "metabolite", "coeff": -1.0, "molecule": "H", "location": "c", "form": "mature"}, {"type": "rna", "coeff": -1.0, "molecule": "argX-tRNA", "location": "c", "form": "mature"}, {"type": "metabolite", "coeff": -1.0, "molecule": "ARG-L", "location": "c", "form": "mature"}, {"type": "metabolite", "coeff": -1.0, "molecule": "ATP", "location": "c", "form": "mature"}, {"type": "rnamodified", "coeff": 1.0, "molecule": "charged-argX-tRNA", "location": "c", "form": "mature"}, {"type": "metabolite", "coeff": 1.0, "molecule": "PPI", "location": "c", "form": "mature"}, {"type": "metabolite", "coeff": 1.0, "molecule": "AMP", "location": "c", "form": "mature"}]	"ARGININE--TRNA-LIGASE-R_5"	1
"rna"	["ARGS-MONOMER"]	""	[{"type": "metabolite", "coeff": -1.0, "molecule": "H", "location": "c", "form": "mature"}, {"type": "rna", "coeff": -1.0, "molecule": "argY-tRNA", "location": "c", "form": "mature"}, {"type": "metabolite", "coeff": -1.0, "molecule": "ARG-L", "location": "c", "form": "mature"}, {"type": "metabolite", "coeff": -1.0, "molecule": "ATP", "location": "c", "form": "mature"}, {"type": "rnamodified", "coeff": 1.0, "molecule": "charged-argY-tRNA", "location": "c", "form": "mature"}, {"type": "metabolite", "coeff": 1.0, "molecule": "PPI", "location": "c", "form": "mature"}, {"type": "metabolite", "coeff": 1.0, "molecule": "AMP", "location": "c", "form": "mature"}]	"ARGININE--TRNA-LIGASE-R_1"	1
"rna"	["ARGS-MONOMER"]	""	[{"type": "metabolite", "coeff": -1.0, "molecule": "H", "location": "c", "form": "mature"}, {"type": "rna", "coeff": -1.0, "molecule": "argZ-tRNA", "location": "c", "form": "mature"}, {"type": "metabolite", "coeff": -1.0, "molecule": "ARG-L", "location": "c", "form": "mature"}, {"type": "metabolite", "coeff": -1.0, "molecule": "ATP", "location": "c", "form": "mature"}, {"type": "rnamodified", "coeff": 1.0, "molecule": "charged-argZ-tRNA", "location": "c", "form": "mature"}, {"type": "metabolite", "coeff": 1.0, "molecule": "PPI", "location": "c", "form": "mature"}, {"type": "metabolite", "coeff": 1.0, "molecule": "AMP", "location": "c", "form": "mature"}]	"ARGININE--TRNA-LIGASE-RXN"	1
"rna"	["ASNS-CPLX"]	""	[{"type": "metabolite", "coeff": -1.0, "molecule": "H", "location": "c", "form": "mature"}, {"type": "rna", "coeff": -1.0, "molecule": "asnT-tRNA", "location": "c", "form": "mature"}, {"type": "metabolite", "coeff": -1.0, "molecule": "ASN-L", "location": "c", "form": "mature"}, {"type": "metabolite", "coeff": -1.0, "molecule": "ATP", "location": "c", "form": "mature"}, {"type": "rnamodified", "coeff": 1.0, "molecule": "charged-asnT-tRNA", "location": "c", "form": "mature"}, {"type": "metabolite", "coeff": 1.0, "molecule": "PPI", "location": "c", "form": "mature"}, {"type": "metabolite", "coeff": 1.0, "molecule": "AMP", "location": "c", "form": "mature"}]	"ASPARAGINE--TRNA-LIGASE-RXN"	1
"rna"	["ASNS-CPLX"]	""	[{"type": "metabolite", "coeff": -1.0, "molecule": "H", "location": "c", "form": "mature"}, {"type": "rna", "coeff": -1.0, "molecule": "asnU-tRNA", "location": "c", "form": "mature"}, {"type": "metabolite", "coeff": -1.0, "molecule": "ASN-L", "location": "c", "form": "mature"}, {"type": "metabolite", "coeff": -1.0, "molecule": "ATP", "location": "c", "form": "mature"}, {"type": "rnamodified", "coeff": 1.0, "molecule": "charged-asnU-tRNA", "location": "c", "form": "mature"}, {"type": "metabolite", "coeff": 1.0, "molecule": "PPI", "location": "c", "form": "mature"}, {"type": "metabolite", "coeff": 1.0, "molecule": "AMP", "location": "c", "form": "mature"}]	"ASPARAGINE--TRNA-LIGASE-R_0"	1
"rna"	["ASNS-CPLX"]	""	[{"type": "metabolite", "coeff": -1.0, "molecule": "H", "location": "c", "form": "mature"}, {"type": "rna", "coeff": -1.0, "molecule": "asnV-tRNA", "location": "c", "form": "mature"}, {"type": "metabolite", "coeff": -1.0, "molecule": "ASN-L", "location": "c", "form": "mature"}, {"type": "metabolite", "coeff": -1.0, "molecule": "ATP", "location": "c", "form": "mature"}, {"type": "rnamodified", "coeff": 1.0, "molecule": "charged-asnV-tRNA", "location": "c", "form": "mature"}, {"type": "metabolite", "coeff": 1.0, "molecule": "PPI", "location": "c", "form": "mature"}, {"type": "metabolite", "coeff": 1.0, "molecule": "AMP", "location": "c", "form": "mature"}]	"ASPARAGINE--TRNA-LIGASE-R_1"	1
"rna"	["ASPS-CPLX"]	""	[{"type": "metabolite", "coeff": -1.0, "molecule": "H", "location": "c", "form": "mature"}, {"type": "rna", "coeff": -1.0, "molecule": "aspT-tRNA", "location": "c", "form": "mature"}, {"type": "metabolite", "coeff": -1.0, "molecule": "ASP-L", "location": "c", "form": "mature"}, {"type": "metabolite", "coeff": -1.0, "molecule": "ATP", "location": "c", "form": "mature"}, {"type": "rnamodified", "coeff": 1.0, "molecule": "charged-aspT-tRNA", "location": "c", "form": "mature"}, {"type": "metabolite", "coeff": 1.0, "molecule": "PPI", "location": "c", "form": "mature"}, {"type": "metabolite", "coeff": 1.0, "molecule": "AMP", "location": "c", "form": "mature"}]	"ASPARTATE--TRNA-LIGASE-R_1"	1
"rna"	["ASPS-CPLX"]	""	[{"type": "metabolite", "coeff": -1.0, "molecule": "H", "location": "c", "form": "mature"}, {"type": "rna", "coeff": -1.0, "molecule": "aspU-tRNA", "location": "c", "form": "mature"}, {"type": "metabolite", "coeff": -1.0, "molecule": "ASP-L", "location": "c", "form": "mature"}, {"type": "metabolite", "coeff": -1.0, "molecule": "ATP", "location": "c", "form": "mature"}, {"type": "rnamodified", "coeff": 1.0, "molecule": "charged-aspU-tRNA", "location": "c", "form": "mature"}, {"type": "metabolite", "coeff": 1.0, "molecule": "PPI", "location": "c", "form": "mature"}, {"type": "metabolite", "coeff": 1.0, "molecule": "AMP", "location": "c", "form": "mature"}]	"ASPARTATE--TRNA-LIGASE-RXN"	1
"rna"	["ASPS-CPLX"]	""	[{"type": "metabolite", "coeff": -1.0, "molecule": "H", "location": "c", "form": "mature"}, {"type": "rna", "coeff": -1.0, "molecule": "aspV-tRNA", "location": "c", "form": "mature"}, {"type": "metabolite", "coeff": -1.0, "molecule": "ASP-L", "location": "c", "form": "mature"}, {"type": "metabolite", "coeff": -1.0, "molecule": "ATP", "location": "c", "form": "mature"}, {"type": "rnamodified", "coeff": 1.0, "molecule": "charged-aspV-tRNA", "location": "c", "form": "mature"}, {"type": "metabolite", "coeff": 1.0, "molecule": "PPI", "location": "c", "form": "mature"}, {"type": "metabolite", "coeff": 1.0, "molecule": "AMP", "location": "c", "form": "mature"}]	"ASPARTATE--TRNA-LIGASE-R_0"	1
"rna"	["CYSS-MONOMER"]	""	[{"type": "metabolite", "coeff": -1.0, "molecule": "H", "location": "c", "form": "mature"}, {"type": "rna", "coeff": -1.0, "molecule": "cysT-tRNA", "location": "c", "form": "mature"}, {"type": "metabolite", "coeff": -1.0, "molecule": "CYS-L", "location": "c", "form": "mature"}, {"type": "metabolite", "coeff": -1.0, "molecule": "ATP", "location": "c", "form": "mature"}, {"type": "rnamodified", "coeff": 1.0, "molecule": "charged-cysT-tRNA", "location": "c", "form": "mature"}, {"type": "metabolite", "coeff": 1.0, "molecule": "PPI", "location": "c", "form": "mature"}, {"type": "metabolite", "coeff": 1.0, "molecule": "AMP", "location": "c", "form": "mature"}]	"CYSTEINE--TRNA-LIGASE-RXN"	1
"rna"	["GLNS-MONOMER"]	""	[{"type": "metabolite", "coeff": -1.0, "molecule": "H", "location": "c", "form": "mature"}, {"type": "rna", "coeff": -1.0, "molecule": "glnU-tRNA", "location": "c", "form": "mature"}, {"type": "metabolite", "coeff": -1.0, "molecule": "GLN-L", "location": "c", "form": "mature"}, {"type": "metabolite", "coeff": -1.0, "molecule": "ATP", "location": "c", "form": "mature"}, {"type": "rnamodified", "coeff": 1.0, "molecule": "charged-glnU-tRNA", "location": "c", "form": "mature"}, {"type": "metabolite", "coeff": 1.0, "molecule": "PPI", "location": "c", "form": "mature"}, {"type": "metabolite", "coeff": 1.0, "molecule": "AMP", "location": "c", "form": "mature"}]	"GLUTAMINE--TRNA-LIGASE-R_0"	1
"rna"	["GLNS-MONOMER"]	""	[{"type": "metabolite", "coeff": -1.0, "molecule": "H", "location": "c", "form": "mature"}, {"type": "rna", "coeff": -1.0, "molecule": "glnV-tRNA", "location": "c", "form": "mature"}, {"type": "metabolite", "coeff": -1.0, "molecule": "GLN-L", "location": "c", "form": "mature"}, {"type": "metabolite", "coeff": -1.0, "molecule": "ATP", "location": "c", "form": "mature"}, {"type": "rnamodified", "coeff": 1.0, "molecule": "charged-glnV-tRNA", "location": "c", "form": "mature"}, {"type": "metabolite", "coeff": 1.0, "molecule": "PPI", "location": "c", "form": "mature"}, {"type": "metabolite", "coeff": 1.0, "molecule": "AMP", "location": "c", "form": "mature"}]	"GLUTAMINE--TRNA-LIGASE-R_1"	1
"rna"	["GLNS-MONOMER"]	""	[{"type": "metabolite", "coeff": -1.0, "molecule": "H", "location": "c", "form": "mature"}, {"type": "rna", "coeff": -1.0, "molecule": "glnW-tRNA", "location": "c", "form": "mature"}, {"type": "metabolite", "coeff": -1.0, "molecule": "GLN-L", "location": "c", "form": "mature"}, {"type": "metabolite", "coeff": -1.0, "molecule": "ATP", "location": "c", "form": "mature"}, {"type": "rnamodified", "coeff": 1.0, "molecule": "charged-glnW-tRNA", "location": "c", "form": "mature"}, {"type": "metabolite", "coeff": 1.0, "molecule": "PPI", "location": "c", "form": "mature"}, {"type": "metabolite", "coeff": 1.0, "molecule": "AMP", "location": "c", "form": "mature"}]	"GLUTAMINE--TRNA-LIGASE-R_2"	1
"rna"	["GLNS-MONOMER"]	""	[{"type": "metabolite", "coeff": -1.0, "molecule": "H", "location": "c", "form": "mature"}, {"type": "rna", "coeff": -1.0, "molecule": "glnX-tRNA", "location": "c", "form": "mature"}, {"type": "metabolite", "coeff": -1.0, "molecule": "GLN-L", "location": "c", "form": "mature"}, {"type": "metabolite", "coeff": -1.0, "molecule": "ATP", "location": "c", "form": "mature"}, {"type": "rnamodified", "coeff": 1.0, "molecule": "charged-glnX-tRNA", "location": "c", "form": "mature"}, {"type": "metabolite", "coeff": 1.0, "molecule": "PPI", "location": "c", "form": "mature"}, {"type": "metabolite", "coeff": 1.0, "molecule": "AMP", "location": "c", "form": "mature"}]	"GLUTAMINE--TRNA-LIGASE-RXN"	1
"rna"	["CPLX0-3741"]	""	[{"type": "metabolite", "coeff": -1.0, "molecule": "GLU1SA", "location": "c", "form": "mature"}, {"type": "metabolite", "coeff": -1.0, "molecule": "NADP", "location": "c", "form": "mature"}, {"type": "rna", "coeff": -1.0, "molecule": "gltT-tRNA", "location": "c", "form": "mature"}, {"type": "rnamodified", "coeff": 1.0, "molecule": "charged-gltT-tRNA", "location": "c", "form": "mature"}, {"type": "metabolite", "coeff": 1.0, "molecule": "NADPH", "location": "c", "form": "mature"}]	"GLUTRNAREDUCT-RXN"	0
"rna"	["CPLX0-3741"]	""	[{"type": "metabolite", "coeff": -1.0, "molecule": "GLU1SA", "location": "c", "form": "mature"}, {"type": "metabolite", "coeff": -1.0, "molecule": "NADP", "location": "c", "form": "mature"}, {"type": "rna", "coeff": -1.0, "molecule": "gltU-tRNA", "location": "c", "form": "mature"}, {"type": "rnamodified", "coeff": 1.0, "molecule": "charged-gltU-tRNA", "location": "c", "form": "mature"}, {"type": "metabolite", "coeff": 1.0, "molecule": "NADPH", "location": "c", "form": "mature"}]	"GLUTRNAREDUCT-R_1"	0
"rna"	["CPLX0-3741"]	""	[{"type": "metabolite", "coeff": -1.0, "molecule": "GLU1SA", "location": "c", "form": "mature"}, {"type": "metabolite", "coeff": -1.0, "molecule": "NADP", "location": "c", "form": "mature"}, {"type": "rna", "coeff": -1.0, "molecule": "gltV-tRNA", "location": "c", "form": "mature"}, {"type": "rnamodified", "coeff": 1.0, "molecule": "charged-gltV-tRNA", "location": "c", "form": "mature"}, {"type": "metabolite", "coeff": 1.0, "molecule": "NADPH", "location": "c", "form": "mature"}]	"GLUTRNAREDUCT-R_0"	0
"rna"	["CPLX0-3741"]	""	[{"type": "metabolite", "coeff": -1.0, "molecule": "GLU1SA", "location": "c", "form": "mature"}, {"type": "metabolite", "coeff": -1.0, "molecule": "NADP", "location": "c", "form": "mature"}, {"type": "rna", "coeff": -1.0, "molecule": "gltW-tRNA", "location": "c", "form": "mature"}, {"type": "rnamodified", "coeff": 1.0, "molecule": "charged-gltW-tRNA", "location": "c", "form": "mature"}, {"type": "metabolite", "coeff": 1.0, "molecule": "NADPH", "location": "c", "form": "mature"}]	"GLUTRNAREDUCT-R_2"	0
"rna"	["GLYS-CPLX"]	""	[{"type": "metabolite", "coeff": -1.0, "molecule": "H", "location": "c", "form": "mature"}, {"type": "rna", "coeff": -1.0, "molecule": "glyT-tRNA", "location": "c", "form": "mature"}, {"type": "metabolite", "coeff": -1.0, "molecule": "GLY", "location": "c", "form": "mature"}, {"type": "metabolite", "coeff": -1.0, "molecule": "ATP", "location": "c", "form": "mature"}, {"type": "rnamodified", "coeff": 1.0, "molecule": "charged-glyT-tRNA", "location": "c", "form": "mature"}, {"type": "metabolite", "coeff": 1.0, "molecule": "PPI", "location": "c", "form": "mature"}, {"type": "metabolite", "coeff": 1.0, "molecule": "AMP", "location": "c", "form": "mature"}]	"GLYCINE--TRNA-LIGASE-R_1"	1
"rna"	["GLYS-CPLX"]	""	[{"type": "metabolite", "coeff": -1.0, "molecule": "H", "location": "c", "form": "mature"}, {"type": "rna", "coeff": -1.0, "molecule": "glyU-tRNA", "location": "c", "form": "mature"}, {"type": "metabolite", "coeff": -1.0, "molecule": "GLY", "location": "c", "form": "mature"}, {"type": "metabolite", "coeff": -1.0, "molecule": "ATP", "location": "c", "form": "mature"}, {"type": "rnamodified", "coeff": 1.0, "molecule": "charged-glyU-tRNA", "location": "c", "form": "mature"}, {"type": "metabolite", "coeff": 1.0, "molecule": "PPI", "location": "c", "form": "mature"}, {"type": "metabolite", "coeff": 1.0, "molecule": "AMP", "location": "c", "form": "mature"}]	"GLYCINE--TRNA-LIGASE-R_3"	1
"rna"	["GLYS-CPLX"]	""	[{"type": "metabolite", "coeff": -1.0, "molecule": "H", "location": "c", "form": "mature"}, {"type": "rna", "coeff": -1.0, "molecule": "glyV-tRNA", "location": "c", "form": "mature"}, {"type": "metabolite", "coeff": -1.0, "molecule": "GLY", "location": "c", "form": "mature"}, {"type": "metabolite", "coeff": -1.0, "molecule": "ATP", "location": "c", "form": "mature"}, {"type": "rnamodified", "coeff": 1.0, "molecule": "charged-glyV-tRNA", "location": "c", "form": "mature"}, {"type": "metabolite", "coeff": 1.0, "molecule": "PPI", "location": "c", "form": "mature"}, {"type": "metabolite", "coeff": 1.0, "molecule": "AMP", "location": "c", "form": "mature"}]	"GLYCINE--TRNA-LIGASE-R_4"	1
"rna"	["GLYS-CPLX"]	""	[{"type": "metabolite", "coeff": -1.0, "molecule": "H", "location": "c", "form": "mature"}, {"type": "rna", "coeff": -1.0, "molecule": "glyW-tRNA", "location": "c", "form": "mature"}, {"type": "metabolite", "coeff": -1.0, "molecule": "GLY", "location": "c", "form": "mature"}, {"type": "metabolite", "coeff": -1.0, "molecule": "ATP", "location": "c", "form": "mature"}, {"type": "rnamodified", "coeff": 1.0, "molecule": "charged-glyW-tRNA", "location": "c", "form": "mature"}, {"type": "metabolite", "coeff": 1.0, "molecule": "PPI", "location": "c", "form": "mature"}, {"type": "metabolite", "coeff": 1.0, "molecule": "AMP", "location": "c", "form": "mature"}]	"GLYCINE--TRNA-LIGASE-RXN"	1
"rna"	["GLYS-CPLX"]	""	[{"type": "metabolite", "coeff": -1.0, "molecule": "H", "location": "c", "form": "mature"}, {"type": "rna", "coeff": -1.0, "molecule": "glyX-tRNA", "location": "c", "form": "mature"}, {"type": "metabolite", "coeff": -1.0, "molecule": "GLY", "location": "c", "form": "mature"}, {"type": "metabolite", "coeff": -1.0, "molecule": "ATP", "location": "c", "form": "mature"}, {"type": "rnamodified", "coeff": 1.0, "molecule": "charged-glyX-tRNA", "location": "c", "form": "mature"}, {"type": "metabolite", "coeff": 1.0, "molecule": "PPI", "location": "c", "form": "mature"}, {"type": "metabolite", "coeff": 1.0, "molecule": "AMP", "location": "c", "form": "mature"}]	"GLYCINE--TRNA-LIGASE-R_0"	1
"rna"	["GLYS-CPLX"]	""	[{"type": "metabolite", "coeff": -1.0, "molecule": "H", "location": "c", "form": "mature"}, {"type": "rna", "coeff": -1.0, "molecule": "glyY-tRNA", "location": "c", "form": "mature"}, {"type": "metabolite", "coeff": -1.0, "molecule": "GLY", "location": "c", "form": "mature"}, {"type": "metabolite", "coeff": -1.0, "molecule": "ATP", "location": "c", "form": "mature"}, {"type": "rnamodified", "coeff": 1.0, "molecule": "charged-glyY-tRNA", "location": "c", "form": "mature"}, {"type": "metabolite", "coeff": 1.0, "molecule": "PPI", "location": "c", "form": "mature"}, {"type": "metabolite", "coeff": 1.0, "molecule": "AMP", "location": "c", "form": "mature"}]	"GLYCINE--TRNA-LIGASE-R_2"	1
"rna"	["HISS-CPLX"]	""	[{"type": "metabolite", "coeff": -1.0, "molecule": "H", "location": "c", "form": "mature"}, {"type": "rna", "coeff": -1.0, "molecule": "hisR-tRNA", "location": "c", "form": "mature"}, {"type": "metabolite", "coeff": -1.0, "molecule": "HIS-L", "location": "c", "form": "mature"}, {"type": "metabolite", "coeff": -1.0, "molecule": "ATP", "location": "c", "form": "mature"}, {"type": "rnamodified", "coeff": 1.0, "molecule": "charged-hisR-tRNA", "location": "c", "form": "mature"}, {"type": "metabolite", "coeff": 1.0, "molecule": "PPI", "location": "c", "form": "mature"}, {"type": "metabolite", "coeff": 1.0, "molecule": "AMP", "location": "c", "form": "mature"}]	"HISTIDINE--TRNA-LIGASE-RXN"	1
"rna"	["ILES-MONOMER"]	""	[{"type": "metabolite", "coeff": -1.0, "molecule": "H", "location": "c", "form": "mature"}, {"type": "rna", "coeff": -1.0, "molecule": "ileT-tRNA", "location": "c", "form": "mature"}, {"type": "metabolite", "coeff": -1.0, "molecule": "ILE-L", "location": "c", "form": "mature"}, {"type": "metabolite", "coeff": -1.0, "molecule": "ATP", "location": "c", "form": "mature"}, {"type": "rnamodified", "coeff": 1.0, "molecule": "charged-ileT-tRNA", "location": "c", "form": "mature"}, {"type": "metabolite", "coeff": 1.0, "molecule": "PPI", "location": "c", "form": "mature"}, {"type": "metabolite", "coeff": 1.0, "molecule": "AMP", "location": "c", "form": "mature"}]	"ISOLEUCINE--TRNA-LIGASE-RXN"	1
"rna"	["ILES-MONOMER"]	""	[{"type": "metabolite", "coeff": -1.0, "molecule": "H", "location": "c", "form": "mature"}, {"type": "rna", "coeff": -1.0, "molecule": "ileU-tRNA", "location": "c", "form": "mature"}, {"type": "metabolite", "coeff": -1.0, "molecule": "ILE-L", "location": "c", "form": "mature"}, {"type": "metabolite", "coeff": -1.0, "molecule": "ATP", "location": "c", "form": "mature"}, {"type": "rnamodified", "coeff": 1.0, "molecule": "charged-ileU-tRNA", "location": "c", "form": "mature"}, {"type": "metabolite", "coeff": 1.0, "molecule": "PPI", "location": "c", "form": "mature"}, {"type": "metabolite", "coeff": 1.0, "molecule": "AMP", "location": "c", "form": "mature"}]	"ISOLEUCINE--TRNA-LIGASE-R_2"	1
"rna"	["ILES-MONOMER"]	""	[{"type": "metabolite", "coeff": -1.0, "molecule": "H", "location": "c", "form": "mature"}, {"type": "rna", "coeff": -1.0, "molecule": "ileV-tRNA", "location": "c", "form": "mature"}, {"type": "metabolite", "coeff": -1.0, "molecule": "ILE-L", "location": "c", "form": "mature"}, {"type": "metabolite", "coeff": -1.0, "molecule": "ATP", "location": "c", "form": "mature"}, {"type": "rnamodified", "coeff": 1.0, "molecule": "charged-ileV-tRNA", "location": "c", "form": "mature"}, {"type": "metabolite", "coeff": 1.0, "molecule": "PPI", "location": "c", "form": "mature"}, {"type": "metabolite", "coeff": 1.0, "molecule": "AMP", "location": "c", "form": "mature"}]	"ISOLEUCINE--TRNA-LIGASE-R_1"	1
"rna"	["ILES-MONOMER"]	""	[{"type": "metabolite", "coeff": -1.0, "molecule": "H", "location": "c", "form": "mature"}, {"type": "rna", "coeff": -1.0, "molecule": "ileX-tRNA", "location": "c", "form": "mature"}, {"type": "metabolite", "coeff": -1.0, "molecule": "ILE-L", "location": "c", "form": "mature"}, {"type": "metabolite", "coeff": -1.0, "molecule": "ATP", "location": "c", "form": "mature"}, {"type": "rnamodified", "coeff": 1.0, "molecule": "charged-ileX-tRNA", "location": "c", "form": "mature"}, {"type": "metabolite", "coeff": 1.0, "molecule": "PPI", "location": "c", "form": "mature"}, {"type": "metabolite", "coeff": 1.0, "molecule": "AMP", "location": "c", "form": "mature"}]	"ISOLEUCINE--TRNA-LIGASE-R_0"	1
"rna"	["LEUS-MONOMER"]	""	[{"type": "metabolite", "coeff": -1.0, "molecule": "H", "location": "c", "form": "mature"}, {"type": "rna", "coeff": -1.0, "molecule": "leuP-tRNA", "location": "c", "form": "mature"}, {"type": "metabolite", "coeff": -1.0, "molecule": "LEU-L", "location": "c", "form": "mature"}, {"type": "metabolite", "coeff": -1.0, "molecule": "ATP", "location": "c", "form": "mature"}, {"type": "rnamodified", "coeff": 1.0, "molecule": "charged-leuP-tRNA", "location": "c", "form": "mature"}, {"type": "metabolite", "coeff": 1.0, "molecule": "PPI", "location": "c", "form": "mature"}, {"type": "metabolite", "coeff": 1.0, "molecule": "AMP", "location": "c", "form": "mature"}]	"LEUCINE--TRNA-LIGASE-R_0"	1
"rna"	["LEUS-MONOMER"]	""	[{"type": "metabolite", "coeff": -1.0, "molecule": "H", "location": "c", "form": "mature"}, {"type": "rna", "coeff": -1.0, "molecule": "leuQ-tRNA", "location": "c", "form": "mature"}, {"type": "metabolite", "coeff": -1.0, "molecule": "LEU-L", "location": "c", "form": "mature"}, {"type": "metabolite", "coeff": -1.0, "molecule": "ATP", "location": "c", "form": "mature"}, {"type": "rnamodified", "coeff": 1.0, "molecule": "charged-leuQ-tRNA", "location": "c", "form": "mature"}, {"type": "metabolite", "coeff": 1.0, "molecule": "PPI", "location": "c", "form": "mature"}, {"type": "metabolite", "coeff": 1.0, "molecule": "AMP", "location": "c", "form": "mature"}]	"LEUCINE--TRNA-LIGASE-R_6"	1
"rna"	["LEUS-MONOMER"]	""	[{"type": "metabolite", "coeff": -1.0, "molecule": "H", "location": "c", "form": "mature"}, {"type": "rna", "coeff": -1.0, "molecule": "leuT-tRNA", "location": "c", "form": "mature"}, {"type": "metabolite", "coeff": -1.0, "molecule": "LEU-L", "location": "c", "form": "mature"}, {"type": "metabolite", "coeff": -1.0, "molecule": "ATP", "location": "c", "form": "mature"}, {"type": "rnamodified", "coeff": 1.0, "molecule": "charged-leuT-tRNA", "location": "c", "form": "mature"}, {"type": "metabolite", "coeff": 1.0, "molecule": "PPI", "location": "c", "form": "mature"}, {"type": "metabolite", "coeff": 1.0, "molecule": "AMP", "location": "c", "form": "mature"}]	"LEUCINE--TRNA-LIGASE-R_5"	1
"rna"	["LEUS-MONOMER"]	""	[{"type": "metabolite", "coeff": -1.0, "molecule": "H", "location": "c", "form": "mature"}, {"type": "rna", "coeff": -1.0, "molecule": "leuU-tRNA", "location": "c", "form": "mature"}, {"type": "metabolite", "coeff": -1.0, "molecule": "LEU-L", "location": "c", "form": "mature"}, {"type": "metabolite", "coeff": -1.0, "molecule": "ATP", "location": "c", "form": "mature"}, {"type": "rnamodified", "coeff": 1.0, "molecule": "charged-leuU-tRNA", "location": "c", "form": "mature"}, {"type": "metabolite", "coeff": 1.0, "molecule": "PPI", "location": "c", "form": "mature"}, {"type": "metabolite", "coeff": 1.0, "molecule": "AMP", "location": "c", "form": "mature"}]	"LEUCINE--TRNA-LIGASE-R_4"	1
"rna"	["LEUS-MONOMER"]	""	[{"type": "metabolite", "coeff": -1.0, "molecule": "H", "location": "c", "form": "mature"}, {"type": "rna", "coeff": -1.0, "molecule": "leuV-tRNA", "location": "c", "form": "mature"}, {"type": "metabolite", "coeff": -1.0, "molecule": "LEU-L", "location": "c", "form": "mature"}, {"type": "metabolite", "coeff": -1.0, "molecule": "ATP", "location": "c", "form": "mature"}, {"type": "rnamodified", "coeff": 1.0, "molecule": "charged-leuV-tRNA", "location": "c", "form": "mature"}, {"type": "metabolite", "coeff": 1.0, "molecule": "PPI", "location": "c", "form": "mature"}, {"type": "metabolite", "coeff": 1.0, "molecule": "AMP", "location": "c", "form": "mature"}]	"LEUCINE--TRNA-LIGASE-R_2"	1
"rna"	["LEUS-MONOMER"]	""	[{"type": "metabolite", "coeff": -1.0, "molecule": "H", "location": "c", "form": "mature"}, {"type": "rna", "coeff": -1.0, "molecule": "leuW-tRNA", "location": "c", "form": "mature"}, {"type": "metabolite", "coeff": -1.0, "molecule": "LEU-L", "location": "c", "form": "mature"}, {"type": "metabolite", "coeff": -1.0, "molecule": "ATP", "location": "c", "form": "mature"}, {"type": "rnamodified", "coeff": 1.0, "molecule": "charged-leuW-tRNA", "location": "c", "form": "mature"}, {"type": "metabolite", "coeff": 1.0, "molecule": "PPI", "location": "c", "form": "mature"}, {"type": "metabolite", "coeff": 1.0, "molecule": "AMP", "location": "c", "form": "mature"}]	"LEUCINE--TRNA-LIGASE-RXN"	1
"rna"	["LEUS-MONOMER"]	""	[{"type": "metabolite", "coeff": -1.0, "molecule": "H", "location": "c", "form": "mature"}, {"type": "rna", "coeff": -1.0, "molecule": "leuX-tRNA", "location": "c", "form": "mature"}, {"type": "metabolite", "coeff": -1.0, "molecule": "LEU-L", "location": "c", "form": "mature"}, {"type": "metabolite", "coeff": -1.0, "molecule": "ATP", "location": "c", "form": "mature"}, {"type": "rnamodified", "coeff": 1.0, "molecule": "charged-leuX-tRNA", "location": "c", "form": "mature"}, {"type": "metabolite", "coeff": 1.0, "molecule": "PPI", "location": "c", "form": "mature"}, {"type": "metabolite", "coeff": 1.0, "molecule": "AMP", "location": "c", "form": "mature"}]	"LEUCINE--TRNA-LIGASE-R_3"	1
"rna"	["LEUS-MONOMER"]	""	[{"type": "metabolite", "coeff": -1.0, "molecule": "H", "location": "c", "form": "mature"}, {"type": "rna", "coeff": -1.0, "molecule": "leuZ-tRNA", "location": "c", "form": "mature"}, {"type": "metabolite", "coeff": -1.0, "molecule": "LEU-L", "location": "c", "form": "mature"}, {"type": "metabolite", "coeff": -1.0, "molecule": "ATP", "location": "c", "form": "mature"}, {"type": "rnamodified", "coeff": 1.0, "molecule": "charged-leuZ-tRNA", "location": "c", "form": "mature"}, {"type": "metabolite", "coeff": 1.0, "molecule": "PPI", "location": "c", "form": "mature"}, {"type": "metabolite", "coeff": 1.0, "molecule": "AMP", "location": "c", "form": "mature"}]	"LEUCINE--TRNA-LIGASE-R_1"	1
"rna"	["LYSS-CPLX"]	""	[{"type": "metabolite", "coeff": -1.0, "molecule": "H", "location": "c", "form": "mature"}, {"type": "metabolite", "coeff": -1.0, "molecule": "LYS-L", "location": "c", "form": "mature"}, {"type": "rna", "coeff": -1.0, "molecule": "lysT-tRNA", "location": "c", "form": "mature"}, {"type": "metabolite", "coeff": -1.0, "molecule": "ATP", "location": "c", "form": "mature"}, {"type": "rnamodified", "coeff": 1.0, "molecule": "charged-lysT-tRNA", "location": "c", "form": "mature"}, {"type": "metabolite", "coeff": 1.0, "molecule": "PPI", "location": "c", "form": "mature"}, {"type": "metabolite", "coeff": 1.0, "molecule": "AMP", "location": "c", "form": "mature"}]	"LYSINE--TRNA-LIGASE-R_0"	1
"rna"	["LYSS-CPLX"]	""	[{"type": "metabolite", "coeff": -1.0, "molecule": "H", "location": "c", "form": "mature"}, {"type": "metabolite", "coeff": -1.0, "molecule": "LYS-L", "location": "c", "form": "mature"}, {"type": "rna", "coeff": -1.0, "molecule": "lysV-tRNA", "location": "c", "form": "mature"}, {"type": "metabolite", "coeff": -1.0, "molecule": "ATP", "location": "c", "form": "mature"}, {"type": "rnamodified", "coeff": 1.0, "molecule": "charged-lysV-tRNA", "location": "c", "form": "mature"}, {"type": "metabolite", "coeff": 1.0, "molecule": "PPI", "location": "c", "form": "mature"}, {"type": "metabolite", "coeff": 1.0, "molecule": "AMP", "location": "c", "form": "mature"}]	"LYSINE--TRNA-LIGASE-RXN"	1
"rna"	["LYSS-CPLX"]	""	[{"type": "metabolite", "coeff": -1.0, "molecule": "H", "location": "c", "form": "mature"}, {"type": "metabolite", "coeff": -1.0, "molecule": "LYS-L", "location": "c", "form": "mature"}, {"type": "rna", "coeff": -1.0, "molecule": "lysW-tRNA", "location": "c", "form": "mature"}, {"type": "metabolite", "coeff": -1.0, "molecule": "ATP", "location": "c", "form": "mature"}, {"type": "rnamodified", "coeff": 1.0, "molecule": "charged-lysW-tRNA", "location": "c", "form": "mature"}, {"type": "metabolite", "coeff": 1.0, "molecule": "PPI", "location": "c", "form": "mature"}, {"type": "metabolite", "coeff": 1.0, "molecule": "AMP", "location": "c", "form": "mature"}]	"LYSINE--TRNA-LIGASE-R_1"	1
"rna"	["METG-CPLX"]	""	[{"type": "metabolite", "coeff": -1.0, "molecule": "H", "location": "c", "form": "mature"}, {"type": "rna", "coeff": -1.0, "molecule": "metT-tRNA", "location": "c", "form": "mature"}, {"type": "metabolite", "coeff": -1.0, "molecule": "MET-L", "location": "c", "form": "mature"}, {"type": "metabolite", "coeff": -1.0, "molecule": "ATP", "location": "c", "form": "mature"}, {"type": "rnamodified", "coeff": 1.0, "molecule": "charged-metT-tRNA", "location": "c", "form": "mature"}, {"type": "metabolite", "coeff": 1.0, "molecule": "PPI", "location": "c", "form": "mature"}, {"type": "metabolite", "coeff": 1.0, "molecule": "AMP", "location": "c", "form": "mature"}]	"METHIONINE--TRNA-LIGASE-R_3"	1
"rna"	["METG-CPLX"]	""	[{"type": "metabolite", "coeff": -1.0, "molecule": "H", "location": "c", "form": "mature"}, {"type": "rna", "coeff": -1.0, "molecule": "metU-tRNA", "location": "c", "form": "mature"}, {"type": "metabolite", "coeff": -1.0, "molecule": "MET-L", "location": "c", "form": "mature"}, {"type": "metabolite", "coeff": -1.0, "molecule": "ATP", "location": "c", "form": "mature"}, {"type": "rnamodified", "coeff": 1.0, "molecule": "charged-metU-tRNA", "location": "c", "form": "mature"}, {"type": "metabolite", "coeff": 1.0, "molecule": "PPI", "location": "c", "form": "mature"}, {"type": "metabolite", "coeff": 1.0, "molecule": "AMP", "location": "c", "form": "mature"}]	"METHIONINE--TRNA-LIGASE-R_2"	1
"rna"	["PHES-CPLX"]	""	[{"type": "metabolite", "coeff": -1.0, "molecule": "H", "location": "c", "form": "mature"}, {"type": "rna", "coeff": -1.0, "molecule": "pheU-tRNA", "location": "c", "form": "mature"}, {"type": "metabolite", "coeff": -1.0, "molecule": "PHE-L", "location": "c", "form": "mature"}, {"type": "metabolite", "coeff": -1.0, "molecule": "ATP", "location": "c", "form": "mature"}, {"type": "rnamodified", "coeff": 1.0, "molecule": "charged-pheU-tRNA", "location": "c", "form": "mature"}, {"type": "metabolite", "coeff": 1.0, "molecule": "PPI", "location": "c", "form": "mature"}, {"type": "metabolite", "coeff": 1.0, "molecule": "AMP", "location": "c", "form": "mature"}]	"PHENYLALANINE--TRNA-LIGASE-R_0"	1
"rna"	["PHES-CPLX"]	""	[{"type": "metabolite", "coeff": -1.0, "molecule": "H", "location": "c", "form": "mature"}, {"type": "rna", "coeff": -1.0, "molecule": "pheV-tRNA", "location": "c", "form": "mature"}, {"type": "metabolite", "coeff": -1.0, "molecule": "PHE-L", "location": "c", "form": "mature"}, {"type": "metabolite", "coeff": -1.0, "molecule": "ATP", "location": "c", "form": "mature"}, {"type": "rnamodified", "coeff": 1.0, "molecule": "charged-pheV-tRNA", "location": "c", "form": "mature"}, {"type": "metabolite", "coeff": 1.0, "molecule": "PPI", "location": "c", "form": "mature"}, {"type": "metabolite", "coeff": 1.0, "molecule": "AMP", "location": "c", "form": "mature"}]	"PHENYLALANINE--TRNA-LIGASE-RXN"	1
"rna"	["PROS-CPLX"]	""	[{"type": "metabolite", "coeff": -1.0, "molecule": "H", "location": "c", "form": "mature"}, {"type": "rna", "coeff": -1.0, "molecule": "proK-tRNA", "location": "c", "form": "mature"}, {"type": "metabolite", "coeff": -1.0, "molecule": "PRO-L", "location": "c", "form": "mature"}, {"type": "metabolite", "coeff": -1.0, "molecule": "ATP", "location": "c", "form": "mature"}, {"type": "rnamodified", "coeff": 1.0, "molecule": "charged-proK-tRNA", "location": "c", "form": "mature"}, {"type": "metabolite", "coeff": 1.0, "molecule": "PPI", "location": "c", "form": "mature"}, {"type": "metabolite", "coeff": 1.0, "molecule": "AMP", "location": "c", "form": "mature"}]	"PROLINE--TRNA-LIGASE-RXN"	1
"rna"	["PROS-CPLX"]	""	[{"type": "metabolite", "coeff": -1.0, "molecule": "H", "location": "c", "form": "mature"}, {"type": "rna", "coeff": -1.0, "molecule": "proL-tRNA", "location": "c", "form": "mature"}, {"type": "metabolite", "coeff": -1.0, "molecule": "PRO-L", "location": "c", "form": "mature"}, {"type": "metabolite", "coeff": -1.0, "molecule": "ATP", "location": "c", "form": "mature"}, {"type": "rnamodified", "coeff": 1.0, "molecule": "charged-proL-tRNA", "location": "c", "form": "mature"}, {"type": "metabolite", "coeff": 1.0, "molecule": "PPI", "location": "c", "form": "mature"}, {"type": "metabolite", "coeff": 1.0, "molecule": "AMP", "location": "c", "form": "mature"}]	"PROLINE--TRNA-LIGASE-R_0"	1
"rna"	["PROS-CPLX"]	""	[{"type": "metabolite", "coeff": -1.0, "molecule": "H", "location": "c", "form": "mature"}, {"type": "rna", "coeff": -1.0, "molecule": "proM-tRNA", "location": "c", "form": "mature"}, {"type": "metabolite", "coeff": -1.0, "molecule": "PRO-L", "location": "c", "form": "mature"}, {"type": "metabolite", "coeff": -1.0, "molecule": "ATP", "location": "c", "form": "mature"}, {"type": "rnamodified", "coeff": 1.0, "molecule": "charged-proM-tRNA", "location": "c", "form": "mature"}, {"type": "metabolite", "coeff": 1.0, "molecule": "PPI", "location": "c", "form": "mature"}, {"type": "metabolite", "coeff": 1.0, "molecule": "AMP", "location": "c", "form": "mature"}]	"PROLINE--TRNA-LIGASE-R_1"	1
"rna"	["SERS-CPLX"]	""	[{"type": "metabolite", "coeff": -1.0, "molecule": "H", "location": "c", "form": "mature"}, {"type": "rna", "coeff": -1.0, "molecule": "selC-tRNA", "location": "c", "form": "mature"}, {"type": "metabolite", "coeff": -1.0, "molecule": "SER-L", "location": "c", "form": "mature"}, {"type": "metabolite", "coeff": -1.0, "molecule": "ATP", "location": "c", "form": "mature"}, {"type": "rnamodified", "coeff": 1.0, "molecule": "charged-selC-tRNA", "location": "c", "form": "mature"}, {"type": "metabolite", "coeff": 1.0, "molecule": "PPI", "location": "c", "form": "mature"}, {"type": "metabolite", "coeff": 1.0, "molecule": "AMP", "location": "c", "form": "mature"}]	"SERINE--TRNA-LIGASE-R_4"	1
"rna"	["SERS-CPLX"]	""	[{"type": "metabolite", "coeff": -1.0, "molecule": "H", "location": "c", "form": "mature"}, {"type": "rna", "coeff": -1.0, "molecule": "serT-tRNA", "location": "c", "form": "mature"}, {"type": "metabolite", "coeff": -1.0, "molecule": "SER-L", "location": "c", "form": "mature"}, {"type": "metabolite", "coeff": -1.0, "molecule": "ATP", "location": "c", "form": "mature"}, {"type": "rnamodified", "coeff": 1.0, "molecule": "charged-serT-tRNA", "location": "c", "form": "mature"}, {"type": "metabolite", "coeff": 1.0, "molecule": "PPI", "location": "c", "form": "mature"}, {"type": "metabolite", "coeff": 1.0, "molecule": "AMP", "location": "c", "form": "mature"}]	"SERINE--TRNA-LIGASE-R_1"	1
"rna"	["SERS-CPLX"]	""	[{"type": "metabolite", "coeff": -1.0, "molecule": "H", "location": "c", "form": "mature"}, {"type": "rna", "coeff": -1.0, "molecule": "serU-tRNA", "location": "c", "form": "mature"}, {"type": "metabolite", "coeff": -1.0, "molecule": "SER-L", "location": "c", "form": "mature"}, {"type": "metabolite", "coeff": -1.0, "molecule": "ATP", "location": "c", "form": "mature"}, {"type": "rnamodified", "coeff": 1.0, "molecule": "charged-serU-tRNA", "location": "c", "form": "mature"}, {"type": "metabolite", "coeff": 1.0, "molecule": "PPI", "location": "c", "form": "mature"}, {"type": "metabolite", "coeff": 1.0, "molecule": "AMP", "location": "c", "form": "mature"}]	"SERINE--TRNA-LIGASE-R_3"	1
"rna"	["SERS-CPLX"]	""	[{"type": "metabolite", "coeff": -1.0, "molecule": "H", "location": "c", "form": "mature"}, {"type": "rna", "coeff": -1.0, "molecule": "serV-tRNA", "location": "c", "form": "mature"}, {"type": "metabolite", "coeff": -1.0, "molecule": "SER-L", "location": "c", "form": "mature"}, {"type": "metabolite", "coeff": -1.0, "molecule": "ATP", "location": "c", "form": "mature"}, {"type": "rnamodified", "coeff": 1.0, "molecule": "charged-serV-tRNA", "location": "c", "form": "mature"}, {"type": "metabolite", "coeff": 1.0, "molecule": "PPI", "location": "c", "form": "mature"}, {"type": "metabolite", "coeff": 1.0, "molecule": "AMP", "location": "c", "form": "mature"}]	"SERINE--TRNA-LIGASE-R_0"	1
"rna"	["SERS-CPLX"]	""	[{"type": "metabolite", "coeff": -1.0, "molecule": "H", "location": "c", "form": "mature"}, {"type": "rna", "coeff": -1.0, "molecule": "serW-tRNA", "location": "c", "form": "mature"}, {"type": "metabolite", "coeff": -1.0, "molecule": "SER-L", "location": "c", "form": "mature"}, {"type": "metabolite", "coeff": -1.0, "molecule": "ATP", "location": "c", "form": "mature"}, {"type": "rnamodified", "coeff": 1.0, "molecule": "charged-serW-tRNA", "location": "c", "form": "mature"}, {"type": "metabolite", "coeff": 1.0, "molecule": "PPI", "location": "c", "form": "mature"}, {"type": "metabolite", "coeff": 1.0, "molecule": "AMP", "location": "c", "form": "mature"}]	"SERINE--TRNA-LIGASE-RXN"	1
"rna"	["SERS-CPLX"]	""	[{"type": "metabolite", "coeff": -1.0, "molecule": "H", "location": "c", "form": "mature"}, {"type": "rna", "coeff": -1.0, "molecule": "serX-tRNA", "location": "c", "form": "mature"}, {"type": "metabolite", "coeff": -1.0, "molecule": "SER-L", "location": "c", "form": "mature"}, {"type": "metabolite", "coeff": -1.0, "molecule": "ATP", "location": "c", "form": "mature"}, {"type": "rnamodified", "coeff": 1.0, "molecule": "charged-serX-tRNA", "location": "c", "form": "mature"}, {"type": "metabolite", "coeff": 1.0, "molecule": "PPI", "location": "c", "form": "mature"}, {"type": "metabolite", "coeff": 1.0, "molecule": "AMP", "location": "c", "form": "mature"}]	"SERINE--TRNA-LIGASE-R_2"	1
"rna"	["THRS-CPLX"]	""	[{"type": "metabolite", "coeff": -1.0, "molecule": "H", "location": "c", "form": "mature"}, {"type": "rna", "coeff": -1.0, "molecule": "thrT-tRNA", "location": "c", "form": "mature"}, {"type": "metabolite", "coeff": -1.0, "molecule": "THR-L", "location": "c", "form": "mature"}, {"type": "metabolite", "coeff": -1.0, "molecule": "ATP", "location": "c", "form": "mature"}, {"type": "rnamodified", "coeff": 1.0, "molecule": "charged-thrT-tRNA", "location": "c", "form": "mature"}, {"type": "metabolite", "coeff": 1.0, "molecule": "PPI", "location": "c", "form": "mature"}, {"type": "metabolite", "coeff": 1.0, "molecule": "AMP", "location": "c", "form": "mature"}]	"THREONINE--TRNA-LIGASE-RXN"	1
"rna"	["THRS-CPLX"]	""	[{"type": "metabolite", "coeff": -1.0, "molecule": "H", "location": "c", "form": "mature"}, {"type": "rna", "coeff": -1.0, "molecule": "thrU-tRNA", "location": "c", "form": "mature"}, {"type": "metabolite", "coeff": -1.0, "molecule": "THR-L", "location": "c", "form": "mature"}, {"type": "metabolite", "coeff": -1.0, "molecule": "ATP", "location": "c", "form": "mature"}, {"type": "rnamodified", "coeff": 1.0, "molecule": "charged-thrU-tRNA", "location": "c", "form": "mature"}, {"type": "metabolite", "coeff": 1.0, "molecule": "PPI", "location": "c", "form": "mature"}, {"type": "metabolite", "coeff": 1.0, "molecule": "AMP", "location": "c", "form": "mature"}]	"THREONINE--TRNA-LIGASE-R_2"	1
"rna"	["THRS-CPLX"]	""	[{"type": "metabolite", "coeff": -1.0, "molecule": "H", "location": "c", "form": "mature"}, {"type": "rna", "coeff": -1.0, "molecule": "thrV-tRNA", "location": "c", "form": "mature"}, {"type": "metabolite", "coeff": -1.0, "molecule": "THR-L", "location": "c", "form": "mature"}, {"type": "metabolite", "coeff": -1.0, "molecule": "ATP", "location": "c", "form": "mature"}, {"type": "rnamodified", "coeff": 1.0, "molecule": "charged-thrV-tRNA", "location": "c", "form": "mature"}, {"type": "metabolite", "coeff": 1.0, "molecule": "PPI", "location": "c", "form": "mature"}, {"type": "metabolite", "coeff": 1.0, "molecule": "AMP", "location": "c", "form": "mature"}]	"THREONINE--TRNA-LIGASE-R_0"	1
"rna"	["THRS-CPLX"]	""	[{"type": "metabolite", "coeff": -1.0, "molecule": "H", "location": "c", "form": "mature"}, {"type": "rna", "coeff": -1.0, "molecule": "thrW-tRNA", "location": "c", "form": "mature"}, {"type": "metabolite", "coeff": -1.0, "molecule": "THR-L", "location": "c", "form": "mature"}, {"type": "metabolite", "coeff": -1.0, "molecule": "ATP", "location": "c", "form": "mature"}, {"type": "rnamodified", "coeff": 1.0, "molecule": "charged-thrW-tRNA", "location": "c", "form": "mature"}, {"type": "metabolite", "coeff": 1.0, "molecule": "PPI", "location": "c", "form": "mature"}, {"type": "metabolite", "coeff": 1.0, "molecule": "AMP", "location": "c", "form": "mature"}]	"THREONINE--TRNA-LIGASE-R_1"	1
"rna"	["TRPS-CPLX"]	""	[{"type": "metabolite", "coeff": -1.0, "molecule": "H", "location": "c", "form": "mature"}, {"type": "metabolite", "coeff": -1.0, "molecule": "TRP-L", "location": "c", "form": "mature"}, {"type": "rna", "coeff": -1.0, "molecule": "trpT-tRNA", "location": "c", "form": "mature"}, {"type": "metabolite", "coeff": -1.0, "molecule": "ATP", "location": "c", "form": "mature"}, {"type": "rnamodified", "coeff": 1.0, "molecule": "charged-trpT-tRNA", "location": "c", "form": "mature"}, {"type": "metabolite", "coeff": 1.0, "molecule": "PPI", "location": "c", "form": "mature"}, {"type": "metabolite", "coeff": 1.0, "molecule": "AMP", "location": "c", "form": "mature"}]	"TRYPTOPHAN--TRNA-LIGASE-RXN"	1
"rna"	["TYRS-CPLX"]	""	[{"type": "metabolite", "coeff": -1.0, "molecule": "H", "location": "c", "form": "mature"}, {"type": "rna", "coeff": -1.0, "molecule": "tyrT-tRNA", "location": "c", "form": "mature"}, {"type": "metabolite", "coeff": -1.0, "molecule": "TYR-L", "location": "c", "form": "mature"}, {"type": "metabolite", "coeff": -1.0, "molecule": "ATP", "location": "c", "form": "mature"}, {"type": "rnamodified", "coeff": 1.0, "molecule": "charged-tyrT-tRNA", "location": "c", "form": "mature"}, {"type": "metabolite", "coeff": 1.0, "molecule": "PPI", "location": "c", "form": "mature"}, {"type": "metabolite", "coeff": 1.0, "molecule": "AMP", "location": "c", "form": "mature"}]	"TYROSINE--TRNA-LIGASE-RXN"	1
"rna"	["TYRS-CPLX"]	""	[{"type": "metabolite", "coeff": -1.0, "molecule": "H", "location": "c", "form": "mature"}, {"type": "rna", "coeff": -1.0, "molecule": "tyrU-tRNA", "location": "c", "form": "mature"}, {"type": "metabolite", "coeff": -1.0, "molecule": "TYR-L", "location": "c", "form": "mature"}, {"type": "metabolite", "coeff": -1.0, "molecule": "ATP", "location": "c", "form": "mature"}, {"type": "rnamodified", "coeff": 1.0, "molecule": "charged-tyrU-tRNA", "location": "c", "form": "mature"}, {"type": "metabolite", "coeff": 1.0, "molecule": "PPI", "location": "c", "form": "mature"}, {"type": "metabolite", "coeff": 1.0, "molecule": "AMP", "location": "c", "form": "mature"}]	"TYROSINE--TRNA-LIGASE-R_1"	1
"rna"	["TYRS-CPLX"]	""	[{"type": "metabolite", "coeff": -1.0, "molecule": "H", "location": "c", "form": "mature"}, {"type": "rna", "coeff": -1.0, "molecule": "tyrV-tRNA", "location": "c", "form": "mature"}, {"type": "metabolite", "coeff": -1.0, "molecule": "TYR-L", "location": "c", "form": "mature"}, {"type": "metabolite", "coeff": -1.0, "molecule": "ATP", "location": "c", "form": "mature"}, {"type": "rnamodified", "coeff": 1.0, "molecule": "charged-tyrV-tRNA", "location": "c", "form": "mature"}, {"type": "metabolite", "coeff": 1.0, "molecule": "PPI", "location": "c", "form": "mature"}, {"type": "metabolite", "coeff": 1.0, "molecule": "AMP", "location": "c", "form": "mature"}]	"TYROSINE--TRNA-LIGASE-R_0"	1
"rna"	["VALS-MONOMER"]	""	[{"type": "metabolite", "coeff": -1.0, "molecule": "H", "location": "c", "form": "mature"}, {"type": "rna", "coeff": -1.0, "molecule": "valT-tRNA", "location": "c", "form": "mature"}, {"type": "metabolite", "coeff": -1.0, "molecule": "VAL-L", "location": "c", "form": "mature"}, {"type": "metabolite", "coeff": -1.0, "molecule": "ATP", "location": "c", "form": "mature"}, {"type": "rnamodified", "coeff": 1.0, "molecule": "charged-valT-tRNA", "location": "c", "form": "mature"}, {"type": "metabolite", "coeff": 1.0, "molecule": "PPI", "location": "c", "form": "mature"}, {"type": "metabolite", "coeff": 1.0, "molecule": "AMP", "location": "c", "form": "mature"}]	"VALINE--TRNA-LIGASE-R_5"	1
"rna"	["VALS-MONOMER"]	""	[{"type": "metabolite", "coeff": -1.0, "molecule": "H", "location": "c", "form": "mature"}, {"type": "rna", "coeff": -1.0, "molecule": "valU-tRNA", "location": "c", "form": "mature"}, {"type": "metabolite", "coeff": -1.0, "molecule": "VAL-L", "location": "c", "form": "mature"}, {"type": "metabolite", "coeff": -1.0, "molecule": "ATP", "location": "c", "form": "mature"}, {"type": "rnamodified", "coeff": 1.0, "molecule": "charged-valU-tRNA", "location": "c", "form": "mature"}, {"type": "metabolite", "coeff": 1.0, "molecule": "PPI", "location": "c", "form": "mature"}, {"type": "metabolite", "coeff": 1.0, "molecule": "AMP", "location": "c", "form": "mature"}]	"VALINE--TRNA-LIGASE-R_3"	1
"rna"	["VALS-MONOMER"]	""	[{"type": "metabolite", "coeff": -1.0, "molecule": "H", "location": "c", "form": "mature"}, {"type": "rna", "coeff": -1.0, "molecule": "valV-tRNA", "location": "c", "form": "mature"}, {"type": "metabolite", "coeff": -1.0, "molecule": "VAL-L", "location": "c", "form": "mature"}, {"type": "metabolite", "coeff": -1.0, "molecule": "ATP", "location": "c", "form": "mature"}, {"type": "rnamodified", "coeff": 1.0, "molecule": "charged-valV-tRNA", "location": "c", "form": "mature"}, {"type": "metabolite", "coeff": 1.0, "molecule": "PPI", "location": "c", "form": "mature"}, {"type": "metabolite", "coeff": 1.0, "molecule": "AMP", "location": "c", "form": "mature"}]	"VALINE--TRNA-LIGASE-R_1"	1
"rna"	["VALS-MONOMER"]	""	[{"type": "metabolite", "coeff": -1.0, "molecule": "H", "location": "c", "form": "mature"}, {"type": "rna", "coeff": -1.0, "molecule": "valW-tRNA", "location": "c", "form": "mature"}, {"type": "metabolite", "coeff": -1.0, "molecule": "VAL-L", "location": "c", "form": "mature"}, {"type": "metabolite", "coeff": -1.0, "molecule": "ATP", "location": "c", "form": "mature"}, {"type": "rnamodified", "coeff": 1.0, "molecule": "charged-valW-tRNA", "location": "c", "form": "mature"}, {"type": "metabolite", "coeff": 1.0, "molecule": "PPI", "location": "c", "form": "mature"}, {"type": "metabolite", "coeff": 1.0, "molecule": "AMP", "location": "c", "form": "mature"}]	"VALINE--TRNA-LIGASE-R_2"	1
"rna"	["VALS-MONOMER"]	""	[{"type": "metabolite", "coeff": -1.0, "molecule": "H", "location": "c", "form": "mature"}, {"type": "rna", "coeff": -1.0, "molecule": "valX-tRNA", "location": "c", "form": "mature"}, {"type": "metabolite", "coeff": -1.0, "molecule": "VAL-L", "location": "c", "form": "mature"}, {"type": "metabolite", "coeff": -1.0, "molecule": "ATP", "location": "c", "form": "mature"}, {"type": "rnamodified", "coeff": 1.0, "molecule": "charged-valX-tRNA", "location": "c", "form": "mature"}, {"type": "metabolite", "coeff": 1.0, "molecule": "PPI", "location": "c", "form": "mature"}, {"type": "metabolite", "coeff": 1.0, "molecule": "AMP", "location": "c", "form": "mature"}]	"VALINE--TRNA-LIGASE-R_0"	1
"rna"	["VALS-MONOMER"]	""	[{"type": "metabolite", "coeff": -1.0, "molecule": "H", "location": "c", "form": "mature"}, {"type": "rna", "coeff": -1.0, "molecule": "valY-tRNA", "location": "c", "form": "mature"}, {"type": "metabolite", "coeff": -1.0, "molecule": "VAL-L", "location": "c", "form": "mature"}, {"type": "metabolite", "coeff": -1.0, "molecule": "ATP", "location": "c", "form": "mature"}, {"type": "rnamodified", "coeff": 1.0, "molecule": "charged-valY-tRNA", "location": "c", "form": "mature"}, {"type": "metabolite", "coeff": 1.0, "molecule": "PPI", "location": "c", "form": "mature"}, {"type": "metabolite", "coeff": 1.0, "molecule": "AMP", "location": "c", "form": "mature"}]	"VALINE--TRNA-LIGASE-RXN"	1
"rna"	null	""	[{"type": "proteinmonomers", "coeff": -1.0, "molecule": "EG10942-MONOMER", "location": "c", "form": "mature"}, {"type": "rnamodified", "coeff": -1.0, "molecule": "modified-charged-selC-tRNA", "location": "c", "form": "mature"}, {"type": "proteincomplex", "coeff": 1.0, "molecule": "CPLX0-8053", "location": "c", "form": "mature"}]	"RXN0-6434"	0
"rna"	["CPLX0-1141"]	""	[{"type": "metabolite", "coeff": -1.0, "molecule": "SELNP", "location": "c", "form": "mature"}, {"type": "rnamodified", "coeff": -1.0, "molecule": "charged-selC-tRNA", "location": "c", "form": "mature"}, {"type": "metabolite", "coeff": 1.0, "molecule": "PI", "location": "c", "form": "mature"}, {"type": "rnamodified", "coeff": 1.0, "molecule": "modified-charged-selC-tRNA", "location": "c", "form": "mature"}, {"type": "metabolite", "coeff": 1.0, "molecule": "H", "location": "c", "form": "mature"}]	"2.9.1.1-R_0"	1
