"TF"	"geneId"	"oneComponentId"	"twoComponentId"	"nonMetaboliteBindingId"	"activeId"	"_notes"
"nhaR"	"EG11078"	"MONOMER0-46"			"MONOMER0-46"	
"caiF"	"G6088"	"CPLX0-8062"			"CPLX0-8062"	
"araC"	"EG10054"	"CPLX-172, PC00003"			"CPLX-172, PC00003"	"Monomer is an inactive conformation - Dimer and Dimer+metabolite are active"
"sgrR"	"EG12094"			"EG12094-MONOMER"	"EG12094-MONOMER"	
"leuO"	"EG10531"			"PD00519"	"PD00519"	
"cra"	"EG10338"	"PC00061"			"PC00061"	
"pdhR"	"EG11088"	"EG11088-MONOMER"			"EG11088-MONOMER"	
"sfsA"	"EG10949"			"EG10949-MONOMER"	"EG10949-MONOMER"	
"cdaR"	"EG12335"			"EG12335-MONOMER"	"EG12335-MONOMER"	
"yafC"	"EG11649"			"EG11649-MONOMER"	"EG11649-MONOMER"	
"dinJ"	"G6110"			"G6110-MONOMER"	"G6110-MONOMER"	
"crl"	"EG11092"			"EG11092-MONOMER"	"EG11092-MONOMER"	
"perR"	"G6129"			"G6129-MONOMER"	"G6129-MONOMER"	
"yagA"	"EG12338"			"EG12338-MONOMER"	"EG12338-MONOMER"	
"yagI"	"G6144"			"G6144-MONOMER"	"G6144-MONOMER"	
"yagP"	"G6153"			"G6153-MONOMER"	"G6153-MONOMER"	
"ecpR"	"G6165"			"G6165-MONOMER"	"G6165-MONOMER"	
"ykgA"	"G6170"			"G6170-MONOMER"	"G6170-MONOMER"	
"ykgD"	"G6175"			"G6175-MONOMER"	"G6175-MONOMER"	
"betI"	"EG10111"	"PD00251"			"PD00251"	
"yahB"	"G6181"			"G6181-MONOMER"	"G6181-MONOMER"	
"yahD"	"G6183"			"G6183-MONOMER"	"G6183-MONOMER"	
"prpR"	"G6195"	"MONOMER0-2421"			"MONOMER0-2421"	
"cynR"	"EG11421"	"MONOMER0-164"			"MONOMER0-164"	
"lacI"	"EG10525"	"PD00763"			"PD00763"	
"mhpR"	"G6201"	"MONOMER0-1441"			"MONOMER0-1441"	
"frmR"	"G6209"			"G6209-MONOMER"	"G6209-MONOMER"	
"yaiV"	"G6226"			"G6226-MONOMER"	"G6226-MONOMER"	
"yaiW"	"G6227"			"G6227-MONOMER"	"G6227-MONOMER"	
"phoB"	"EG10728"		"PHOSPHO-PHOB"		"PHOSPHO-PHOB"	
"nrdR"	"EG11320"	"CPLX0-8061"			"CPLX0-8061"	
"bolA"	"EG10125"			"EG10125-MONOMER"	"EG10125-MONOMER"	
"hupB"	"EG10467"			"EG10467-MONOMER, CPLX0-2021"	"EG10467-MONOMER, CPLX0-2021"	"subunit and, HU DNA-binding transcriptional dual regulator"
"ybaO"	"G6247"			"G6247-MONOMER"	"G6247-MONOMER"	
"acrR"	"EG12116"	"EG12116-MONOMER"			"EG12116-MONOMER"	
"ybaQ"	"G6259"			"G6259-MONOMER"	"G6259-MONOMER"	
"cueR"	"G6263"	"CPLX0-7708"			"CPLX0-7708"	
"ylbG"	"G6273"			"G6273-MONOMER"	"G6273-MONOMER"	
"allS"	"G6274"	"MONOMER0-2221"			"MONOMER0-2221"	
"allR"	"G6276"	"G6276-MONOMER"			"G6276-MONOMER"	
"fimZ"	"EG11103"			"EG11103-MONOMER"	"EG11103-MONOMER"	
"appY"	"EG10050"			"PD00967"	"PD00967"	
"envY"	"EG10268"			"PD00969"	"PD00969"	
"cusR"	"G6319"		"MONOMER0-4180"		"MONOMER0-4180"	
"ybdO"	"G6332"			"G6332-MONOMER"	"G6332-MONOMER"	
"dpiA"	"G6346"		"PHOSPHO-DPIA"		"PHOSPHO-DPIA"	
"cspE"	"EG12179"			"EG12179-MONOMER"	"EG12179-MONOMER"	
"ybeF"	"EG11594"			"EG11594-MONOMER"	"EG11594-MONOMER"	
"nagC"	"EG10636"	"PD00266"			"PD00266"	
"fur"	"EG10359"	"CPLX0-7639"			"CPLX0-7639"	
"kdpE"	"EG10517"		"CPLX0-7795"		"CPLX0-7795"	
"abrB"	"G6384"			"G6384-MONOMER"	"G6384-MONOMER"	
"mngR"	"EG11109"			"PC00103"	"PC00103"	"Dimer"
"modE"	"G6395"	"CPLX0-6"			"CPLX0-6"	
"ybhD"	"G6398"			"G6398-MONOMER"	"G6398-MONOMER"	
"ybhN"	"G6405"			"G6405-MONOMER"	"G6405-MONOMER"	
"ybiH"	"EG12406"			"EG12406-MONOMER"	"EG12406-MONOMER"	
"mntR"	"G6420"	"CPLX0-7672"			"CPLX0-7672"	
"deoR"	"EG10223"	"PD01196"			"PD01196"	
"ybjK"	"G6444"			"G6444-MONOMER"	"G6444-MONOMER"	
"lrp"	"EG10547"	"MONOMER0-155"			"MONOMER0-155"	
"ycaN"	"G6467"			"G6467-MONOMER"	"G6467-MONOMER"	
"ihfB"	"EG10441"			"PD00348"	"PD00348"	"IhfA+IhfB = IHF"
"torR"	"EG12615"		"PHOSPHO-TORR"		"PHOSPHO-TORR"	
"rutR"	"EG12301"	"PD01352"			"PD01352"	
"csgD"	"G6546"			"PD01379"	"PD01379"	
"flgM"	"G369"			"G369-MONOMER"	"G369-MONOMER"	
"ycfQ"	"G6569"	"G6569-MONOMER"			"G6569-MONOMER"	
"phoP"	"EG10731"		"PHOSPHO-PHOP"		"PHOSPHO-PHOP"	
"ymfT"	"G6590"			"G6590-MONOMER"	"G6590-MONOMER"	
"ymfL"	"G6591"			"G6591-MONOMER"	"G6591-MONOMER"	
"ymfN"	"G6593"			"G6593-MONOMER"	"G6593-MONOMER"	
"bluR"	"G6602"			"G6602-MONOMER"	"G6602-MONOMER"	
"fadR"	"EG10281"	"PD01520"			"PD01520"	
"dhaR"	"G6628"			"G6628-MONOMER"	"G6628-MONOMER"	
"ychQ"	"G6630"			"G6630-MONOMER"	"G6630-MONOMER"	"Predicted"
"ychA"	"EG11251"			"EG11251-MONOMER"	"EG11251-MONOMER"	"Predicted"
"narL"	"EG10643"		"PHOSPHO-NARL"		"PHOSPHO-NARL"	
"hns"	"EG10457"			"PD00288"	"PD00288"	
"cysB"	"EG10184"	"CPLX0-2781"			"CPLX0-2781"	
"yciT"	"G6638"			"G6638-MONOMER"	"G6638-MONOMER"	
"puuR"	"EG12431"	"EG12431-MONOMER"			"EG12431-MONOMER"	
"pspF"	"EG12344"			"CPLX0-981"	"CPLX0-981"	"Hexamer"
"pspB"	"EG10777"			"EG10777-MONOMER"	"EG10777-MONOMER"	
"pspC"	"EG10778"			"CPLX0-961"	"CPLX0-961"	"Dimer"
"ycjW"	"G6658"			"G6658-MONOMER"	"G6658-MONOMER"	"Predicted"
"tyrR"	"EG11042"	"MONOMER0-162, MONOMER0-163"			"MONOMER0-162, MONOMER0-163"	"Two different metabolites induce active conformations"
"ycjZ"	"G6664"			"G6664-MONOMER"	"G6664-MONOMER"	
"fnr"	"EG10325"	"FNR-4FE-4S-CPLX"			"FNR-4FE-4S-CPLX"	
"abgR"	"G6671"			"G6671-MONOMER"	"G6671-MONOMER"	"Predicted"
"racR"	"G6680"			"G6680-MONOMER"	"G6680-MONOMER"	
"ydaS"	"G6681"			"G6681-MONOMER"	"G6681-MONOMER"	"Predicted"
"feaR"	"G6706"			"G6706-MONOMER"	"G6706-MONOMER"	
"paaX"	"G6720"	"CPLX0-7731"			"CPLX0-7731"	
"ydcI"	"G6737"			"G6737-MONOMER"	"G6737-MONOMER"	
"ydcN"	"G6745"			"G6745-MONOMER"	"G6745-MONOMER"	
"ydcR"	"G6750"			"G6750-MONOMER"	"G6750-MONOMER"	"Predicted"
"mcbR"	"G6761"			"G6761-MONOMER"	"G6761-MONOMER"	
"yddM"	"G6774"			"G6774-MONOMER"	"G6774-MONOMER"	"Predicted"
"ydeM"	"G6787"			"G6787-MONOMER"	"G6787-MONOMER"	"Predicted"
"ydeO"	"G6789"			"G6789-MONOMER"	"G6789-MONOMER"	
"yneL"	"G6796"			"G6796-MONOMER"	"G6796-MONOMER"	"Predicted"
"hipA"	"EG10443"			"EG10443-MONOMER, CPLX0-7425"	"EG10443-MONOMER, CPLX0-7425"	"Protein: HipAB toxin/antitoxin complex and DNA-binding transcriptional repressor"
"hipB"	"EG10442"			"EG10442-MONOMER, CPLX0-7425"	"EG10442-MONOMER, CPLX0-7425"	
"lsrR"	"G6799"	"CPLX0-8043"			"CPLX0-8043"	
"yneJ"	"G6812"			"G6812-MONOMER"	"G6812-MONOMER"	
"marR"	"EG11435"	"CPLX0-7710"			"CPLX0-7710"	
"marA"	"EG11434"			"PD00365"	"PD00365"	
"ydfH"	"G6814"			"G6814-MONOMER"	"G6814-MONOMER"	
"cspB"	"EG12203"			"EG12203-MONOMER"	"EG12203-MONOMER"	
"relB"	"EG10836"			"CPLX0-7928"	"CPLX0-7928"	"Tetramer"
"dicC"	"EG10228"			"EG10228-MONOMER"	"EG10228-MONOMER"	
"dicA"	"EG10226"			"EG10226-MONOMER"	"EG10226-MONOMER"	
"mlc"	"G6852"	"PD01896"			"PD01896"	
"ynfL"	"G6853"			"G6853-MONOMER"	"G6853-MONOMER"	"Predicted"
"rstA"	"G6864"		"PHOSPHO-RSTA"		"PHOSPHO-RSTA"	
"uidR"	"G6867"			"G6867-MONOMER"	"G6867-MONOMER"	
"malI"	"EG10557"			"PD00361"	"PD00361"	
"slyA"	"G6882"			"G6882-MONOMER"	"G6882-MONOMER"	
"nemR"	"G6889"			"G6889-MONOMER"	"G6889-MONOMER"	
"purR"	"EG10800"	"CPLX-123"			"CPLX-123"	
"ydhB"	"EG12140"			"EG12140-MONOMER"	"EG12140-MONOMER"	
"ydiP"	"G6919"			"G6919-MONOMER"	"G6919-MONOMER"	
"ihfA"	"EG10440"			"PC00027"	"PC00027"	
"chbR"	"EG10143"	"EG10143-MONOMER"			"EG10143-MONOMER"	
"osmE"	"EG10044"			"EG10044-MONOMER"	"EG10044-MONOMER"	"Predicted"
"ydjF"	"G6957"			"G6957-MONOMER"	"G6957-MONOMER"	"Predicted"
"yeaM"	"G6976"			"G6976-MONOMER"	"G6976-MONOMER"	
"dmlR"	"G6985"			"G6985-MONOMER"	"G6985-MONOMER"	
"cspC"	"EG12204"			"EG12204-MONOMER"	"EG12204-MONOMER"	"Predicted"
"kdgR"	"G7003"			"G7003-MONOMER"	"G7003-MONOMER"	
"yebK"	"EG12860"			"EG12860-MONOMER"	"EG12860-MONOMER"	"Predicted"
"flhC"	"EG10319"			"CPLX0-3930"	"CPLX0-3930"	"Add complexation reaction: 4 FlhD + 2 FlhC -> CPLX0-3930"
"flhD"	"EG10320"			"CPLX0-3930"	"CPLX0-3930"	"Add complexation reaction: 4 FlhD + 2 FlhC -> CPLX0-3930"
"uvrY"	"EG11140"		"MONOMER0-1"		"MONOMER0-1"	
"sdiA"	"EG10935"			"PD02198"	"PD02198"	
"fliZ"	"EG11356"			"EG11356-MONOMER"	"EG11356-MONOMER"	
"fliA"	"EG11355"			"EG11355-MONOMER"	"EG11355-MONOMER"	
"rcsA"	"EG10820"			"PD02233"	"PD02233"	
"yedW"	"G7057"			"MONOMER0-4341"	"MONOMER0-4341"	"Add phosporilation (YedW-P)"
"cbl"	"G7071"	"G7071-MONOMER"			"G7071-MONOMER"	
"nac"	"G7072"			"G7072-MONOMER"	"G7072-MONOMER"	
"yeeY"	"G7088"			"G7088-MONOMER"	"G7088-MONOMER"	
"yefM"	"EG12844"			"CPLX0-7929"	"CPLX0-7929"	"Dimer"
"baeR"	"EG11618"		"PHOSPHO-BAER"		"PHOSPHO-BAER"	
"ogrK"	"G7119"			"G7119-MONOMER"	"G7119-MONOMER"	
"gatR_1"	"G8207"			"PD02366"	"PD02366"	"GatR1+GatR2 -> PD02366"
"yegW"	"G7133"			"G7133-MONOMER"	"G7133-MONOMER"	"Predicted"
"rcnR"	"G7137"	"G7137-MONOMER"			"G7137-MONOMER"	
"yehT"	"EG12006"		"MONOMER0-4276"		"MONOMER0-4276"	
"mlrA"	"EG12008"			"EG12008-MONOMER"	"EG12008-MONOMER"	
"galS"	"EG10365"	"PD00261"			"PD00261"	
"yeiE"	"EG12105"			"EG12105-MONOMER"	"EG12105-MONOMER"	
"yeiL"	"EG12031"			"EG12031-MONOMER"	"EG12031-MONOMER"	
"narP"	"EG11527"		"PHOSPHO-NARP"		"PHOSPHO-NARP"	
"ada"	"EG10029"			"PD00230"	"PD00230"	
"rcsB"	"EG10821"		"CPLX0-7884"		"CPLX0-7884"	"(RcsB-P)_2: phosporilation + dimerzation"
"atoC"	"EG11668"		"PHOSPHO-ATOC"		"PHOSPHO-ATOC"	
"yfaX"	"G7161"			"G7161-MONOMER"	"G7161-MONOMER"	"Predicted"
"lrhA"	"EG12123"			"EG12123-MONOMER"	"EG12123-MONOMER"	
"dsdX"	"EG10250"	"CPLX0-7713, CPLX0-7714"			"CPLX0-7713, CPLX0-7714"	"Monomer is an inactive conformation - Dimer and Dimer+metabolite are active"
"evgA"	"EG11609"		"PHOSPHO-EVGA"		"PHOSPHO-EVGA"	
"ypdB"	"G7244"		"MONOMER0-4288"		"MONOMER0-4288"	
"ypdC"	"G7245"			"G7245-MONOMER"	"G7245-MONOMER"	"Predicted"
"yfeC"	"EG11431"			"EG11431-MONOMER"	"EG11431-MONOMER"	"Predicted"
"yfeD"	"EG11432"			"EG11432-MONOMER"	"EG11432-MONOMER"	"Predicted"
"xapR"	"EG11146"	"CPLX0-7681"			"CPLX0-7681"	
"yfeR"	"G7257"			"G7257-MONOMER"	"G7257-MONOMER"	"Predicted"
"murR"	"G7262"	"CPLX0-7745"			"CPLX0-7745"	
"eutR"	"EG12190"			"EG12190-MONOMER"	"EG12190-MONOMER"	"Putative ARAC-type regulatory protein"
"gcvR"	"EG11149"	"EG11149-MONOMER"			"EG11149-MONOMER"	
"hyfR"	"G7308"			"G7308-MONOMER"	"G7308-MONOMER"	
"iscR"	"G7326"	"CPLX0-8083"			"CPLX0-8083"	
"hcaR"	"G7331"	"MONOMER0-2081"			"MONOMER0-2081"	
"yphH"	"G7344"			"G7344-MONOMER"	"G7344-MONOMER"	"Predicted"
"glrR"	"EG11285"		"MONOMER0-4147"		"MONOMER0-4147"	
"yfhH"	"EG12308"			"EG12308-MONOMER"	"EG12308-MONOMER"	"Predicted"
"rseC"	"G7347"			"G7347-MONOMER"	"G7347-MONOMER"	
"rseB"	"G7348"			"CPLX0-7648"	"CPLX0-7648"	"Dimer, anti-sigma factor"
"rpoE"	"EG11897"			"RPOE-MONOMER"	"RPOE-MONOMER"	"RNAP subunit"
"yfiE"	"EG11785"			"EG11785-MONOMER"	"EG11785-MONOMER"	"Predicted"
"alpA"	"EG12112"			"PD02850"	"PD02850"	
"yfjR"	"G7369"			"G7369-MONOMER"	"G7369-MONOMER"	"Predicted"
"csiR"	"EG12386"			"EG12386-MONOMER"	"EG12386-MONOMER"	
"ygaV"	"G7397"			"G7397-MONOMER"	"G7397-MONOMER"	"Predicted"
"stpA"	"EG11554"			"EG11554-MONOMER"	"EG11554-MONOMER"	
"mprA"	"EG10603"	"CPLX0-7418"			"CPLX0-7418"	
"gutM"	"EG10972"			"PD00345"	"PD00345"	
"srlR"	"EG10974"	"PD00283"			"PD00283"	
"norR"	"EG12108"			"EG12108-MONOMER"	"EG12108-MONOMER"	
"ascG"	"EG10087"			"EG10087-MONOMER"	"EG10087-MONOMER"	
"hycA"	"EG10474"			"EG10474-MONOMER"	"EG10474-MONOMER"	
"fhlA"	"EG10301"	"MONOMER0-183"			"MONOMER0-183"	
"ygbI"	"G7416"			"G7416-MONOMER"	"G7416-MONOMER"	"Predicted"
"rpoS"	"EG10510"			"RPOS-MONOMER"	"RPOS-MONOMER"	"RNAP subunit"
"fucR"	"EG10353"	"CPLX0-7650"			"CPLX0-7650"	
"gcvA"	"EG11795"	"PD00339"			"PD00339"	
"galR"	"EG10364"	"PD03028"			"PD03028"	
"lysR"	"EG10551"			"PD00360"	"PD00360"	
"ygeH"	"G7472"			"G7472-MONOMER"	"G7472-MONOMER"	
"ygeK"	"G7475"			"G7475-MONOMER"	"G7475-MONOMER"	"Predicted"
"ygeV"	"G7488"			"G7488-MONOMER"	"G7488-MONOMER"	
"argP"	"EG10490"	"CPLX0-7669, CPLX0-7671"			"CPLX0-7669, CPLX0-7671"	"Dimer is an active conformation and, one metabolite (arginine) also induce another active conformation"
"ygfI"	"G7518"			"G7518-MONOMER"	"G7518-MONOMER"	
"yggD"	"EG11162"			"EG11162-MONOMER"	"EG11162-MONOMER"	
"glcC"	"G7546"	"MONOMER0-562"			"MONOMER0-562"	
"yghO"	"G7547"			"G7547-MONOMER"	"G7547-MONOMER"	
"yqhC"	"G7563"			"G7563-MONOMER"	"G7563-MONOMER"	
"mqsA"	"G7571"			"G7571-MONOMER"	"G7571-MONOMER"	
"ygiV"	"G7573"			"G7573-MONOMER"	"G7573-MONOMER"	
"qseB"	"G7575"		"MONOMER0-2741"		"MONOMER0-2741"	
"ttdR"	"EG12694"	"CPLX0-8048"			"CPLX0-8048"	
"rpoD"	"EG10896"			"RPOD-MONOMER"	"RPOD-MONOMER"	"RNAP subunit"
"yqjI"	"G7594"	"G7594-MONOMER"			"G7594-MONOMER"	
"ebgR"	"EG10254"			"PD03254"	"PD03254"	
"higA"	"G7601"			"G7601-MONOMER"	"G7601-MONOMER"	"Antitoxin of the HigB-HigA toxin-antitoxin system"
"exuR"	"EG12739"			"PD03270"	"PD03270"	
"yhaJ"	"G7619"			"G7619-MONOMER"	"G7619-MONOMER"	"Predicted"
"tdcA"	"EG10989"			"PD00268"	"PD00268"	
"tdcR"	"EG10992"			"PD03292"	"PD03292"	
"agaR"	"G7630"			"G7630-MONOMER"	"G7630-MONOMER"	
"sfsB"	"EG10656"			"EG10656-MONOMER"	"EG10656-MONOMER"	
"ibaG"	"G7657"			"G7657-MONOMER"	"G7657-MONOMER"	
"rpoN"	"EG10898"			"RPON-MONOMER"	"RPON-MONOMER"	
"yhcF"	"G7673"			"G7673-MONOMER"	"G7673-MONOMER"	
"nanR"	"G7678"	"G7678-MONOMER"			"G7678-MONOMER"	
"argR"	"EG10070"	"CPLX0-228"			"CPLX0-228"	
"aaeR"	"G7688"			"G7688-MONOMER"	"G7688-MONOMER"	
"fis"	"EG10317"			"CPLX0-7705"	"CPLX0-7705"	"Dimer"
"envR"	"EG11741"			"EG11741-MONOMER"	"EG11741-MONOMER"	
"zntR"	"EG11969"	"CPLX0-7678"			"CPLX0-7678"	
"yheO"	"G7715"			"G7715-MONOMER"	"G7715-MONOMER"	
"crp"	"EG10164"	"CPLX0-226"			"CPLX0-226"	
"frlR"	"G7727"			"G7727-MONOMER"	"G7727-MONOMER"	
"ompR"	"EG10672"		"PHOSPHO-OMPR"		"PHOSPHO-OMPR"	
"feoC"	"EG12933"			"EG12933-MONOMER"	"EG12933-MONOMER"	
"malT"	"EG10562"	"MONOMER0-158"			"MONOMER0-158"	
"rtcR"	"EG12356"			"EG12356-MONOMER"	"EG12356-MONOMER"	
"glpR"	"EG10400"	"PD03576"			"PD03576"	
"gntR"	"EG12630"	"PD03585"			"PD03585"	
"rpoH"	"EG10897"			"RPOH-MONOMER"	"RPOH-MONOMER"	
"nikR"	"EG11519"	"CPLX0-7707"			"CPLX0-7707"	
"arsR"	"EG12235"	"CPLX0-7734"			"CPLX0-7734"	
"dctR"	"EG11889"			"EG11889-MONOMER"	"EG11889-MONOMER"	"Predicted"
"gadE"	"EG11544"			"EG11544-MONOMER"	"EG11544-MONOMER"	
"gadW"	"EG12242"			"EG12242-MONOMER"	"EG12242-MONOMER"	
"gadX"	"EG12243"			"EG12243-MONOMER"	"EG12243-MONOMER"	
"yhjB"	"EG12246"			"EG12246-MONOMER"	"EG12246-MONOMER"	"Predicted"
"yhjC"	"EG12247"			"EG12247-MONOMER"	"EG12247-MONOMER"	"Predicted"
"yiaG"	"EG12624"			"EG12624-MONOMER"	"EG12624-MONOMER"	
"cspA"	"EG10166"			"PD03695"	"PD03695"	
"xylR"	"EG20253"	"MONOMER0-165"			"MONOMER0-165"	
"yiaJ"	"EG12278"			"EG12278-MONOMER"	"EG12278-MONOMER"	
"yiaU"	"EG12289"			"EG12289-MONOMER"	"EG12289-MONOMER"	
"mtlR"	"EG11965"	"PD00369"			"PD00369"	
"lldR"	"EG11962"	"CPLX0-7689"			"CPLX0-7689"	
"uhpA"	"EG11051"		"CPLX0-7754"		"CPLX0-7754"	
"yidF"	"EG11694"			"EG11694-MONOMER"	"EG11694-MONOMER"	"Predicted"
"yidL"	"EG11707"			"EG11707-MONOMER"	"EG11707-MONOMER"	"Putative ARAC-type regulatory protein"
"yidP"	"EG11711"			"EG11711-MONOMER"	"EG11711-MONOMER"	"Predicted"
"dnaA"	"EG10235"	"MONOMER0-160"			"MONOMER0-160"	
"yidZ"	"EG11721"			"EG11721-MONOMER"	"EG11721-MONOMER"	
"asnC"	"EG10093"	"CPLX0-7733"			"CPLX0-7733"	
"rbsR"	"EG10819"	"PD03867"			"PD03867"	
"ilvY"	"EG10503"	"PD00200, CPLX0-7715"			"PD00200, CPLX0-7715"	
"rho"	"EG10845"			"CPLX0-2441"	"CPLX0-2441"	"Hexamer, transcription termination factor"
"metR"	"EG10591"	"CPLX0-7752"			"CPLX0-7752"	
"rfaH"	"EG10839"			"EG10839-MONOMER"	"EG10839-MONOMER"	"Transcriptional antiterminator"
"glnG"	"EG10385"		"PROTEIN-NRIP"		"PROTEIN-NRIP"	
"yihL"	"EG11838"			"EG11838-MONOMER"	"EG11838-MONOMER"	
"yihW"	"EG11849"			"EG11849-MONOMER"	"EG11849-MONOMER"	"Predicted"
"yiiE"	"EG11854"			"EG11854-MONOMER"	"EG11854-MONOMER"	"Predicted"
"frvR"	"EG11861"			"EG11861-MONOMER"	"EG11861-MONOMER"	"Predicted"
"rhaS"	"EG10843"	"CPLX-124"			"CPLX-124"	
"rhaR"	"EG10842"	"MONOMER-47"			"MONOMER-47"	
"cpxR"	"EG10020"		"CPLX0-7748"		"CPLX0-7748"	
"cytR"	"EG10200"	"CPLX0-7740"			"CPLX0-7740"	
"metJ"	"EG10588"	"CPLX0-7796"			"CPLX0-7796"	
"yijO"	"EG11913"			"EG11913-MONOMER"	"EG11913-MONOMER"	"Predicted"
"oxyR"	"EG10681"			"PD00214"	"PD00214"	
"fabR"	"EG11394"			"EG11394-MONOMER"	"EG11394-MONOMER"	
"birA"	"EG10123"	"MONOMER-48"			"MONOMER-48"	
"hupA"	"EG10466"			"EG10466-MONOMER, CPLX0-2021"	"EG10466-MONOMER, CPLX0-2021"	"Subunit and, HU DNA-binding transcriptional dual regulator"
"zraR"	"EG10482"		"PHOSPHO-HYDG"		"PHOSPHO-HYDG"	
"iclR"	"EG10491"	"CPLX0-7605"			"CPLX0-7605"	
"lexA"	"EG10533"			"PC00010"	"PC00010"	"Dimer"
"zur"	"EG11929"	"CPLX0-7680"			"CPLX0-7680"	
"soxS"	"EG10958"			"PD00406"	"PD00406"	
"soxR"	"EG10957"	"PD04132"			"PD04132"	
"rpiR"	"G7821"	"G7821-MONOMER"			"G7821-MONOMER"	
"phnF"	"EG10715"			"EG10715-MONOMER"	"EG10715-MONOMER"	"Predicted"
"basR"	"EG11615"		"PHOSPHO-BASR"		"PHOSPHO-BASR"	
"adiY"	"EG11966"			"EG11966-MONOMER"	"EG11966-MONOMER"	
"melR"	"EG11230"	"MONOMER0-161"			"MONOMER0-161"	
"dcuR"	"G7826"		"PHOSPHO-DCUR"		"PHOSPHO-DCUR"	
"cadC"	"EG10133"			"PD00436"	"PD00436"	
"yjdC"	"EG12176"			"EG12176-MONOMER"	"EG12176-MONOMER"	"Predicted"
"nsrR"	"EG11212"	"CPLX0-7756"			"CPLX0-7756"	
"yjfJ"	"G7847"			"G7847-MONOMER"	"G7847-MONOMER"	"Predicted"
"aidB"	"EG11811"			"CPLX0-7691"	"CPLX0-7691"	"Tetramer"
"ulaR"	"G7854"	"G7854-MONOMER"			"G7854-MONOMER"	
"ytfA"	"G7863"			"G7863-MONOMER"	"G7863-MONOMER"	"Predicted"
"ytfH"	"G7869"			"G7869-MONOMER"	"G7869-MONOMER"	"Predicted"
"treR"	"EG12202"	"CPLX0-7854"			"CPLX0-7854"	
"bdcR"	"G7882"			"G7882-MONOMER"	"G7882-MONOMER"	"Predicted"
"idnR"	"G7891"	"MONOMER0-1301"			"MONOMER0-1301"	
"fecR"	"EG10292"			"EG10292-MONOMER"	"EG10292-MONOMER"	"Regulator for fec operon, periplasmic"
"fecI"	"EG10291"			"PD00440"	"PD00440"	"Sigma 19 factor"
"yjhU"	"G7909"			"G7909-MONOMER"	"G7909-MONOMER"	"Predicted"
"yjhI"	"G7912"			"G7912-MONOMER"	"G7912-MONOMER"	"Predicted"
"sgcR"	"G7913"			"G7913-MONOMER"	"G7913-MONOMER"	"Predicted"
"uxuR"	"EG20249"	"EG20249-MONOMER"			"EG20249-MONOMER"	
"yjiE"	"G7924"	"G7924-MONOMER"			"G7924-MONOMER"	"Had been CPLX0-8075 but that is an oxidized form"
"yjiR"	"G7936"			"G7936-MONOMER"	"G7936-MONOMER"	"Putative regulator"
"yjjM"	"G7944"			"G7944-MONOMER"	"G7944-MONOMER"	"Predicted"
"yjjQ"	"G7947"			"G7947-MONOMER"	"G7947-MONOMER"	"Predicted"
"bglJ"	"G7948"			"CPLX0-7916"	"CPLX0-7916"
"yjjJ"	"EG12342"			"EG12342-MONOMER"	"EG12342-MONOMER"	"Predicted"
"trpR"	"EG11029"	"CPLX-125"			"CPLX-125"	
"rob"	"EG11366"			"PD04418"	"PD04418"	
"creB"	"EG11218"		"PHOSPHO-CREB"		"PHOSPHO-CREB"	
"arcA"	"EG10061"		"PHOSPHO-ARCA"		"PHOSPHO-ARCA"	
"dgoR"	"G7789"			"G7790-MONOMER"	"G7790-MONOMER"	"Predicted"
"hdfR"	"EG11449"			"EG11449-MONOMER"	"EG11449-MONOMER"	
"putA"	"EG10801"	"PUTA-CPLX"			"PUTA-CPLX"	
"alaS"	"EG10034"	"CPLX0-7541"			"CPLX0-7541"	
"pepA"	"EG10694"			"EG10694-MONOMER"	"EG10694-MONOMER"	
"nadR"	"EG11335"			"PD04413"	"PD04413"	
"thrA"	"EG10998"					
"thrB"	"EG10999"					
"thrC"	"EG11000"					
"yaaJ"	"EG11555"					
"talB"	"EG11556"					
"mog"	"EG11511"					
"nhaA"	"EG10652"					
"ribF"	"EG11079"					
"ileS"	"EG10492"					
"ispH"	"EG11081"					
"rihC"	"EG11082"					
"dapB"	"EG10206"					
"carA"	"EG10134"					
"carB"	"EG10135"					
"caiD"	"EG11557"					
"caiC"	"EG11558"					
"caiB"	"EG11559"					
"caiT"	"EG11561"					
"kefC"	"EG10521"					
"folA"	"EG10326"					
"apaH"	"EG10048"					
"pdxA"	"EG10691"					
"araD"	"EG10055"					
"araA"	"EG10052"					
"araB"	"EG10053"					
"thiQ"	"EG11572"					
"thiP"	"EG11573"					
"tbpA"	"EG11574"					
"setA"	"EG11754"					
"leuD"	"EG11575"					
"leuC"	"EG11576"					
"leuB"	"EG11577"					
"leuA"	"EG11226"					
"ilvI"	"EG10500"					
"ilvH"	"EG10499"					
"ftsI"	"EG10341"					
"murE"	"EG10621"					
"murF"	"EG10622"					
"mraY"	"EG10604"					
"murD"	"EG10620"					
"murG"	"EG10623"					
"murC"	"EG10619"					
"ddlB"	"EG10214"					
"lpxC"	"EG10265"					
"mutT"	"EG10626"					
"coaE"	"EG12312"					
"guaC"	"EG10422"					
"nadC"	"EG11546"					
"ampD"	"EG10041"					
"aroP"	"EG10084"					
"aceE"	"EG10024"					
"aceF"	"EG10025"					
"lpd"	"EG10543"					
"acnB"	"EG12316"					
"speD"	"EG10962"					
"speE"	"EG10963"					
"cueO"	"EG12318"					
"gcd"	"EG10369"					
"hpt"	"EG20098"					
"can"	"EG12319"					
"panD"	"EG11747"					
"panC"	"EG11746"					
"panB"	"EG11675"					
"folK"	"EG11374"					
"mrcB"	"EG10605"					
"fhuA"	"EG10302"					
"fhuC"	"EG10304"					
"fhuD"	"EG10305"					
"fhuB"	"EG10303"					
"hemL"	"EG10432"					
"clcA"	"EG12331"					
"btuF"	"EG12334"					
"mtn"	"EG11090"					
"dgt"	"EG10225"					
"dapD"	"EG10207"					
"pyrH"	"EG11539"					
"dxr"	"EG12715"					
"ispU"	"G6092"					
"cdsA"	"EG10139"					
"lpxD"	"EG10316"					
"fabZ"	"EG11284"					
"lpxA"	"EG10545"					
"lpxB"	"EG10546"					
"accA"	"EG11647"					
"ldcC"	"G6094"					
"proS"	"EG10770"					
"metQ"	"EG11504"					
"metI"	"EG11737"					
"metN"	"EG11621"					
"gmhB"	"EG11736"					
"dkgB"	"EG11648"					
"gloB"	"G6099"					
"fadE"	"G6105"					
"lpcA"	"G6106"					
"pepD"	"EG10695"					
"gpt"	"EG10414"					
"phoE"	"EG10729"					
"proB"	"EG10768"					
"proA"	"EG10767"					
"mmuP"	"G6135"					
"mmuM"	"G6136"					
"argF"	"EG10067"					
"ykgE"	"G6176"					
"ykgF"	"G6177"					
"ykgG"	"G6178"					
"betA"	"EG10109"					
"betB"	"EG10110"					
"betT"	"EG10112"					
"yahI"	"G6188"					
"prpB"	"G6196"					
"prpC"	"G6198"					
"prpD"	"G6199"					
"codB"	"EG11327"					
"codA"	"EG11326"					
"cynT"	"EG10176"					
"cynS"	"EG10175"					
"cynX"	"EG10177"					
"lacZ"	"EG10527"					
"mhpA"	"M010"					
"mhpB"	"M011"					
"mhpC"	"M012"					
"mhpD"	"M013"					
"mhpF"	"M014"					
"mhpE"	"G6205"					
"mhpT"	"G6206"					
"frmB"	"G6208"					
"frmA"	"EG50010"					
"tauA"	"G6217"					
"tauB"	"G6218"					
"tauC"	"G6219"					
"tauD"	"EG12423"					
"hemB"	"EG10428"					
"ddlA"	"EG10213"					
"phoA"	"EG10727"					
"proC"	"EG10769"					
"aroL"	"EG10082"					
"mak"	"EG11288"					
"brnQ"	"EG12168"					
"malZ"	"EG10565"					
"acpH"	"EG11095"					
"tsx"	"EG11035"					
"ribD"	"EG11321"					
"ribE"	"EG11322"					
"thiL"	"G6234"					
"pgpA"	"EG10704"					
"dxs"	"G6237"					
"ispA"	"EG10508"					
"thiI"	"G6238"					
"panE"	"G6239"					
"cyoE"	"EG10182"					
"cyoD"	"EG10181"					
"cyoC"	"EG10180"					
"cyoB"	"EG10179"					
"cyoA"	"EG10178"					
"ampG"	"EG12183"					
"queC"	"G6245"					
"cof"	"G6246"					
"amtB"	"EG11821"					
"tesB"	"EG10995"					
"maa"	"G58"					
"acrB"	"EG11704"					
"acrA"	"EG11703"					
"apt"	"EG10051"					
"adk"	"EG10032"					
"hemH"	"EG10431"					
"gsk"	"EG11102"					
"ushA"	"EG11060"					
"copA"	"G6260"					
"ybaS"	"G6261"					
"tesA"	"EG11542"					
"allA"	"G6275"					
"gcl"	"EG11583"					
"hyi"	"G6277"					
"glxR"	"G6278"					
"ybbW"	"G6280"					
"allB"	"G6281"					
"glxK"	"G6283"					
"allC"	"G6285"					
"allD"	"G6286"					
"ybcF"	"EG12384"					
"purK"	"EG10796"					
"purE"	"EG10793"					
"lpxH"	"EG12666"					
"cysS"	"EG10196"					
"folD"	"EG10328"					
"cusC"	"G6320"					
"cusF"	"G6321"					
"cusB"	"G6322"					
"cusA"	"EG12367"					
"pheP"	"EG10708"					
"nfsB"	"EG50005"					
"entD"	"EG10262"					
"fepA"	"EG10293"					
"fes"	"EG10299"					
"entF"	"EG10264"					
"fepC"	"EG10295"					
"fepG"	"EG10298"					
"fepD"	"EG10296"					
"entS"	"EG11104"					
"fepB"	"EG10294"					
"entC"	"EG10261"					
"entE"	"EG10263"					
"entB"	"EG10260"					
"entA"	"EG10259"					
"dsbG"	"G6333"					
"citT"	"G6338"					
"citG"	"G6339"					
"citX"	"G6340"					
"citF"	"G6341"					
"citE"	"G6342"					
"citD"	"G6343"					
"dcuC"	"G6347"					
"pagP"	"EG12180"					
"lipA"	"EG11306"					
"lipB"	"EG11591"					
"dacA"	"EG10201"					
"mrdA"	"EG10606"					
"cobC"	"G6349"					
"nadD"	"G6350"					
"leuS"	"EG10532"					
"hscC"	"G6357"					
"rihA"	"G6358"					
"gltL"	"EG12663"					
"gltK"	"EG12662"					
"gltJ"	"EG12661"					
"gltI"	"G6359"					
"lnt"	"EG10168"					
"ubiF"	"G6365"					
"asnB"	"EG10092"					
"nagA"	"EG10632"					
"nagB"	"EG10633"					
"nagE"	"EG10635"					
"glnS"	"EG10390"					
"fldA"	"EG10318"					
"pgm"	"EG12144"					
"potE"	"EG10753"					
"speF"	"EG10964"					
"kdpC"	"EG10515"					
"kdpB"	"EG10514"					
"kdpA"	"EG10513"					
"dtpD"	"G6378"					
"gltA"	"EG10402"					
"sdhC"	"EG10933"					
"sdhD"	"EG10934"					
"sdhA"	"EG10931"					
"sdhB"	"EG10932"					
"sucA"	"EG10979"					
"sucB"	"EG10980"					
"sucC"	"EG10981"					
"sucD"	"EG10982"					
"mngA"	"EG13235"					
"mngB"	"EG13236"					
"cydA"	"EG10173"					
"cydB"	"EG10174"					
"ybgC"	"EG11110"					
"nadA"	"EG10630"					
"pnuC"	"EG11700"					
"zitB"	"G6393"					
"aroG"	"EG10079"					
"gpmA"	"EG11699"					
"galM"	"EG11698"					
"galK"	"EG10363"					
"galT"	"EG10366"					
"galE"	"EG10362"					
"modA"	"EG12427"					
"modB"	"EG10002"					
"modC"	"EG10152"					
"ybhA"	"EG11239"					
"pgl"	"G6397"					
"bioA"	"EG10117"					
"bioB"	"EG10118"					
"bioF"	"EG10121"					
"bioC"	"EG10119"					
"bioD"	"EG10120"					
"moaA"	"EG11595"					
"moaC"	"EG11666"					
"moaD"	"EG11597"					
"moaE"	"EG11598"					
"ybhO"	"G6406"					
"fiu"	"G6414"					
"glnQ"	"EG10389"					
"glnP"	"EG10388"					
"glnH"	"EG10386"					
"rhtA"	"EG12134"					
"ybiV"	"G6425"					
"fsaA"	"G6428"					
"moeB"	"EG10154"					
"moeA"	"EG10153"					
"iaaA"	"EG12407"					
"gsiA"	"G6429"					
"gsiB"	"G6430"					
"gsiC"	"G6431"					
"gsiD"	"G6432"					
"yliI"	"G6437"					
"dacC"	"EG10203"					
"ybjG"	"G6439"					
"mdfA"	"G6440"					
"grxA"	"EG10417"					
"potF"	"EG11629"					
"potG"	"EG11630"					
"potH"	"EG11631"					
"potI"	"EG11632"					
"artJ"	"EG11628"					
"artM"	"EG11627"					
"artQ"	"EG11626"					
"artI"	"EG11625"					
"artP"	"EG11624"					
"ltaE"	"G6455"					
"poxB"	"EG10754"					
"aqpZ"	"EG13270"					
"cydC"	"EG10012"					
"cydD"	"EG11405"					
"trxB"	"EG11032"					
"serS"	"EG10947"					
"dmsA"	"EG10232"					
"dmsB"	"EG10233"					
"dmsC"	"EG10234"					
"pflA"	"EG10028"					
"pflB"	"EG10701"					
"focA"	"EG11258"					
"serC"	"EG10946"					
"aroA"	"EG10073"					
"cmk"	"EG11265"					
"msbA"	"EG10613"					
"lpxK"	"EG11409"					
"kdsB"	"EG10519"					
"aspC"	"EG10096"					
"ompF"	"EG10671"					
"asnS"	"EG10094"					
"pncB"	"EG10742"					
"pepN"	"EG10696"					
"ssuB"	"EG12358"					
"ssuC"	"G6476"					
"ssuD"	"G6477"					
"ssuA"	"G6478"					
"ssuE"	"G6479"					
"pyrD"	"EG10807"					
"fabA"	"EG10273"					
"ompA"	"EG10669"					
"mgsA"	"G6497"					
"yccX"	"G6502"					
"hyaA"	"EG10468"					
"hyaB"	"EG10469"					
"hyaC"	"EG10470"					
"appC"	"EG11380"					
"appB"	"EG11379"					
"appA"	"EG10049"					
"torC"	"EG11815"					
"torA"	"EG11814"					
"agp"	"EG10033"					
"rutG"	"G6517"					
"rutF"	"G6518"					
"rutE"	"G6519"					
"rutD"	"G6520"					
"rutC"	"G6521"					
"rutB"	"G6522"					
"rutA"	"G6523"					
"putP"	"EG10802"					
"ghrA"	"G6539"					
"lpxL"	"EG10464"					
"solA"	"G6556"					
"pyrC"	"EG10806"					
"grxB"	"EG12688"					
"murJ"	"G6561"					
"plsX"	"EG11437"					
"fabH"	"EG10277"					
"fabD"	"EG11317"					
"fabG"	"EG11318"					
"acpP"	"EG50003"					
"fabF"	"EG12606"					
"pabC"	"EG11493"					
"tmk"	"EG12302"					
"ptsG"	"EG10787"					
"fhuE"	"EG10306"					
"thiK"	"G6566"					
"nagZ"	"G6567"					
"ndh"	"EG10649"					
"nagK"	"G6576"					
"potD"	"EG10752"					
"potC"	"EG10751"					
"potB"	"EG10750"					
"potA"	"EG10749"					
"purB"	"EG11314"					
"nudJ"	"G6580"					
"icd"	"EG10489"					
"dsbB"	"EG11393"					
"nhaB"	"EG11392"					
"dadA"	"EG11407"					
"dadX"	"EG11408"					
"ldcA"	"G6621"					
"emtA"	"G6622"					
"treA"	"EG11017"					
"dhaM"	"EG12399"					
"dhaL"	"G6626"					
"dhaK"	"G6627"					
"ychM"	"EG12392"					
"prs"	"EG10774"					
"ispE"	"EG11294"					
"hemA"	"EG10427"					
"kdsA"	"EG10518"					
"chaA"	"EG11753"					
"narK"	"EG10642"					
"narG"	"EG10638"					
"narH"	"EG10639"					
"narJ"	"EG10641"					
"narI"	"EG10640"					
"purU"	"EG11819"					
"galU"	"EG11319"					
"tdk"	"EG10994"					
"adhE"	"EG10031"					
"oppA"	"EG10674"					
"oppB"	"EG10675"					
"oppC"	"EG10676"					
"oppD"	"EG10677"					
"oppF"	"EG10678"					
"clsA"	"EG11608"					
"kch"	"EG11606"					
"tonB"	"EG11012"					
"trpA"	"EG11024"					
"trpB"	"EG11025"					
"trpC"	"EG11026"					
"trpD"	"EG11027"					
"trpE"	"EG11028"					
"btuR"	"EG10130"					
"acnA"	"EG11325"					
"ribA"	"EG11331"					
"pgpB"	"EG10705"					
"pyrF"	"EG10809"					
"fabI"	"EG11528"					
"sapD"	"EG12304"					
"puuP"	"G6643"					
"puuA"	"G6644"					
"puuD"	"G6645"					
"puuC"	"EG10036"					
"puuB"	"EG11822"					
"puuE"	"G6646"					
"pspE"	"EG10780"					
"ompG"	"G6657"					
"ycjG"	"G6661"					
"mpaA"	"G6662"					
"mppA"	"G6665"					
"trkG"	"EG11020"					
"ompN"	"G6700"					
"ydbK"	"G6701"					
"ldhA"	"G592"					
"feaB"	"G7961"					
"tynA"	"EG13139"					
"paaZ"	"G6708"					
"paaA"	"G6709"					
"paaB"	"G6710"					
"paaC"	"G6711"					
"paaD"	"G6712"					
"paaE"	"G6713"					
"paaF"	"G6714"					
"paaG"	"G6715"					
"paaH"	"G6716"					
"paaJ"	"G6718"					
"paaK"	"G6719"					
"aldA"	"EG10035"					
"ydcS"	"G6751"					
"ydcT"	"G6752"					
"ydcU"	"G6753"					
"ydcV"	"G6754"					
"ydcW"	"G6755"					
"ansP"	"G6764"					
"nhoA"	"G6770"					
"narV"	"EG10644"					
"narW"	"EG10645"					
"narY"	"EG10647"					
"narZ"	"EG10648"					
"narU"	"EG12153"					
"yddG"	"EG12713"					
"fdnG"	"EG11227"					
"fdnH"	"EG11228"					
"fdnI"	"EG11229"					
"adhP"	"G6775"					
"maeA"	"EG10948"					
"ddpF"	"G6777"					
"ddpD"	"G6778"					
"ddpC"	"G6779"					
"ddpB"	"G6780"					
"ddpA"	"G6781"					
"ddpX"	"G6782"					
"dosP"	"G6783"					
"gadC"	"G6786"					
"gadB"	"EG11490"					
"tam"	"G6806"					
"uxaB"	"EG11065"					
"yneH"	"G6810"					
"sad"	"G6811"					
"ydeA"	"EG11636"					
"eamA"	"EG11639"					
"ydfG"	"EG12345"					
"speG"	"G6842"					
"ynfE"	"G6845"					
"ynfF"	"G6846"					
"ynfG"	"G6847"					
"ynfH"	"G6848"					
"clcB"	"G6850"					
"mdtI"	"G6857"					
"mdtJ"	"G6858"					
"pntB"	"EG10745"					
"pntA"	"EG10744"					
"ydgI"	"G6861"					
"folM"	"G6862"					
"fumC"	"EG10358"					
"fumA"	"EG10356"					
"manA"	"EG10566"					
"malX"	"EG10563"					
"malY"	"EG10564"					
"add"	"EG10030"					
"tppB"	"G6877"					
"pdxY"	"G6879"					
"tyrS"	"EG11043"					
"pdxH"	"EG11487"					
"anmK"	"G6880"					
"sodC"	"G6886"					
"gloA"	"G6891"					
"grxD"	"EG12181"					
"sodB"	"EG10954"					
"cfa"	"EG11531"					
"ribC"	"EG11406"					
"pykF"	"EG10804"					
"lpp"	"EG10544"					
"sufE"	"G6905"					
"sufS"	"G6906"					
"sufC"	"G6908"					
"sufB"	"G6909"					
"sufA"	"EG11378"					
"ydiB"	"EG11234"					
"aroD"	"EG10076"					
"fadK"	"EG12357"					
"ppsA"	"EG10759"					
"aroH"	"EG10080"					
"btuD"	"EG10128"					
"btuE"	"EG10129"					
"btuC"	"EG10127"					
"pheT"	"EG10710"					
"pheS"	"EG10709"					
"thrS"	"EG11001"					
"pfkB"	"EG10700"					
"katE"	"EG10509"					
"chbF"	"EG10144"					
"nadE"	"EG10663"					
"astE"	"G6940"					
"astB"	"G6941"					
"astD"	"G6942"					
"astA"	"G6943"					
"astC"	"G6944"					
"nudG"	"G6954"					
"gdhA"	"EG10372"					
"selD"	"EG10943"					
"ansA"	"EG10045"					
"pncA"	"EG11135"					
"ydjI"	"G6960"					
"msrB"	"EG12394"					
"gapA"	"EG10367"					
"yeaE"	"G6967"					
"dmlA"	"G6986"					
"yeaV"	"G6987"					
"fadD"	"EG11530"					
"pabB"	"EG10683"					
"sdaA"	"EG10930"					
"manX"	"EG10567"					
"manY"	"EG10568"					
"manZ"	"EG10569"					
"purT"	"EG11809"					
"eda"	"EG10256"					
"edd"	"EG10257"					
"zwf"	"EG11221"					
"pykA"	"EG10803"					
"lpxM"	"EG10614"					
"znuA"	"G7017"					
"znuC"	"G7018"					
"znuB"	"EG12368"					
"nudB"	"EG11138"					
"aspS"	"EG10097"					
"torZ"	"G7022"					
"torY"	"G7023"					
"argS"	"EG10071"					
"otsA"	"EG11751"					
"otsB"	"EG11752"					
"araH_1"	"EG10059"					
"araG"	"EG10058"					
"araF"	"EG10057"					
"tyrP"	"EG11041"					
"pgsA"	"EG10706"					
"dcyD"	"G7038"					
"amyA"	"EG11387"					
"shiA"	"G7067"					
"amn"	"EG10039"					
"cobT"	"EG12151"					
"cobS"	"EG12150"					
"cobU"	"EG13238"					
"dacD"	"EG11893"					
"hisG"	"EG10449"					
"hisD"	"EG10447"					
"hisC"	"EG10446"					
"hisB"	"EG10445"					
"hisH"	"EG10450"					
"hisA"	"EG10444"					
"hisF"	"EG10448"					
"hisI"	"EG10451"					
"wzzB"	"G7090"					
"ugd"	"G7091"					
"gnd"	"EG10411"					
"wbbK"	"EG11985"					
"wbbJ"	"EG11984"					
"wbbI"	"EG11983"					
"wbbH"	"EG11982"					
"glf"	"EG11981"					
"rfbX"	"EG11980"					
"rfbC"	"EG11979"					
"rfbA"	"EG11978"					
"rfbD"	"EG12411"					
"rfbB"	"EG12412"					
"wcaK"	"G7096"					
"cpsG"	"EG10162"					
"cpsB"	"EG10161"					
"gmm"	"EG11789"					
"fcl"	"EG11788"					
"gmd"	"EG11787"					
"dcd"	"EG11418"					
"udk"	"EG11701"					
"gatD"	"EG12417"					
"gatC"	"EG12416"					
"gatB"	"EG12415"					
"gatA"	"EG12414"					
"gatZ"	"G7128"					
"gatY"	"EG12419"					
"fbaB"	"G7129"					
"thiD"	"G7135"					
"thiM"	"M007"					
"metG"	"EG10586"					
"yehW"	"EG12009"					
"yehX"	"EG12010"					
"yehY"	"EG12011"					
"osmF"	"EG12012"					
"bglX"	"EG12013"					
"dld"	"EG10231"					
"pbpG"	"EG12015"					
"cdd"	"EG10137"					
"preT"	"G7145"					
"preA"	"EG11289"					
"mglC"	"EG10594"					
"mglA"	"EG10592"					
"mglB"	"EG10593"					
"folE"	"EG11375"					
"yeiG"	"EG12026"					
"cirA"	"EG10155"					
"lysP"	"EG11337"					
"rihB"	"EG12030"					
"fruA"	"EG10336"					
"fruK"	"EG10337"					
"fruB"	"G7990"					
"setB"	"EG12034"					
"lpxT"	"G7146"					
"ccmE"	"EG12055"					
"ccmD"	"EG12169"					
"ccmC"	"EG12057"					
"ccmB"	"EG12058"					
"ccmA"	"EG12059"					
"napC"	"EG12060"					
"napB"	"EG12061"					
"napH"	"EG12062"					
"napG"	"EG12064"					
"napA"	"EG12067"					
"mqo"	"EG12069"					
"ompC"	"EG10670"					
"atoD"	"EG11669"					
"atoA"	"EG11670"					
"atoE"	"EG11671"					
"atoB"	"EG11672"					
"ubiG"	"EG11143"					
"nrdA"	"EG10660"					
"nrdB"	"EG10661"					
"glpQ"	"EG10399"					
"glpT"	"EG10401"					
"glpA"	"EG10391"					
"glpB"	"EG10392"					
"glpC"	"EG10393"					
"nudI"	"G7164"					
"arnB"	"G7166"					
"arnC"	"G7167"					
"arnA"	"G7168"					
"arnD"	"G7169"					
"arnT"	"G7170"					
"arnF"	"G7171"					
"menE"	"EG12437"					
"menC"	"EG11532"					
"menB"	"EG11368"					
"menH"	"EG12438"					
"menD"	"EG10579"					
"menF"	"EG12362"					
"nuoN"	"EG12093"					
"nuoM"	"EG11773"					
"nuoL"	"EG12092"					
"nuoK"	"EG12091"					
"nuoJ"	"EG12090"					
"nuoI"	"EG12089"					
"nuoH"	"EG12088"					
"nuoG"	"EG12087"					
"nuoF"	"EG11774"					
"nuoE"	"EG12086"					
"nuoC"	"EG12084"					
"nuoB"	"EG12083"					
"nuoA"	"EG12082"					
"alaA"	"G7184"					
"yfbR"	"G7185"					
"ackA"	"EG10027"					
"pta"	"EG20173"					
"folX"	"G7195"					
"hisP"	"EG10452"					
"hisM"	"EG10007"					
"hisQ"	"EG12125"					
"hisJ"	"EG12124"					
"argT"	"EG10072"					
"ubiX"	"EG11044"					
"purF"	"EG10794"					
"folC"	"EG10327"					
"accD"	"EG10217"					
"pdxB"	"G0-9461"					
"fabB"	"EG10274"					
"mepA"	"EG10580"					
"aroC"	"EG10075"					
"fadJ"	"G7212"					
"fadI"	"G7213"					
"fadL"	"EG10280"					
"dsdA"	"EG10249"					
"oxc"	"G7236"					
"frc"	"G7237"					
"lpxP"	"G7241"					
"alaC"	"G7242"					
"glk"	"EG12957"					
"mntH"	"G7254"					
"nupC"	"EG11971"					
"gltX"	"EG10407"					
"xapB"	"EG13159"					
"xapA"	"G85"					
"ligA"	"EG10534"					
"cysK"	"EG10192"					
"ptsH"	"EG10788"					
"ptsI"	"EG10789"					
"crr"	"EG10165"					
"pdxK"	"G7259"					
"cysM"	"EG10193"					
"cysA"	"EG10183"					
"cysW"	"EG10198"					
"cysU"	"EG10197"					
"cysP"	"EG10195"					
"murQ"	"G7263"					
"murP"	"G7264"					
"amiA"	"EG11823"					
"hemF"	"EG12189"					
"eutC"	"EG50007"					
"eutB"	"EG50006"					
"eutD"	"G7288"					
"maeB"	"G7293"					
"tktB"	"EG12100"					
"nudK"	"EG12410"					
"acrD"	"EG10014"					
"dapE"	"EG10208"					
"purC"	"EG10791"					
"dapA"	"EG10205"					
"bcp"	"EG10108"					
"hyfA"	"EG11150"					
"hyfB"	"EG11282"					
"hyfC"	"G7300"					
"hyfD"	"G7301"					
"hyfE"	"G7302"					
"hyfF"	"G7303"					
"hyfG"	"G7304"					
"hyfH"	"G7305"					
"hyfI"	"G7306"					
"hyfJ"	"G7307"					
"focB"	"G7309"					
"uraA"	"EG12129"					
"upp"	"EG11332"					
"purM"	"EG10798"					
"purN"	"EG10799"					
"ppk"	"EG11510"					
"ppx"	"EG11403"					
"guaA"	"EG10420"					
"guaB"	"EG10421"					
"hisS"	"EG10453"					
"ispG"	"EG10370"					
"ndk"	"EG10650"					
"pbpC"	"G7322"					
"sseA"	"EG11600"					
"pepB"	"EG12310"					
"iscA"	"EG12132"					
"iscU"	"G7324"					
"iscS"	"G7325"					
"suhB"	"EG10983"					
"hcaT"	"G7330"					
"hcaE"	"M009"					
"hcaF"	"M015"					
"hcaC"	"G7334"					
"hcaB"	"G7335"					
"hcaD"	"G7336"					
"glyA"	"EG10408"					
"hmp"	"EG10456"					
"purL"	"EG10797"					
"mltF"	"EG11373"					
"acpS"	"EG10247"					
"pdxJ"	"EG10693"					
"nadB"	"EG10631"					
"eamB"	"EG12445"					
"grcA"	"EG11784"					
"trxC"	"EG11887"					
"pssA"	"EG10781"					
"kgtP"	"EG10522"					
"pheA"	"EG10707"					
"tyrA"	"EG11039"					
"aroF"	"EG10078"					
"nadK"	"EG12192"					
"gabD"	"EG11329"					
"gabT"	"EG10361"					
"gabP"	"EG11330"					
"nrdE"	"EG20257"					
"nrdF"	"EG12381"					
"proW"	"EG10772"					
"proX"	"EG10773"					
"ygaZ"	"G7405"					
"ygaH"	"G7406"					
"luxS"	"EG12712"					
"gshA"	"EG10418"					
"yqaB"	"G7408"					
"mltB"	"G7410"					
"srlA"	"G8210"					
"srlE"	"EG10969"					
"srlB"	"EG10970"					
"srlD"	"EG10971"					
"gutQ"	"EG10973"					
"norV"	"G7413"					
"norW"	"EG12450"					
"ascF"	"EG10086"					
"hycG"	"EG10480"					
"hycF"	"EG10479"					
"hycE"	"EG10478"					
"hycD"	"EG10477"					
"hycC"	"EG10476"					
"hycB"	"EG10475"					
"ygbL"	"G7419"					
"surE"	"EG11817"					
"ispF"	"EG11816"					
"ispD"	"G7423"					
"cysC"	"EG10185"					
"cysN"	"EG10194"					
"cysD"	"EG10186"					
"cysH"	"EG10189"					
"cysI"	"EG10190"					
"cysJ"	"EG10191"					
"queD"	"G7431"					
"eno"	"EG10258"					
"pyrG"	"EG10810"					
"mazG"	"EG10572"					
"relA"	"EG10835"					
"gudD"	"G7445"					
"gudX"	"G7446"					
"gudP"	"G7447"					
"queF"	"G7452"					
"sdaC"	"EG12142"					
"sdaB"	"EG11623"					
"fucO"	"EG10351"					
"fucA"	"EG10348"					
"fucP"	"EG10352"					
"fucI"	"EG10349"					
"fucK"	"EG10350"					
"csdA"	"G7454"					
"mltA"	"G7457"					
"amiC"	"G7458"					
"argA"	"EG10063"					
"thyA"	"EG11002"					
"lplT"	"EG12455"					
"aas"	"EG11679"					
"lysA"	"EG10549"					
"araE"	"EG10056"					
"glyU"	"EG30037"					
"xdhA"	"G7485"					
"xdhB"	"G7486"					
"xdhC"	"G7487"					
"ygeX"	"G7490"					
"yqeA"	"G7493"					
"mocA"	"G7496"					
"xanQ"	"G7501"					
"guaD"	"G7502"					
"idi"	"G7508"					
"lysS"	"EG10552"					
"dsbC"	"EG11070"					
"fldB"	"EG12697"					
"bglA"	"G495"					
"gcvP"	"EG11810"					
"gcvH"	"EG10371"					
"gcvT"	"EG11442"					
"ubiH"	"EG11324"					
"fau"	"EG11158"					
"serA"	"EG10944"					
"rpiA"	"EG11443"					
"scpA"	"EG11444"					
"scpB"	"G7516"					
"scpC"	"G7517"					
"argO"	"EG11159"					
"fbaA"	"EG10282"					
"pgk"	"EG10703"					
"epd"	"EG10368"					
"yggF"	"EG11245"					
"tktA"	"EG11427"					
"speB"	"EG10960"					
"speA"	"EG10959"					
"metK"	"EG10589"					
"galP"	"EG12148"					
"gshB"	"EG10419"					
"rdgB"	"G7530"					
"ansB"	"EG10046"					
"mltC"	"G7533"					
"nupG"	"EG10664"					
"speC"	"EG10961"					
"glcA"	"G7542"					
"glcB"	"EG20080"					
"glcD"	"G7545"					
"pitB"	"EG12883"					
"gss"	"EG12882"					
"hybC"	"EG11801"					
"hybB"	"EG11800"					
"hybA"	"EG11799"					
"hybO"	"G7554"					
"yghZ"	"G7558"					
"exbD"	"EG10272"					
"exbB"	"EG10271"					
"metC"	"EG10583"					
"dkgA"	"G7565"					
"plsC"	"EG11377"					
"mdaB"	"EG12656"					
"ygiN"	"EG12657"					
"nudF"	"EG12633"					
"tolC"	"EG11009"					
"zupT"	"EG11167"					
"ribB"	"EG10465"					
"rfaE"	"G7590"					
"bacA"	"EG11665"					
"folB"	"EG11673"					
"ygiH"	"EG11674"					
"ttdA"	"EG11168"					
"ttdB"	"EG11169"					
"ttdT"	"EG12393"					
"sstT"	"EG12732"					
"uxaA"	"EG12734"					
"uxaC"	"G81"					
"exuT"	"EG12738"					
"tdcE"	"G7627"					
"tdcD"	"EG11172"					
"tdcC"	"EG10991"					
"tdcB"	"EG10990"					
"garK"	"EG11175"					
"garR"	"EG11176"					
"garL"	"EG10016"					
"garP"	"EG12760"					
"garD"	"EG12522"					
"kbaZ"	"G7631"					
"kbaY"	"EG12768"					
"mtr"	"EG10617"					
"argG"	"EG10068"					
"glmM"	"EG11553"					
"folP"	"EG50011"					
"dacB"	"EG10202"					
"ispB"	"EG10017"					
"murA"	"EG11358"					
"yrbG"	"EG12802"					
"kdsD"	"G7662"					
"kdsC"	"G7663"					
"lptC"	"G7664"					
"lptA"	"G7665"					
"lptB"	"EG11680"					
"gltB"	"EG10403"					
"gltD"	"EG10404"					
"nanK"	"G7676"					
"nanE"	"G7677"					
"nanT"	"G436"					
"nanA"	"EG10637"					
"mdh"	"EG10576"					
"accB"	"EG10275"					
"accC"	"EG10276"					
"panF"	"EG10685"					
"acrE"	"EG10266"					
"acrF"	"EG10267"					
"aroE"	"EG10077"					
"fmt"	"EG11268"					
"trkA"	"EG11019"					
"kefB"	"EG20110"					
"argD"	"EG10066"					
"pabA"	"EG10682"					
"nirB"	"EG10653"					
"nirD"	"EG10655"					
"nirC"	"EG10654"					
"cysG"	"EG10188"					
"frlA"	"EG12908"					
"frlB"	"G7723"					
"frlD"	"G7726"					
"yhfW"	"G7732"					
"trpS"	"EG11030"					
"gph"	"EG11871"					
"rpe"	"M004"					
"aroB"	"EG10074"					
"aroK"	"EG10081"					
"mrcA"	"EG10748"					
"nudE"	"G7740"					
"pck"	"EG10688"					
"feoB"	"EG12102"					
"bioH"	"EG10122"					
"gntT"	"EG12380"					
"malQ"	"EG10561"					
"malP"	"EG10560"					
"glpE"	"EG10395"					
"glpD"	"EG10394"					
"glgP"	"EG10380"					
"glgA"	"EG10377"					
"glgC"	"EG10379"					
"glgX"	"EG10381"					
"glgB"	"EG10378"					
"asd"	"EG10088"					
"gntU_1"	"EG12631"					
"gntK"	"EG12629"					
"ggt"	"EG10374"					
"ugpQ"	"EG11050"					
"ugpC"	"EG11048"					
"ugpE"	"EG11049"					
"ugpA"	"EG11046"					
"ugpB"	"EG11047"					
"livF"	"EG10536"					
"livG"	"EG10537"					
"livM"	"EG10541"					
"livH"	"EG10538"					
"livK"	"EG10540"					
"livJ"	"EG10539"					
"zntA"	"EG12215"					
"acpT"	"EG12221"					
"nikA"	"EG12075"					
"nikB"	"EG12076"					
"nikC"	"EG12077"					
"nikD"	"EG12078"					
"nikE"	"EG12079"					
"pitA"	"EG12230"					
"dtpB"	"EG12232"					
"gor"	"EG10412"					
"arsB"	"EG12236"					
"arsC"	"EG12237"					
"gadA"	"EG50009"					
"treF"	"EG12245"					
"kdgK"	"EG12253"					
"dctA"	"EG20044"					
"dppF"	"EG12628"					
"dppD"	"EG12627"					
"dppC"	"EG12626"					
"dppB"	"EG12625"					
"dppA"	"EG10248"					
"proK"	"EG30066"					
"eptB"	"EG12267"					
"bisC"	"EG10124"					
"ghrB"	"EG12272"					
"glyS"	"EG10410"					
"glyQ"	"EG10409"					
"xylB"	"EG11075"					
"xylA"	"EG11074"					
"xylF"	"EG20252"					
"xylG"	"EG12275"					
"xylH"	"EG12276"					
"malS"	"EG11316"					
"avtA"	"EG10107"					
"yiaK"	"EG12279"					
"yiaM"	"EG12281"					
"yiaN"	"EG12282"					
"yiaO"	"EG12283"					
"lyxK"	"EG12284"					
"sgbH"	"EG12285"					
"sgbE"	"EG12287"					
"aldB"	"EG12292"					
"selA"	"EG10941"					
"mtlA"	"EG10615"					
"mtlD"	"EG10616"					
"lldP"	"EG11961"					
"lldD"	"EG11963"					
"cysE"	"EG10187"					
"gpsA"	"EG20091"					
"grxC"	"EG12294"					
"gpmM"	"EG12296"					
"tdh"	"EG10993"					
"kbl"	"EG10512"					
"rfaD"	"EG10838"					
"waaF"	"EG12210"					
"waaC"	"EG11189"					
"rfaL"	"EG11424"					
"waaK"						
"rfaZ"	"EG11426"					
"waaY"	"EG11425"					
"waaJ"	"EG11353"					
"waaI"	"EG11352"					
"waaB"	"EG11351"					
"rfaS"	"EG11350"					
"waaP"	"EG11340"					
"waaG"	"EG11339"					
"waaQ"	"EG11341"					
"waaA"	"EG10520"					
"coaD"	"EG11190"					
"dfp"	"EG10004"					
"dut"	"EG10251"					
"pyrE"	"EG10808"					
"gmk"	"EG10965"					
"spoT"	"EG10966"					
"gltS"	"EG10406"					
"xanP"	"EG11194"					
"ade"	"EG11314"					
"uhpT"	"EG11054"					
"ilvN"	"EG10502"					
"ilvB"	"EG10494"					
"yidK"	"EG11706"					
"dgoT"	"EG20053"					
"dgoK"	"EG20051"					
"tnaA"	"EG11005"					
"tnaB"	"EG11006"					
"purP"	"EG11724"					
"bglF"	"EG10115"					
"pstB"	"EG10783"					
"pstA"	"EG10782"					
"pstC"	"EG10784"					
"pstS"	"EG10734"					
"glmS"	"EG10382"					
"glmU"	"EG11198"					
"atpC"	"EG10100"					
"atpD"	"EG10101"					
"atpG"	"EG10104"					
"atpA"	"EG10098"					
"atpH"	"EG10105"					
"atpF"	"EG10103"					
"atpE"	"EG10102"					
"atpB"	"EG10099"					
"atpI"	"EG10106"					
"asnA"	"EG10091"					
"kup"	"EG11541"					
"rbsD"	"EG10817"					
"rbsA"	"EG10814"					
"rbsC"	"EG10816"					
"rbsB"	"EG10815"					
"rbsK"	"EG10818"					
"ilvE"	"EG10497"					
"ilvD"	"EG10496"					
"ilvA"	"EG10493"					
"ilvC"	"EG10495"					
"gpp"	"EG10413"					
"trxA"	"EG11031"					
"rfe"	"EG10840"					
"wzzE"	"EG11295"					
"rffE"	"EG11451"					
"rffD"	"EG11452"					
"rffG"	"EG11453"					
"rffH"	"EG11454"					
"rffC"	"EG11455"					
"rffA"	"EG11456"					
"wzxE"	"EG11486"					
"wzyE"	"EG11457"					
"rffM"	"EG11458"					
"hemX"	"EG10433"					
"hemD"	"EG10430"					
"hemC"	"EG10429"					
"cyaA"	"EG10170"					
"cyaY"	"EG11653"					
"dapF"	"EG10209"					
"corA"	"EG11463"					
"pldA"	"EG10738"					
"rhtC"	"EG11468"					
"rhtB"	"EG11469"					
"pldB"	"EG10739"					
"yigL"	"EG11470"					
"metE"	"EG10584"					
"udp"	"EG11045"					
"ubiE"	"EG11473"					
"ubiB"	"EG11476"					
"ubiD"	"EG11396"					
"fre"	"EG10334"					
"fadA"	"EG10278"					
"fadB"	"EG10279"					
"trkH"	"EG11021"					
"hemG"	"EG11485"					
"alaT"	"EG30008"					
"mobB"	"EG11828"					
"mobA"	"EG11829"					
"dsbA"	"EG11297"					
"hemN"	"EG11836"					
"glnA"	"EG10383"					
"ompL"	"G7814"					
"yihU"	"EG11847"					
"fdoI"	"EG11856"					
"fdoH"	"EG11857"					
"fdoG"	"EG11858"					
"rhaD"	"EG11866"					
"rhaA"	"EG11867"					
"rhaB"	"EG11868"					
"rhaT"	"EG11313"					
"sodA"	"EG10953"					
"kdgT"	"EG11869"					
"fieF"	"EG11873"					
"pfkA"	"EG10699"					
"sbp"	"EG10929"					
"cdh"	"EG10138"					
"tpiA"	"EG11015"					
"fpr"	"EG10628"					
"glpX"	"EG11517"					
"glpK"	"EG10398"					
"glpF"	"EG10396"					
"menA"	"EG11880"					
"metB"	"EG10582"					
"metL"	"EG10590"					
"metF"	"EG10585"					
"katG"	"EG10511"					
"gldA"	"EG11904"					
"fsaB"	"EG11905"					
"pflD"	"EG11910"					
"pflC"	"EG11911"					
"ppc"	"EG10756"					
"argE"	"EG11286"					
"argC"	"EG10065"					
"argB"	"EG10064"					
"argH"	"EG11223"					
"sthA"	"EG11428"					
"btuB"	"EG10126"					
"murI"	"EG11204"					
"murB"	"EG11205"					
"coaA"	"EG10922"					
"thiH"	"EG11590"					
"thiG"	"EG11589"					
"thiF"	"EG11587"					
"thiE"	"EG11586"					
"thiC"	"EG11585"					
"nudC"	"EG11702"					
"hemE"	"EG11543"					
"purD"	"EG10792"					
"purH"	"EG10795"					
"metA"	"EG10581"					
"aceB"	"EG10023"					
"aceA"	"EG10022"					
"metH"	"EG10587"					
"lysC"	"EG10550"					
"pgi"	"EG10702"					
"xylE"	"EG11076"					
"malG"	"EG10556"					
"malF"	"EG10555"					
"malE"	"EG10554"					
"malK"	"EG10558"					
"lamB"	"EG10528"					
"ubiC"	"EG11369"					
"ubiA"	"EG11370"					
"plsB"	"EG10740"					
"dgkA"	"EG10224"					
"alr"	"EG10001"					
"tyrB"	"EG11040"					
"aphA"	"EG11934"					
"actP"	"EG11942"					
"acs"	"EG11448"					
"nrfA"	"EG11781"					
"nrfB"	"EG11945"					
"nrfC"	"EG11946"					
"nrfD"	"EG11947"					
"gltP"	"EG10405"					
"fdhF"	"EG10285"					
"alsK"	"EG11956"					
"alsE"	"EG11957"					
"alsC"	"EG11958"					
"alsA"	"EG11959"					
"alsB"	"EG12458"					
"rpiB"	"EG11827"					
"phnN"	"EG10723"					
"proP"	"EG11612"					
"adiC"	"EG12462"					
"adiA"	"EG11501"					
"melA"	"EG10577"					
"melB"	"EG10578"					
"fumB"	"EG10357"					
"dcuB"	"EG10006"					
"lysU"	"EG10553"					
"yjdL"	"EG12469"					
"cadA"	"EG10131"					
"cadB"	"EG10132"					
"dipZ"	"EG12178"					
"dcuA"	"EG11225"					
"aspA"	"EG10095"					
"frdD"	"EG10333"					
"frdC"	"EG10332"					
"frdB"	"EG10331"					
"frdA"	"EG10330"					
"psd"	"EG10775"					
"rsgA"	"G7841"					
"amiB"	"EG11363"					
"purA"	"EG10790"					
"ulaG"	"G7855"					
"ulaA"	"G7856"					
"ulaB"	"EG12494"					
"ulaC"	"EG12495"					
"ulaD"	"G7858"					
"ulaE"	"G7859"					
"ulaF"	"G7860"					
"cycA"	"EG12504"					
"ytfE"	"G7866"					
"cpdB"	"EG10160"					
"cysQ"	"EG10043"					
"msrA"	"EG11433"					
"ppa"	"EG10755"					
"ytfQ"	"EG12517"					
"ytfT"	"EG12520"					
"yjfF"	"EG12439"					
"fbp"	"EG10283"					
"mpl"	"EG12440"					
"nrdG"	"G812"					
"nrdD"	"EG11417"					
"treC"	"EG11402"					
"treB"	"EG12127"					
"mgtA"	"EG12525"					
"pyrI"	"EG10811"					
"pyrB"	"EG10805"					
"argI"	"EG10069"					
"valS"	"EG11067"					
"lptF"	"G7888"					
"lptG"	"G7889"					
"idnT"	"EG12539"					
"idnO"	"G7892"					
"idnD"	"G7893"					
"idnK"	"EG12152"					
"fecE"	"EG10290"					
"fecD"	"EG10289"					
"fecC"	"EG10288"					
"fecB"	"EG10287"					
"fecA"	"EG10286"					
"sgcE"	"G7914"					
"nanC"	"G7921"					
"gntP"	"EG12563"					
"uxuA"	"EG11066"					
"uxuB"	"EG20248"					
"yjjL"	"EG12587"					
"yjjN"	"G7945"					
"fhuF"	"G7949"					
"yjjG"	"EG12115"					
"deoC"	"EG10221"					
"deoA"	"EG10219"					
"deoB"	"EG10220"					
"deoD"	"EG10222"					
"lplA"	"EG11796"					
"serB"	"EG10945"					
"slt"	"EG10950"					
"yjjX"	"EG12600"					
"ytjC"	"EG12164"					
"glcF"	"G0-8601"					
"frlC"	"G7724"					
"dgoA"	"EG20049"					
"ytfR"	"EG12518"					
"thrL"	"EG11277"					
"yaaX"	"G6081"					
"yaaA"	"EG10011"					
"yaaH"	"EG11512"					
"yaaW"	"G6082"					
"htgA"	"EG11509"					
"yaaI"	"G8202"					
"dnaK"	"EG10241"					
"dnaJ"	"EG10240"					
"insL-1"	"G6083"					
"insA-1"	"G6086"					
"rpsT"	"EG10919"					
"yaaY"	"G6087"					
"lspA"	"EG10548"					
"fkpB"	"EG11080"					
"caiE"	"EG12608"					
"caiA"	"EG11560"					
"fixA"	"EG11562"					
"fixB"	"EG11563"					
"fixC"	"EG11564"					
"fixX"	"EG11565"					
"yaaU"	"EG11566"					
"kefF"	"EG11568"					
"apaG"	"EG10047"					
"rsmA"	"EG10523"					
"surA"	"EG10985"					
"lptD"	"EG11569"					
"djlA"	"EG11570"					
"yabP"	"EG12610"					
"rluA"	"EG12609"					
"hepA"	"EG11083"					
"polB"	"EG10747"					
"yabI"	"EG11571"					
"leuL"	"EG11280"					
"mraZ"	"EG11084"					
"rsmH"	"EG11085"					
"ftsL"	"EG11086"					
"ftsW"	"EG10344"					
"ftsQ"	"EG10342"					
"ftsA"	"EG10339"					
"ftsZ"	"EG10347"					
"secM"	"EG11087"					
"secA"	"EG10936"					
"yacG"	"EG12314"					
"zapD"	"EG12313"					
"hofC"	"EG11798"					
"hofB"	"EG12106"					
"ppdD"	"EG12107"					
"ampE"	"EG10042"					
"yacH"	"EG12315"					
"yacL"	"EG12605"					
"yacC"	"EG11089"					
"yadG"	"EG12320"					
"yadH"	"EG12321"					
"yadI"	"EG12322"					
"yadE"	"EG11749"					
"yadD"	"EG11748"					
"yadC"	"EG11678"					
"yadK"	"EG12325"					
"yadL"	"EG12326"					
"yadM"	"EG12327"					
"htrE"	"EG11972"					
"yadV"	"EG11973"					
"yadN"	"EG12328"					
"pcnB"	"EG10690"					
"gluQ"	"EG11362"					
"dksA"	"EG10230"					
"ligT"	"EG12330"					
"hrpB"	"EG12329"					
"erpA"	"EG12332"					
"yadS"	"EG12333"					
"degP"	"EG10463"					
"yaeH"	"EG12336"					
"yaeI"	"EG12337"					
"glnD"	"EG11411"					
"map"	"EG10570"					
"rpsB"	"EG10901"					
"tsf"	"EG11033"					
"frr"	"EG10335"					
"rseP"	"EG12436"					
"bamA"	"G6093"					
"hlpA"	"EG10455"					
"rnhB"	"EG10861"					
"dnaE"	"EG10238"					
"yaeR"	"G6095"					
"tilS"	"G6096"					
"rof"	"G6097"					
"yaeQ"	"G6098"					
"arfB"	"EG12354"					
"nlpE"	"EG12137"					
"yaeF"	"EG12138"					
"yaeB"	"EG11503"					
"rcsF"	"EG11502"					
"rrsH"	"EG30090"					
"rrfH"	"EG30076"					
"yafD"	"EG11650"					
"yafE"	"EG11651"					
"mltD"	"EG10246"					
"yafS"	"G6100"					
"rnhA"	"EG10860"					
"dnaQ"	"EG10243"					
"yafT"	"G6101"					
"yafU"	"G6102"					
"yafV"	"G6103"					
"ivy"	"G6104"					
"yafJ"	"G6107"					
"yafK"	"G6108"					
"yafQ"	"G6109"					
"yafL"	"G6111"					
"rayT"	"G6112"					
"lfhA"	"G6113"					
"lafU"	"G6114"					
"dinB"	"G6115"					
"yafN"	"G6116"					
"yafO"	"G6117"					
"yafP"	"G6118"					
"ykfJ"	"G6119"					
"prfH"	"EG11496"					
"frsA"	"EG11091"					
"ykfI"	"G6120"					
"yafW"	"G6121"					
"ykfG"	"G6122"					
"yafX"	"G6123"					
"ykfF"	"G6124"					
"ykfB"	"G6125"					
"yafY"	"G6126"					
"yafZ"	"G6127"					
"ykfA"	"G6128"					
"insN-1"	"G6130"					
"insO-1"	"G6132"					
"ykfC"	"G6133"					
"afuC"	"EG12340"					
"afuB"	"G6137"					
"yagB"	"EG12339"					
"yagE"	"G6140"					
"yagF"	"G6141"					
"yagG"	"G6142"					
"yagH"	"G6143"					
"yagJ"	"G6147"					
"yagK"	"G6148"					
"yagL"	"G6149"					
"yagM"	"G6150"					
"yagN"	"G6151"					
"intF"	"G6152"					
"paoD"	"G6154"					
"paoC"	"G6155"					
"paoB"	"G6156"					
"paoA"	"G6157"					
"yagU"	"G6158"					
"ykgJ"	"G6159"					
"ecpE"	"G6160"					
"ecpD"	"G6161"					
"ecpC"	"G6162"					
"ecpB"	"G6163"					
"ecpA"	"G6164"					
"ykgL"	"G6166"					
"ykgM"	"G6167"					
"eaeH"	"EG12161"					
"ykgB"	"G6171"					
"ykgI"	"G6173"					
"ykgC"	"G6174"					
"ykgH"	"G6180"					
"yahA"	"EG11236"					
"yahC"	"G6182"					
"yahE"	"G6184"					
"yahF"	"G6185"					
"yahG"	"G6186"					
"yahJ"	"G6189"					
"yahK"	"G6190"					
"yahL"	"G6191"					
"yahM"	"G6192"					
"yahN"	"G6193"					
"yahO"	"G6194"					
"prpE"	"G6200"					
"lacA"	"EG10524"					
"yaiL"	"G6207"					
"yaiO"	"G6210"					
"yaiX"	"G6211"					
"insC-1"	"G6212"					
"yaiF"	"G6214"					
"yaiP"	"G6215"					
"yaiS"	"G6216"					
"yaiT"	"G6222"					
"yaiU"	"G6225"					
"ampH"	"EG12867"					
"sbmA"	"EG10928"					
"yaiY"	"G6228"					
"yaiZ"	"G6229"					
"iraP"	"EG11256"					
"psiF"	"EG11401"					
"adrA"	"EG11257"					
"yaiI"	"G6230"					
"yaiA"	"EG11093"					
"aroM"	"EG10083"					
"yaiE"	"EG12159"					
"ykiA"	"G6231"					
"rdgC"	"EG12158"					
"araJ"	"EG10060"					
"sbcC"	"EG10927"					
"sbcD"	"EG11094"					
"phoR"	"EG10733"					
"proY"	"G6233"					
"queA"	"EG10812"					
"tgt"	"EG10996"					
"yajC"	"EG11096"					
"secD"	"EG10938"					
"secF"	"EG10940"					
"yajD"	"EG11097"					
"yajI"	"EG12874"					
"nusB"	"EG10666"					
"yajO"	"G6236"					
"xseB"	"EG11098"					
"yajL"	"G198"					
"yajQ"	"G6240"					
"yajR"	"G6241"					
"yajG"	"EG12182"					
"tig"	"EG11003"					
"clpP"	"EG10158"					
"clpX"	"EG10159"					
"lon"	"EG10542"					
"ppiD"	"G6242"					
"ybaV"	"G6243"					
"fadM"	"G6244"					
"ybaE"	"EG13217"					
"mdlA"	"G6248"					
"mdlB"	"EG11622"					
"glnK"	"EG12191"					
"ybaY"	"G6250"					
"atl"	"G6251"					
"ffs"	"EG30027"					
"ybaA"	"EG11099"					
"ylaB"	"G6252"					
"ylaC"	"G6253"					
"hha"	"EG10439"					
"tomB"	"EG12429"					
"mscK"	"G6255"					
"ybaM"	"EG12830"					
"priC"	"EG10765"					
"ybaN"	"EG12843"					
"dnaX"	"EG10245"					
"ybaB"	"EG11100"					
"recR"	"EG10834"					
"htpG"	"EG10461"					
"aes"	"EG11101"					
"ybaL"	"EG12623"					
"fsr"	"G6256"					
"ybaK"	"EG12454"					
"ybaP"	"G6258"					
"ybaT"	"G6262"					
"ybbJ"	"G6264"					
"qmcA"	"G6265"					
"ybbL"	"G6266"					
"ybbM"	"G6267"					
"ybbN"	"G6268"					
"ybbO"	"G6269"					
"ybbA"	"EG11657"					
"ybbP"	"G6270"					
"rhsD"	"EG10849"					
"ybbC"	"EG11769"					
"ylbH"	"G6271"					
"ybbD"	"EG11770"					
"b0501"						
"ybbB"	"EG11768"					
"ybbV"						
"ybbY"	"G6282"					
"allE"	"G6284"					
"fdrA"	"G6287"					
"ylbE_2"	"G6288"					
"ylbF"	"G6289"					
"ppiB"	"EG10758"					
"ybcI"	"EG12708"					
"ybcJ"	"EG12879"					
"sfmA"	"G6290"					
"sfmC"	"G6291"					
"sfmD"	"G6292"					
"sfmH"	"G6293"					
"sfmF"	"EG12388"					
"intD"	"EG10507"					
"ybcC"	"G6295"					
"renD"	"G6298"					
"emrE"	"EG10629"					
"ybcK"	"G6300"					
"ybcL"	"G6301"					
"ybcM"	"G6302"					
"ybcN"	"G6303"					
"ninE"	"G6304"					
"ybcO"	"G6305"					
"rusA"	"G6306"					
"ybcQ"	"G6307"					
"nmpC"	"EG10659"					
"essD"	"G6309"					
"rrrD"	"G6310"					
"rzpD"	"G6311"					
"borD"	"G6312"					
"ybcV"	"G6313"					
"ybcW"	"G6314"					
"tfaD"	"G6315"					
"ybcY"	"G6316"					
"tfaX"	"G6317"					
"ompT"	"EG10673"					
"ybcH"	"EG12448"					
"nfrA"	"EG11740"					
"nfrB"	"EG11739"					
"cusS"	"G6318"					
"ybdG"	"G6323"					
"ybdF"	"G6324"					
"ybdJ"	"G6325"					
"ybdK"	"G6326"					
"fepE"	"EG10297"					
"entH"	"EG11105"					
"cstA"	"EG10167"					
"ybdH"	"EG12692"					
"ybdL"	"G6329"					
"ybdM"	"G6330"					
"ybdN"	"G6331"					
"ahpC"	"EG11384"					
"ahpF"	"EG11385"					
"uspG"	"G6334"					
"ybdR"	"G6335"					
"rnk"	"G6337"					
"rna"	"EG10856"					
"citC"	"G6344"					
"dpiB"	"G6345"					
"crcB"	"EG12209"					
"ybeM_1"	"EG12208"					
"ybeM_2"	"G6348"					
"tatE"	"EG11305"					
"ybeD"	"EG11592"					
"rlpA"	"EG10854"					
"mrdB"	"EG10607"					
"rlmH"	"EG11254"					
"rsfS"	"EG11255"					
"holA"	"EG11412"					
"lptE"	"EG10855"					
"ybeL"	"EG12851"					
"ybeQ"	"G6351"					
"ybeR"	"G6352"					
"djlB"	"G6353"					
"ybeT"	"G6354"					
"ybeU"	"G6355"					
"djlC"	"G6356"					
"ybeX"	"G6361"					
"ybeY"	"G6362"					
"ybeZ"	"G6363"					
"miaB"	"G6364"					
"nagD"	"EG10634"					
"chiP"	"G6370"					
"ybfN"	"G6371"					
"ybfE"	"EG11775"					
"ybfF"	"EG11776"					
"seqA"	"EG12197"					
"ybfP"	"G6374"					
"ybfG"	"EG11777"					
"ybfH"	"EG11778"					
"kdpD"	"EG10516"					
"ybfA"	"EG11521"					
"ybfB"	"EG11522"					
"ybfO"	"G6376"					
"ybfC"	"EG11523"					
"ybfD"	"EG11524"					
"ybgA"	"EG11108"					
"phr"	"EG10736"					
"ybgI"	"G6379"					
"ybgJ"	"G6380"					
"ybgK"	"G6381"					
"ybgL"	"G6382"					
"nei"	"G6383"					
"ybgO"	"G6385"					
"ybgP"	"G6386"					
"ybgQ"	"G6387"					
"ybgD"	"EG12359"					
"ybgE"	"EG12395"					
"tolQ"	"EG11010"					
"tolR"	"EG11011"					
"tolA"	"EG11007"					
"tolB"	"EG11008"					
"pal"	"EG10684"					
"ybgF"	"EG12854"					
"ybgS"	"G6394"					
"modF"	"EG11677"					
"acrZ"	"G6396"					
"ybhH"	"G6399"					
"ybhI"	"G6400"					
"ybhJ"	"G6401"					
"ybhC"	"EG12875"					
"ybhB"	"EG11238"					
"uvrB"	"EG11062"					
"ybhK"	"G6402"					
"moaB"	"EG11596"					
"ybhL"	"G6403"					
"ybhM"	"G6404"					
"ybhP"	"G6407"					
"ybhQ"	"G6408"					
"ybhR"	"G6409"					
"ybhS"	"G6410"					
"ybhF"	"G6411"					
"ybhG"	"G6412"					
"rhlE"	"EG11235"					
"ybiA"	"EG11579"					
"dinG"	"EG11357"					
"ybiB"	"EG11580"					
"ybiC"	"EG11581"					
"ybiJ"	"EG12422"					
"ybiI"	"EG12421"					
"ybiX"	"G6413"					
"mcbA"	"G6415"					
"rlmF"	"G6416"					
"ybiO"	"G6417"					
"dps"	"EG11415"					
"ompX"	"EG12117"					
"ybiP"	"G6418"					
"ybiR"	"G6421"					
"ybiS"	"G6422"					
"ybiT"	"G6423"					
"ybiU"	"G6424"					
"ybiW"	"G6426"					
"ybiY"	"G6427"					
"yliE"	"G6433"					
"yliF"	"G6434"					
"rimO"	"G6435"					
"bssR"	"G6436"					
"gstB"	"G6438"					
"ybjH"	"G6441"					
"ybjI"	"G6442"					
"ybjJ"	"G6443"					
"ybjL"	"G6445"					
"ybjM"	"G6446"					
"ybjC"	"EG12842"					
"nfsA"	"EG11261"					
"rimK"	"EG10852"					
"ybjN"	"G6447"					
"ybjO"	"G6448"					
"rlmC"	"G6449"					
"ybjP"	"G6450"					
"ybjQ"	"G6451"					
"amiD"	"G6452"					
"ybjS"	"G6453"					
"ybjT"	"G6454"					
"hcr"	"G6456"					
"hcp"	"G6457"					
"ybjE"	"G6458"					
"ybjD"	"G6459"					
"ybjX"	"G6460"					
"macA"	"G6461"					
"macB"	"G6462"					
"cspD"	"EG11111"					
"clpS"	"G6463"					
"clpA"	"EG10156"					
"infA"	"EG10504"					
"aat"	"EG11112"					
"ftsK"	"G6464"					
"lolA"	"G6465"					
"rarA"	"EG12690"					
"ycaC"	"EG11241"					
"ycaD"	"EG11242"					
"ycaM"	"G6466"					
"ycaK"	"EG12702"					
"ycaO"	"G6468"					
"ycaP"	"G6469"					
"ycaL"	"G6470"					
"rpsA"	"EG10900"					
"ycaI"	"EG12375"					
"ycaQ"	"G6471"					
"ycaR"	"G6472"					
"ycbJ"	"G6473"					
"ycbC"	"EG12166"					
"smtA"	"EG12167"					
"mukF"	"EG12165"					
"mukE"	"EG11252"					
"mukB"	"EG10618"					
"ycbB"	"EG11253"					
"ycbK"	"G6474"					
"ycbL"	"G6475"					
"elfA"	"G6480"					
"elfD"	"G6481"					
"elfC"	"G6482"					
"elfG"	"G6483"					
"ycbU"	"G6484"					
"ycbV"	"G6485"					
"ycbF"	"EG12397"					
"zapC"	"G6486"					
"ycbX"	"G6487"					
"rlmL"	"G6488"					
"uup"	"G6489"					
"pqiA"	"G6490"					
"pqiB"	"G6491"					
"ymbA"	"G6492"					
"rmf"	"EG50004"					
"ycbZ"	"G6493"					
"matP"	"EG12855"					
"sulA"	"EG10984"					
"sxy"	"G6494"					
"yccS"	"G6495"					
"yccF"	"G6496"					
"helD"	"EG10426"					
"yccT"	"G6498"					
"yccU"	"G6499"					
"hspQ"	"G6500"					
"rlmI"	"G6501"					
"tusE"	"EG12876"					
"yccA"	"EG11113"					
"hyaD"	"EG10471"					
"hyaE"	"EG10472"					
"hyaF"	"EG10473"					
"etk"	"EG11826"					
"etp"	"G6503"					
"gfcE"	"G6504"					
"gfcD"	"G6505"					
"gfcC"	"G6506"					
"gfcB"	"G6507"					
"gfcA"	"G6508"					
"cspH"	"G6510"					
"cspG"	"G6511"					
"ymcE"	"G6512"					
"yccM"	"G6513"					
"torS"	"G6514"					
"torT"	"G6515"					
"torD"	"EG12195"					
"cbpM"	"EG12194"					
"cbpA"	"EG12193"					
"yccE"	"EG12196"					
"yccJ"	"EG12703"					
"wrbA"	"EG11540"					
"efeU_1"	"G6525"					
"efeO"	"G6527"					
"efeB"	"EG11735"					
"phoH"	"EG11734"					
"pgaD"	"G6528"					
"pgaC"	"G6529"					
"pgaB"	"G6530"					
"pgaA"	"G6531"					
"ycdT"	"G6532"					
"ymdE"	"G6535"					
"ycdU"	"G6536"					
"ycdX"	"G6540"					
"ycdY"	"G6541"					
"ycdZ"	"G6542"					
"csgG"	"G6543"					
"csgF"	"G6544"					
"csgE"	"G6545"					
"csgB"	"G6547"					
"csgA"	"EG11489"					
"csgC"	"G6548"					
"ymdA"	"G6549"					
"ymdB"	"G6550"					
"ymdC"	"G6551"					
"mdoC"	"G6552"					
"mdoG"	"EG11885"					
"mdoH"	"EG11886"					
"yceK"	"EG12689"					
"msyB"	"EG11338"					
"mdtG"	"EG11343"					
"yceA"	"EG11116"					
"yceI"	"EG11820"					
"yceJ"	"G6554"					
"yceO"	"G6555"					
"bssS"	"G6557"					
"dinI"	"G6558"					
"yceB"	"EG11117"					
"mdtH"	"G6559"					
"rimJ"	"EG10851"					
"yceH"	"EG11537"					
"yceM"	"G6560"					
"flgN"	"G6562"					
"flgA"	"G357"					
"flgB"	"G358"					
"flgC"	"G359"					
"flgD"	"G360"					
"flgE"	"G361"					
"flgF"	"G362"					
"flgG"	"G363"					
"flgH"	"G364"					
"flgI"	"G365"					
"flgJ"	"G366"					
"flgK"	"EG11967"					
"flgL"	"EG11545"					
"rne"	"EG10859"					
"yceQ"	"G6563"					
"rluC"	"EG11118"					
"yceF"	"EG11438"					
"yceD"	"EG11119"					
"rpmF"	"EG10890"					
"yceG"	"EG11494"					
"holB"	"EG11500"					
"ycfH"	"EG12303"					
"hinT"	"EG12172"					
"ycfL"	"G6564"					
"lpoB"	"G6565"					
"ycfP"	"G6568"					
"ycfJ"	"EG12444"					
"bhsA"	"G6570"					
"ycfS"	"G6571"					
"mfd"	"EG11619"					
"ycfT"	"G6572"					
"lolC"	"G6573"					
"lolD"	"G6574"					
"lolE"	"G6575"					
"cobB"	"G6577"					
"ycfZ"	"G6578"					
"ymfA"	"G6579"					
"pepT"	"EG11549"					
"ycfD"	"EG11430"					
"phoQ"	"EG10732"					
"hflD"	"EG11345"					
"mnmA"	"EG11344"					
"rluE"	"G6581"					
"ymfD"	"G6582"					
"ymfE"	"G6583"					
"lit"	"EG10535"					
"intE"	"EG12370"					
"xisE"	"G6585"					
"ymfH"	"G6586"					
"ymfI"	"G6587"					
"ymfJ"	"G6588"					
"ymfK"	"G6589"					
"ymfM"	"G6592"					
"ymfR"	"G6594"					
"ymfO"	"G6595"					
"ymfP"	"G6596"					
"ymfQ"	"G6597"					
"ycfK"	"EG12877"					
"ymfS"	"G6598"					
"tfaE"	"EG11120"					
"stfE"	"G6599"					
"pinE"	"EG10737"					
"mcrA"	"EG10573"					
"iraM"	"G6600"					
"ycgX"	"G6601"					
"bluF"	"G6603"					
"ycgZ"	"G6604"					
"ymgA"	"G6605"					
"ariR"	"G6606"					
"ymgC"	"G6607"					
"ycgG"	"G6608"					
"ycgH_1"	"G6609"					
"ycgH_2"	"G6610"					
"ymgD"	"G6611"					
"ymgG"	"G6612"					
"minE"	"EG10598"					
"minD"	"EG10597"					
"minC"	"EG10596"					
"ycgJ"	"G6614"					
"pliG"	"G6615"					
"ycgL"	"G6616"					
"ycgM"	"G6617"					
"ycgN"	"G6618"					
"hlyE"	"G6619"					
"umuD"	"EG11057"					
"umuC"	"EG11056"					
"ycgB"	"EG11516"					
"cvrA"	"G6620"					
"ycgR"	"G6623"					
"ymgE"	"G6624"					
"ycgY"	"G6625"					
"ycgV"	"G6629"					
"ychF"	"EG11404"					
"pth"	"EG10785"					
"ychH"	"EG11533"					
"lolB"	"EG11293"					
"prfA"	"EG10761"					
"prmC"	"EG12424"					
"chaB"	"EG12402"					
"chaC"	"EG12403"					
"ychN"	"EG12404"					
"ychO"	"EG12405"					
"narX"	"EG10646"					
"ychS"	"G6631"					
"tpr"	"EG11016"					
"ychJ"	"EG12119"					
"rssA"	"EG12120"					
"rssB"	"EG12121"					
"ychG_2"	"EG11611"					
"ychG_1"	"G6632"					
"ychE"	"EG11342"					
"yciU"	"G6633"					
"yciI"	"EG11607"					
"yciA"	"EG11121"					
"yciB"	"EG11122"					
"yciC"	"EG11123"					
"ompW"	"EG11124"					
"yciE"	"EG11125"					
"yciF"	"EG11126"					
"yciG"	"EG11127"					
"trpL"	"EG11274"					
"yciV"	"G6634"					
"yciO"	"G6635"					
"yciQ"	"G6636"					
"rluB"	"EG12433"					
"yciK"	"EG11759"					
"sohB"	"EG10956"					
"yciN"	"EG12868"					
"topA"	"EG11013"					
"yciS"	"G6637"					
"yciM"	"EG12691"					
"yciH"	"EG11128"					
"osmB"	"EG10679"					
"gmr"	"G6639"					
"rnb"	"EG11620"					
"yciW"	"G6640"					
"ycjD"	"G6641"					
"sapF"	"EG12305"					
"sapC"	"G2000"					
"sapB"	"G2001"					
"sapA"	"G2002"					
"ymjA"	"G6642"					
"pspA"	"EG10776"					
"pspD"	"EG10779"					
"ycjM"	"G6647"					
"ycjN"	"G6648"					
"ycjO"	"G6649"					
"ycjP"	"G6650"					
"ycjQ"	"G6651"					
"ycjR"	"G6652"					
"ycjS"	"G6653"					
"ycjT"	"G6654"					
"ycjU"	"G6655"					
"ycjV"	"G6656"					
"ycjX"	"G6659"					
"ycjF"	"EG12870"					
"tpx"	"G6660"					
"ycjY"	"G6663"					
"ynaI"	"G6666"					
"ynaJ"	"G6668"					
"uspE"	"EG11246"					
"ogt"	"EG10668"					
"abgT"	"EG12853"					
"abgB"	"G6669"					
"abgA"	"G6670"					
"smrA"	"G6672"					
"ydaM"	"G6673"					
"ydaN"	"G6674"					
"dbpA"	"EG10210"					
"ttcA"	"G6675"					
"intR"	"G6676"					
"ydaQ"	"G6677"					
"rcbA"	"EG11901"					
"lar"	"EG11900"					
"recT"	"EG11899"					
"recE"	"EG10827"					
"racC"	"EG10813"					
"kilR"	"EG12155"					
"sieB"	"EG12154"					
"ydaG"	"G6679"					
"ydaT"	"G6682"					
"ydaU"	"G6683"					
"ydaV"	"G6684"					
"ydaW"	"G6685"					
"rzpR"	"G6686"					
"ynaK"	"G6688"					
"ydaY"	"G6689"					
"ynaA"	"G6691"					
"lomR_1"	"G6692"					
"insH-5"	"G6693"					
"lomR_2"	"G6694"					
"stfR"	"G6695"					
"pinR"	"G6697"					
"ynaE"	"G6698"					
"uspF"	"G6699"					
"hslJ"	"G6702"					
"ydbH"	"G6703"					
"ynbE"	"G6704"					
"ydbL"	"G6705"					
"paaI"	"G6717"					
"paaY"	"G6721"					
"ydbA_1"	"G6722"					
"ydbA_2"	"G8204"					
"ydbC"	"EG11309"					
"ydbD"	"EG11310"					
"ynbA"	"G6727"					
"ynbB"	"G6728"					
"ynbC"	"G6729"					
"ynbD"	"G6730"					
"azoR"	"G6731"					
"hrpA"	"G6732"					
"ydcF"	"EG12110"					
"gapC_2"	"EG12103"					
"gapC_1"	"G8205"					
"cybB"	"EG10172"					
"ydcA"	"EG11219"					
"mokB"	"G6736"					
"trg"	"EG11018"					
"ydcJ"	"G6738"					
"mdoD"	"EG12859"					
"ydcH"	"EG12865"					
"rimL"	"EG10853"					
"ydcK"	"G6741"					
"tehA"	"EG11883"					
"tehB"	"EG11884"					
"ydcL"	"G6742"					
"ydcM"	"G6743"					
"ydcO"	"G6744"					
"ydcP"	"G6746"					
"yncJ"	"G6747"					
"b1437"						
"hicB"	"G6749"					
"ydcX"	"G6756"					
"ydcY"	"G6757"					
"ydcZ"	"G6758"					
"mnaT"	"G6759"					
"curA"	"G6760"					
"yncD"	"G6762"					
"yncE"	"G6763"					
"yncG"	"G6765"					
"yncH"	"G6766"					
"rhsE"	"EG10010"					
"ydcD"	"EG11760"					
"yncI"	"G6767"					
"pptA"	"EG11761"					
"yddH"	"G6769"					
"yddE"	"EG11825"					
"yddJ"	"G6771"					
"yddK"	"G6772"					
"yddL"	"G6773"					
"sra"	"EG11508"					
"bdm"	"G6776"					
"osmC"	"EG10680"					
"dosC"	"G6784"					
"yddW"	"G6785"					
"pqqL"	"EG11744"					
"yddB"	"EG11743"					
"yddA"	"EG11742"					
"ydeN"	"G6788"					
"safA"	"G6790"					
"ydeP"	"G6791"					
"ydeQ"	"G6792"					
"ydeR"	"G6793"					
"ydeS"	"G6794"					
"ydeT"	"G6795"					
"ydeU"	"G6797"					
"ydeK"	"EG11780"					
"lsrK"	"G6798"					
"lsrA"	"G6800"					
"lsrC"	"G6801"					
"lsrD"	"G6802"					
"lsrB"	"G6803"					
"lsrF"	"G6804"					
"lsrG"	"G6805"					
"yneE"	"G6807"					
"yneF"	"G6808"					
"yneG"	"G6809"					
"yneK"	"G6813"					
"marC"	"EG11637"					
"marB"	"EG11599"					
"ydeE"	"EG11640"					
"ydeH"	"EG11643"					
"ydeI"	"EG11644"					
"ydeJ"	"EG11645"					
"dcp"	"EG10212"					
"ydfZ"	"G6815"					
"ydfI"	"G6816"					
"ydfJ"	"G6817"					
"tfaQ"	"G6820"					
"ydfN"	"G6821"					
"nohA"	"EG11634"					
"ydfO"	"G6822"					
"gnsB"	"G6823"					
"ynfN"	"G6824"					
"cspI"	"G6825"					
"ydfP"	"G6826"					
"rrrQ"	"G6827"					
"ydfR"	"G6828"					
"essQ"	"G6829"					
"cspF"	"EG12205"					
"ydfT"	"G6830"					
"ydfU"	"G6831"					
"rem"	"EG11129"					
"hokD"	"EG11130"					
"relE"	"EG11131"					
"ydfV"	"G6832"					
"flxA"	"G6833"					
"ydfW"	"G6834"					
"ydfX"	"G6835"					
"ydfA"	"EG11300"					
"ydfB"	"EG11301"					
"rzpQ"	"G6826"					
"dicF"	"EG31115"					
"dicB"	"EG10227"					
"ydfD"	"EG11303"					
"ydfE"	"EG11304"					
"intQ"	"G6837"					
"rspB"	"G6838"					
"rspA"	"G6839"					
"ynfA"	"G6840"					
"ynfB"	"G6841"					
"ynfC"	"G6843"					
"ynfD"	"G6844"					
"dmsD"	"G6849"					
"ynfK"	"G6851"					
"ynfM"	"G6854"					
"asr"	"G6855"					
"ydgD"	"G6856"					
"tqsA"	"G6859"					
"ydgH"	"G6860"					
"ydgC"	"G6863"					
"rstB"	"EG11233"					
"tus"	"EG11038"					
"ydgA"	"G6865"					
"uidC"	"G6866"					
"uidB"	"EG11658"					
"uidA"	"EG11055"					
"hdhA"	"EG10425"					
"ydgJ"	"G6868"					
"cnu"	"G6869"					
"ydgK"	"G6870"					
"rsxA"	"G6871"					
"rsxB"	"G6872"					
"rsxC"	"G6873"					
"rsxD"	"G6874"					
"rsxG"	"G6875"					
"rsxE"	"G6876"					
"nth"	"EG10662"					
"gstA"	"G6878"					
"mliC"	"EG11488"					
"slyB"	"G6881"					
"ydhI"	"G6883"					
"ydhJ"	"G6884"					
"ydhK"	"G6885"					
"ydhF"	"G6887"					
"ydhL"	"G6888"					
"nemA"	"G6890"					
"rnt"	"EG11547"					
"lhr"	"EG11548"					
"ydhO"	"G6892"					
"ydhP"	"G6893"					
"ydhC"	"EG12141"					
"mdtK"	"EG12400"					
"ydhQ"	"G6894"					
"ydhR"	"G6895"					
"ydhS"	"G6896"					
"ydhT"	"G6897"					
"ydhU"	"G6898"					
"ydhX"	"G6899"					
"ydhW"	"G6900"					
"ydhV"	"G6901"					
"ydhY"	"G6902"					
"ydhZ"	"G6903"					
"ynhG"	"G6904"					
"ydiH"	"G6911"					
"ydiI"	"G6912"					
"ydiJ"	"G6913"					
"ydiK"	"G6914"					
"ydiL"	"G6915"					
"ydiM"	"G6916"					
"ydiN"	"G6917"					
"ydiF"	"EG12432"					
"ydiO"	"G6918"					
"ydiQ"	"G6920"					
"ydiR"	"G6921"					
"ydiS"	"G6922"					
"ydiT"	"G6923"					
"ppsR"	"EG11132"					
"ydiE"	"EG12391"					
"ydiU"	"G6924"					
"ydiV"	"G6925"					
"nlpC"	"EG11133"					
"pheM"	"EG11272"					
"rplT"	"EG10881"					
"rpmI"	"EG11231"					
"infC"	"EG10506"					
"arpB_1"	"G6926"					
"arpB_2"	"G6927"					
"ydiY"	"G6928"					
"ydiZ"	"G6929"					
"yniA"	"G6930"					
"yniB"	"G6931"					
"yniC"	"G6932"					
"ydjM"	"G6933"					
"ydjN"	"G6934"					
"ydjO"	"G6935"					
"cedA"	"G6936"					
"chbG"	"EG12198"					
"chbA"	"EG10142"					
"chbC"	"EG10141"					
"chbB"	"EG10140"					
"cho"	"G6937"					
"ves"	"G6938"					
"spy"	"G6939"					
"xthA"	"EG11073"					
"ydjX"	"G6945"					
"ydjY"	"G6946"					
"ydjZ"	"G6947"					
"ynjA"	"G6948"					
"ynjB"	"G6949"					
"ynjC"	"G6950"					
"ynjD"	"G6951"					
"ynjE"	"G6952"					
"ynjF"	"G6953"					
"ynjH"	"G6955"					
"ynjI"	"G6956"					
"topB"	"EG11014"					
"ydjA"	"EG11134"					
"sppA"	"EG10968"					
"ydjE"	"EG12369"					
"ydjG"	"G6958"					
"ydjH"	"G6959"					
"ydjJ"	"G6961"					
"ydjK"	"G6962"					
"ydjL"	"G6963"					
"yeaC"	"G6964"					
"yeaD"	"G6966"					
"mipA"	"G6968"					
"yeaG"	"G6969"					
"yeaH"	"G6970"					
"yeaI"	"G6971"					
"yeaJ"	"G6972"					
"yeaK"	"G6973"					
"yoaI"	"G6974"					
"yeaL"	"G6975"					
"yeaN"	"G6977"					
"yeaO"	"G6978"					
"yoaF"	"G6979"					
"yeaP"	"G6980"					
"yeaQ"	"G6981"					
"yoaG"	"G6982"					
"yeaR"	"G6983"					
"leuE"	"G6984"					
"yeaW"	"G6988"					
"yeaX"	"G6989"					
"rnd"	"EG10858"					
"yeaY"	"G6990"					
"tsaB"	"G6991"					
"yoaA"	"G6992"					
"yoaB"	"G6993"					
"yoaC"	"G6994"					
"yoaH"	"G6995"					
"nudL"	"EG12693"					
"yoaD"	"G6996"					
"yoaE"	"G6997"					
"yobD"	"G6998"					
"mntP"	"G6999"					
"rlmA"	"EG12207"					
"yobF"	"G7000"					
"yebO"	"G7001"					
"mgrB"	"G7002"					
"yebQ"	"G7004"					
"htpX"	"EG10462"					
"prc"	"EG10760"					
"proQ"	"EG12866"					
"msrC"	"G7005"					
"yebS"	"G7006"					
"yebT"	"G7007"					
"rsmF"	"G7008"					
"yebV"	"G7009"					
"yebW"	"G7010"					
"pphA"	"G7011"					
"yebY"	"G7012"					
"yebZ"	"G7013"					
"yobA"	"G7014"					
"holE"	"EG11505"					
"yobB"	"G7015"					
"exoX"	"G7016"					
"ptrB"	"EG11004"					
"yebE"	"EG11806"					
"yebF"	"EG11807"					
"yebG"	"EG11808"					
"yebA"	"EG10013"					
"ruvB"	"RUVB"					
"ruvA"	"RUVA"					
"yebB"	"EG11136"					
"ruvC"	"EG10925"					
"yebC"	"EG11137"					
"yecD"	"EG12378"					
"yecE"	"EG12379"					
"yecN"	"G7019"					
"cmoA"	"G7020"					
"cmoB"	"G7021"					
"cutC"	"G7024"					
"yecM"	"G7025"					
"yecT"	"G7026"					
"flhE"	"G7027"					
"flhA"	"G370"					
"flhB"	"G7028"					
"cheZ"	"EG10151"					
"cheY"	"EG10150"					
"cheB"	"EG10147"					
"cheR"	"EG10148"					
"tap"	"EG10987"					
"tar"	"EG10988"					
"cheW"	"EG10149"					
"cheA"	"EG10146"					
"motB"	"EG10602"					
"motA"	"EG10601"					
"uspC"	"G7031"					
"araH"	"EG10059"					
"ftnB"	"G7033"					
"b1903"						
"yecR"	"G7035"					
"ftnA"	"EG10921"					
"yecH"	"G7036"					
"yecA"	"EG11139"					
"uvrC"	"EG11063"					
"yecF"	"EG12861"					
"yecC"	"EG12347"					
"yecS"	"G7037"					
"fliY"	"G7039"					
"fliC"	"EG10321"					
"fliD"	"EG10841"					
"fliS"	"EG11388"					
"fliT"	"EG11389"					
"yedD"	"EG11659"					
"yedE"	"EG11660"					
"yedF"	"EG11661"					
"yedK"	"EG11662"					
"yedL"	"G7040"					
"yedN_2"	"G7041"					
"yedN_1"	"G7042"					
"yedM"	"G7043"					
"intG"	"G7044"					
"fliE"	"EG11346"					
"fliF"	"EG11347"					
"fliG"	"EG11654"					
"fliH"	"EG11656"					
"fliI"	"G377"					
"fliJ"	"G378"					
"fliK"	"G379"					
"fliL"	"EG10322"					
"fliM"	"EG10323"					
"fliN"	"EG10324"					
"fliO"	"EG11224"					
"fliP"	"EG11975"					
"fliQ"	"EG11976"					
"fliR"	"EG11977"					
"dsrB"	"G7045"					
"yodD"	"G7046"					
"dsrA"	"G7047"					
"yedP"	"G7048"					
"yedQ"	"G7049"					
"yodC"	"G7050"					
"yedI"	"EG12709"					
"yedA"	"EG11141"					
"vsr"	"EG11068"					
"dcm"	"EG10211"					
"yedJ"	"EG12710"					
"yedR"	"G7051"					
"yedS_1"	"G7052"					
"yedS_2"	"G7053"					
"yedS_3"	"G7054"					
"hchA"	"G7055"					
"yedV"	"G7056"					
"yedX"	"G7058"					
"yedY"	"G7059"					
"yedZ"	"G7060"					
"zinT"	"G7061"					
"yodB"	"G7062"					
"mtfA"	"G7063"					
"yeeJ"	"G7064"					
"yeeL_2"	"G7065"					
"yeeL_1"	"G7066"					
"yeeN"	"G7068"					
"yeeO"	"G7070"					
"erfK"	"G7073"					
"yoeA"	"G7075"					
"yoeE"	"G7078"					
"yeeP"	"G7079"					
"flu"	"G7080"					
"yeeR"	"G7081"					
"yeeS"	"G7082"					
"yeeT"	"G7083"					
"cbeA"	"G7084"					
"cbtA"	"G7085"					
"yeeW"	"G7086"					
"yeeX"	"G7087"					
"yeeA"	"EG11891"					
"sbmC"	"EG11892"					
"sbcB"	"EG10926"					
"yeeD"	"EG11894"					
"yeeE"	"EG11895"					
"plaP"	"EG11896"					
"yeeZ"	"G7089"					
"hisL"	"EG11269"					
"wbbL_1"	"EG11986"					
"galF"	"G7093"					
"wcaM"	"G7094"					
"wcaL"	"G7095"					
"wzxC"	"G7097"					
"wcaJ"	"G7098"					
"wcaI"	"EG11790"					
"wcaF"	"G7099"					
"wcaE"	"G7100"					
"wcaD"	"G7101"					
"wcaC"	"G7102"					
"wcaB"	"G7103"					
"wcaA"	"G7104"					
"wzc"	"G7105"					
"wzb"	"G7106"					
"wza"	"G7107"					
"yegH"	"G7108"					
"asmA"	"EG11361"					
"yegE"	"EG12396"					
"alkA"	"EG11222"					
"yegD"	"EG12200"					
"yegI"	"G7109"					
"yegJ"	"G7110"					
"yegK"	"G7111"					
"yegL"	"G7112"					
"mdtA"	"G7113"					
"mdtB"	"G7114"					
"mdtC"	"G7115"					
"mdtD"	"EG12136"					
"baeS"	"EG11617"					
"yegP"	"G7117"					
"yegQ"	"G7118"					
"yegZ"	"G7120"					
"b2084"						
"yegR"	"G7122"					
"yegS"	"G7123"					
"gatR_2"	"EG12162"					
"yegT"	"G7130"					
"yegU"	"G7131"					
"yegV"	"G7132"					
"yegX"	"G7134"					
"rcnA"	"G7138"					
"rcnB"	"G7139"					
"yehA"	"EG11987"					
"yehB"	"EG11988"					
"yehC"	"EG11989"					
"yehD"	"EG11990"					
"yehE"	"EG11991"					
"mrp"	"EG10611"					
"molR_1"	"EG11992"					
"molR_2"	"G8208"					
"molR_3"	"G8209"					
"yehI"	"EG11995"					
"yehL"	"EG11998"					
"yehM"	"EG11999"					
"yehP"	"EG12002"					
"yehQ"	"EG12003"					
"yehR"	"EG12004"					
"yehS"	"EG12005"					
"yehU"	"EG12007"					
"yohC"	"EG12016"					
"yohD"	"EG12017"					
"yohF"	"EG12019"					
"mdtQ"	"EG12020"					
"yohH"	"EG12021"					
"dusC"	"EG12022"					
"yohJ"	"EG12023"					
"yohK"	"EG12024"					
"sanA"	"EG12025"					
"yeiS"	"G7144"					
"yeiB"	"EG11290"					
"yeiH"	"EG12027"					
"nfo"	"EG10651"					
"yeiI"	"EG12028"					
"nupX"	"EG12029"					
"yeiM"	"EG12032"					
"psuG"	"EG12033"					
"psuK"	"EG11646"					
"yeiP"	"EG12035"					
"yeiQ"	"EG12036"					
"yeiR"	"EG12104"					
"spr"	"G7147"					
"rtn"	"G7148"					
"yejA"	"EG12037"					
"yejB"	"EG12038"					
"yejE"	"EG12040"					
"yejF"	"EG12041"					
"yejG"	"EG12042"					
"bcr"	"EG11419"					
"rsuA"	"EG12044"					
"yejH"	"EG12045"					
"rplY"	"EG10885"					
"yejK"	"EG12048"					
"yejL"	"EG12043"					
"yejM"	"EG12049"					
"yejO"	"EG12051"					
"ccmH"	"EG12052"					
"ccmG"	"EG12053"					
"ccmF"	"EG12054"					
"napD"	"EG12143"					
"napF"	"EG12068"					
"eco"	"EG10255"					
"yojI"	"EG12070"					
"alkB"	"EG10037"					
"apbE"	"EG12073"					
"rcsD"	"EG12385"					
"rcsC"	"EG10822"					
"atoS"	"EG11667"					
"yfaP"	"G7152"					
"yfaQ"	"G7153"					
"yfaS_2"	"G7154"					
"yfaS_1"	"G7155"					
"yfaT"	"G7156"					
"yfaA"	"EG11142"					
"gyrA"	"EG10423"					
"yfaL"	"EG12850"					
"yfaE"	"EG12360"					
"inaA"	"EG11422"					
"yfaH"	"EG12881"					
"yfaD"	"EG12323"					
"yfaW"	"G7160"					
"yfaY"	"G7162"					
"yfaZ"	"G7163"					
"ais"	"G7165"					
"pmrD"	"G7172"					
"elaB"	"G7173"					
"elaA"	"G7174"					
"ecoZ"	"G7175"					
"elaD"	"G7176"					
"yfbK"	"G7177"					
"yfbL"	"G7178"					
"yfbM"	"G7179"					
"yfbN"	"G7180"					
"yfbO"	"G7181"					
"yfbP"	"G7182"					
"yfbS"	"G7186"					
"yfbT"	"G7187"					
"yfbU"	"G7188"					
"yfbV"	"G7189"					
"yfcC"	"G7190"					
"yfcD"	"G7191"					
"yfcE"	"G7192"					
"yfcF"	"G7193"					
"yfcG"	"G7194"					
"yfcH"	"G7196"					
"yfcI"	"G7197"					
"cvpA"	"EG10169"					
"dedD"	"EG10218"					
"dedA"	"EG10216"					
"truA"	"EG10454"					
"usg"	"EG11059"					
"flk"	"EG10229"					
"yfcJ"	"G7198"					
"mnmC"	"G7199"					
"yfcL"	"G7200"					
"epmC"	"G7201"					
"yfcA"	"EG11144"					
"prmB"	"EG12449"					
"smrB"	"G7202"					
"yfcO"	"G7203"					
"yfcP"	"G7204"					
"yfcQ"	"G7205"					
"yfcR"	"G7206"					
"yfcS"	"G7207"					
"yfcT"	"G7208"					
"yfcU"	"G7209"					
"yfcV"	"G7210"					
"sixA"	"G7211"					
"yfcZ"	"G7214"					
"yfdF"	"G7215"					
"mlaA"	"G7216"					
"yfdC"	"G7217"					
"intS"	"G7218"					
"yfdG"	"G7219"					
"yfdH"	"G7220"					
"yfdI"	"G7221"					
"tfaS"	"G7222"					
"yfdK"	"G7223"					
"yfdL"	"G7224"					
"yfdM"	"G7225"					
"yfdN"	"G7226"					
"yfdO"	"G7227"					
"yfdP"	"G7228"					
"yfdQ"	"G7229"					
"yfdR"	"G7230"					
"yfdS"	"G7231"					
"yfdT"	"G7232"					
"emrY"	"EG13283"					
"emrK"	"G7233"					
"evgS"	"EG11610"					
"yfdE"	"G7234"					
"yfdV"	"G7235"					
"yfdX"	"G7238"					
"ypdI"	"G7239"					
"yfdY"	"G7240"					
"ypdA"	"G7243"					
"fryA"	"G7246"					
"ypdE"	"G7247"					
"ypdF"	"G7248"					
"fryC"	"G7249"					
"fryB"	"G7250"					
"yfeO"	"G7251"					
"ypeC"	"G7252"					
"yfeA"	"EG11145"					
"yfeN"	"G7256"					
"yfeH"	"EG12376"					
"zipA"	"G7258"					
"cysZ"	"EG10003"					
"yfeK"	"G7260"					
"yfeS"	"G7261"					
"ucpA"	"EG12133"					
"yfeW"	"G7265"					
"yfeX"	"G7266"					
"yfeY"	"G7267"					
"yfeZ"	"G7268"					
"ypeA"	"G7269"					
"eutK"	"G7270"					
"eutL"	"G7271"					
"intZ"	"G7272"					
"yffL"	"G7273"					
"yffM"	"G7274"					
"yffN"	"G7275"					
"yffO"	"G7276"					
"yffP"	"G7277"					
"yffQ"	"G7278"					
"yffR"	"G7279"					
"yffS"	"G7280"					
"eutA"	"G7281"					
"eutH"	"G7282"					
"eutG"	"G7283"					
"eutJ"	"G7284"					
"eutE"	"G7285"					
"eutN"	"G7286"					
"eutM"	"G7287"					
"eutT"	"G7289"					
"eutQ"	"G7290"					
"eutP"	"G7291"					
"eutS"	"G7292"					
"ypfG"	"G7295"					
"aegA"	"EG12409"					
"narQ"	"EG11460"					
"yffB"	"EG11147"					
"ypfH"	"G7296"					
"tmcA"	"G7297"					
"ypfJ"	"G7298"					
"bamC"	"EG10658"					
"yfgO"	"G7310"					
"yfgC"	"G7311"					
"yfgD"	"G7312"					
"hda"	"G7313"					
"yfgF"	"G7314"					
"yfgG"	"G7315"					
"yfgH"	"G7316"					
"yfgI"	"G7317"					
"xseA"	"EG11072"					
"yfgJ"	"G7318"					
"der"	"G7319"					
"bamB"	"G7320"					
"yfgM"	"G7321"					
"rodZ"	"EG10015"					
"rlmN"	"EG12401"					
"yfhM"	"G7323"					
"sseB"	"EG11601"					
"iscX"	"EG12311"					
"fdx"	"EG11328"					
"hscA"	"EG12130"					
"hscB"	"EG12131"					
"trmJ"	"G7327"					
"yfhR"	"G7328"					
"csiE"	"G7329"					
"yphA"	"G7337"					
"yphB"	"G7338"					
"yphC"	"G7339"					
"yphD"	"G7340"					
"yphE"	"G7341"					
"yphF"	"G7342"					
"yphG"	"G7343"					
"glnB"	"EG10384"					
"yfhG"	"EG12139"					
"glrK"	"G7345"					
"tadA"	"EG11372"					
"pgpC"	"EG11371"					
"yfhL"	"G7346"					
"recO"	"EG10832"					
"era"	"EG10270"					
"rnc"	"EG10857"					
"lepB"	"EG10530"					
"lepA"	"EG10529"					
"rseA"	"EG12341"					
"yfiC"	"EG11538"					
"srmB"	"EG10975"					
"ung"	"EG11058"					
"yfiF"	"EG11786"					
"yfiP"	"G7349"					
"pka"	"G7350"					
"yfiM"	"EG12857"					
"rrlG"	"EG30082"					
"rrsG"	"EG30089"					
"clpB"	"EG10157"					
"yfiH"	"EG12097"					
"rluD"	"EG12098"					
"bamD"	"G7352"					
"b2596"						
"raiA"	"EG11151"					
"pheL"	"EG11271"					
"yfiL"	"EG12446"					
"yfiR"	"G7354"					
"yfiN"	"EG12880"					
"yfiB"	"EG11152"					
"rplS"	"EG10880"					
"trmD"	"EG11023"					
"rimM"	"EG11153"					
"rpsP"	"EG10915"					
"ffh"	"EG10300"					
"ypjD"	"G7355"					
"grpE"	"EG10416"					
"recN"	"EG10831"					
"bamE"	"EG10952"					
"ratB"	"G7357"					
"ratA"	"G7358"					
"smpB"	"EG11782"					
"ssrA"	"EG30100"					
"intA"	"EG11783"					
"yfjH"	"G7359"					
"yfjI"	"G7360"					
"yfjJ"	"G7361"					
"yfjK"	"G7362"					
"yfjL"	"G7363"					
"yfjM"	"G7364"					
"rnlA"	"G7365"					
"rnlB"	"G7366"					
"yfjP"	"G7367"					
"yfjQ"	"G7368"					
"yfjS"	"G7371"					
"yfjT"	"G7372"					
"yfjU"	"G7373"					
"ypjM_3"	"G7374"					
"ypjM_2"	"G7375"					
"ypjM_1"	"G7376"					
"yfjW"	"G7377"					
"yfjX"	"G7378"					
"yfjY"	"G7379"					
"yfjZ"	"G7380"					
"ypjF"	"G7381"					
"ypjA"	"G7382"					
"pinH"	"G7383"					
"ypjB"	"G7384"					
"ypjC"	"G7385"					
"ygaQ_1"	"G7389"					
"ygaQ_3"	"G7392"					
"ygaQ_4"	"G7393"					
"csiD"	"G7394"					
"lhgO"	"EG12387"					
"ygaU"	"G7395"					
"yqaE"	"G7396"					
"ygaP"	"G7398"					
"alaE"	"G7399"					
"ygaC"	"EG12201"					
"ygaM"	"G7400"					
"nrdH"	"G7401"					
"nrdI"	"G7402"					
"ygaX"	"G7403"					
"ygaY"	"G7404"					
"emrA"	"EG11354"					
"emrB"	"EG11439"					
"yqaA"	"G7407"					
"csrA"	"EG11447"					
"recX"	"EG12080"					
"recA"	"EG10823"					
"pncC"	"G7409"					
"hypF"	"EG11551"					
"hydN"	"EG11552"					
"ascB"	"EG10085"					
"hycI"	"G7414"					
"hycH"	"EG10481"					
"hypA"	"EG10483"					
"hypB"	"EG10484"					
"hypC"	"EG10485"					
"hypD"	"EG10486"					
"hypE"	"EG10487"					
"ygbA"	"EG11287"					
"mutS"	"EG10625"					
"pphB"	"G7415"					
"ygbJ"	"G7417"					
"ygbK"	"G7418"					
"ygbM"	"G7420"					
"ygbN"	"G7421"					
"nlpD"	"EG12111"					
"pcm"	"EG10689"					
"truD"	"G7422"					
"ftsB"	"G7424"					
"ygbE"	"EG12707"					
"iap"	"EG10488"					
"cas2"	"EG12845"					
"cas1"	"G7425"					
"casE"	"G7426"					
"casD"	"G7427"					
"casC"	"G7428"					
"casB"	"G7429"					
"casA"	"G7430"					
"cas3"	"EG12634"					
"ygcN"	"G7432"					
"ygcO"	"G7433"					
"ygcP"	"G7434"					
"ygcQ"	"G7435"					
"ygcR"	"G7436"					
"ygcS"	"G7437"					
"ygcW"	"G7440"					
"yqcE"	"EG13174"					
"ygcE"	"G7442"					
"queE"	"G7443"					
"ygcG"	"G7444"					
"mazF"	"EG11249"					
"mazE"	"EG10571"					
"rlmD"	"EG11247"					
"barA"	"EG11367"					
"yqcA"	"G7448"					
"truC"	"G7449"					
"yqcC"	"G7450"					
"syd"	"G7451"					
"ygdH"	"EG12373"					
"ygdG"	"EG12372"					
"fucU"	"EG10355"					
"rlmM"	"EG11794"					
"ygdD"	"EG11793"					
"ygdI"	"G7453"					
"csdE"	"G7455"					
"csdL"	"G7456"					
"recD"	"EG10826"					
"recB"	"EG10824"					
"ptrA"	"EG10786"					
"recC"	"EG10825"					
"ppdC"	"EG11154"					
"ygdB"	"EG11155"					
"ppdB"	"EG11156"					
"ppdA"	"EG12081"					
"lgt"	"EG12128"					
"ptsP"	"EG12188"					
"rppH"	"G7459"					
"mutH"	"EG10624"					
"ygdQ"	"G7460"					
"ygdR"	"G7461"					
"tas"	"G7462"					
"ygeA"	"EG11157"					
"kduD"	"EG12361"					
"kduI"	"G7463"					
"yqeF"	"G7464"					
"yqeG"	"G7465"					
"yqeH"	"G7466"					
"yqeI"	"G7467"					
"yqeJ"	"G7468"					
"yqeK"	"G7469"					
"ygeF"	"G7470"					
"ygeG"	"G7471"					
"ygeI"	"G7473"					
"pbl"	"G7474"					
"ygeM"	"G7477"					
"ygeN"	"G7478"					
"ygeO"	"G7479"					
"ygeP"	"G7482"					
"ygeQ"	"G7483"					
"ygeR"	"G7484"					
"ygeW"	"G7489"					
"ygeY"	"G7491"					
"hyuA"	"G7492"					
"yqeB"	"G7494"					
"yqeC"	"G7495"					
"ygfK"	"G7497"					
"ssnA"	"G7498"					
"ygfM"	"G7499"					
"xdhD"	"G7500"					
"ygfS"	"G7505"					
"ygfT"	"G7506"					
"uacT"	"G7507"					
"prfB"	"EG10762"					
"recJ"	"EG10830"					
"xerD"	"EG11071"					
"cptA"	"G7509"					
"cptB"	"G7510"					
"ygfZ"	"G7511"					
"yqfA"	"G7512"					
"yqfB"	"G7513"					
"ygfF"	"G7514"					
"visC"	"EG11333"					
"pepP"	"EG10697"					
"ygfB"	"EG11323"					
"zapA"	"EG12878"					
"ssrS"	"EG30099"					
"yqfE"	"G7515"					
"argK"	"EG11445"					
"yggE"	"EG11244"					
"mscS"	"EG11160"					
"yggC"	"EG11161"					
"cmtA"	"EG11792"					
"cmtB"	"EG11791"					
"loiP"	"EG11291"					
"yqgB"	"G7521"					
"yqgC"	"G7522"					
"yqgD"	"G7523"					
"yggI"	"EG12122"					
"endA"	"EG11336"					
"rsmE"	"EG12366"					
"yqgE"	"G7524"					
"yqgF"	"G7525"					
"yggR"	"G7526"					
"yggS"	"G7527"					
"yggT"	"G7528"					
"yggU"	"G7529"					
"yggW"	"G7531"					
"yggM"	"EG12704"					
"yggN"	"EG12705"					
"yggL"	"EG12443"					
"trmI"	"EG11779"					
"mutY"	"EG10627"					
"yggX"	"G7532"					
"yqgA"	"G7534"					
"yghD"	"G7535"					
"yghE"	"G7536"					
"yghF"	"G7537"					
"yghG"	"G7538"					
"pppA"	"G7539"					
"glcG"	"G7543"					
"yghQ"	"G7549"					
"yghR"	"G7550"					
"yghS"	"G7551"					
"yghT"	"G7552"					
"yghU"	"G7553"					
"hybG"	"EG11805"					
"hybF"	"EG11804"					
"hybE"	"EG11803"					
"hybD"	"EG11802"					
"yghW"	"G7555"					
"yghX_1"	"G7556"					
"yghX_2"	"G7557"					
"yqhA"	"G7559"					
"yghA"	"EG11292"					
"b3004"						
"b3007"						
"yghB"	"EG11824"					
"yqhD"	"G7564"					
"yqhG"	"G7566"					
"yqhH"	"G7567"					
"ftsP"	"EG11376"					
"parC"	"EG10686"					
"ygiS"	"G7570"					
"mqsR"	"G7572"					
"ygiW"	"G7574"					
"qseC"	"EG12658"					
"ygiZ"	"G7577"					
"parE"	"EG10687"					
"yqiA"	"G7578"					
"cpdA"	"G7579"					
"yqiB"	"G7580"					
"ygiA"	"EG11163"					
"ygiB"	"EG11164"					
"ygiC"	"EG11165"					
"ygiD"	"EG11166"					
"yqiC"	"G7582"					
"ygiL"	"EG12363"					
"yqiG"	"G7585"					
"yqiH"	"G7586"					
"yqiI"	"G7587"					
"glgS"	"EG11381"					
"yqiJ"	"G7588"					
"yqiK"	"G7589"					
"glnE"	"EG11602"					
"ygiF"	"EG11603"					
"ygiM"	"EG12434"					
"cca"	"EG10136"					
"tsaD"	"EG11171"					
"rpsU"	"EG10920"					
"dnaG"	"EG10239"					
"mug"	"EG12717"					
"yqjH"	"G7593"					
"aer"	"G7595"					
"ygjH"	"G7597"					
"ebgA"	"EG10252"					
"ebgC"	"EG10253"					
"ygjI"	"EG12720"					
"ygjJ"	"G7598"					
"ygjK"	"G7599"					
"fadH"	"G36"					
"higB"	"G7602"					
"rlmG"	"G7603"					
"ygjP"	"G7604"					
"ygjQ"	"G7605"					
"ygjR"	"G7606"					
"alx"	"G7607"					
"ygjV"	"G7608"					
"yqjA"	"G7609"					
"mzrA"	"G7610"					
"yqjC"	"G7611"					
"yqjD"	"G7612"					
"yqjE"	"G7613"					
"yqjK"	"G7614"					
"yqjF"	"G7615"					
"yqjG"	"G7616"					
"yhaH"	"G7617"					
"yhaI"	"G7618"					
"yhaK"	"G7620"					
"yhaL"	"G7621"					
"yhaO"	"EG12754"					
"tdcF"	"G7626"					
"yhaB"	"EG11173"					
"yhaC"	"EG11174"					
"rnpB"	"EG30069"					
"prlF"	"EG10955"					
"yhaV"	"G7629"					
"agaV"	"G7632"					
"agaW"	"G7633"					
"agaA"	"EG12766"					
"agaS"	"G7634"					
"agaB"	"EG12769"					
"agaC"	"EG12770"					
"agaD"	"G7635"					
"agaI"	"G7636"					
"yraH"	"G7637"					
"yraI"	"G7638"					
"yraJ"	"G7639"					
"yraK"	"G7640"					
"rsmI"	"G7641"					
"lpoA"	"G7642"					
"yraN"	"G7643"					
"diaA"	"EG12780"					
"yraP"	"G7644"					
"yraQ"	"G7645"					
"yraR"	"G7646"					
"yhbO"	"G7647"					
"yhbP"	"G7648"					
"yhbQ"	"G7649"					
"yhbS"	"G7650"					
"yhbT"	"G7651"					
"yhbU"	"G7652"					
"yhbV"	"G7653"					
"yhbW"	"G7654"					
"deaD"	"EG10215"					
"nlpI"	"EG12371"					
"pnp"	"EG10743"					
"rpsO"	"EG10914"					
"truB"	"EG11177"					
"rbfA"	"EG11178"					
"infB"	"EG10505"					
"nusA"	"EG10665"					
"rimP"	"EG11179"					
"yhbX"	"G7655"					
"secG"	"EG12095"					
"ftsH"	"EG11506"					
"rlmE"	"EG11507"					
"yhbY"	"EG12794"					
"greA"	"EG10415"					
"obgE"	"G7656"					
"yhbE"	"EG11499"					
"rpmA"	"EG50002"					
"rplU"	"EG50001"					
"mlaB"	"G7658"					
"mlaC"	"G7659"					
"mlaD"	"EG12799"					
"mlaE"	"EG12800"					
"mlaF"	"EG12801"					
"hpf"	"EG11681"					
"ptsN"	"EG11682"					
"yhbJ"	"EG12146"					
"npr"	"EG12147"					
"yrbL"	"G7667"					
"mtgA"	"G7668"					
"elbB"	"EG11383"					
"arcB"	"EG10062"					
"yhcC"	"G7669"					
"gltF"	"EG11514"					
"yhcA"	"EG11515"					
"yhcD"	"G7670"					
"ychE_1"	"G7671"					
"yhcG"	"G7674"					
"yhcH"	"G7675"					
"dcuD"	"G7679"					
"sspB"	"EG10978"					
"sspA"	"EG10977"					
"rpsI"	"EG10908"					
"rplM"	"EG10874"					
"yhcM"	"G7680"					
"yhcB"	"G7681"					
"degQ"	"G7682"					
"degS"	"EG11652"					
"yhcN"	"G7683"					
"yhcO"	"G7684"					
"aaeB"	"G7685"					
"aaeA"	"G7686"					
"aaeX"	"G7687"					
"tldD"	"G7689"					
"rng"	"EG11299"					
"yhdE"	"EG11298"					
"mreD"	"EG10610"					
"mreC"	"EG10609"					
"mreB"	"EG10608"					
"csrD"	"EG10018"					
"yhdH"	"EG11315"					
"yhdT"	"G7693"					
"prmA"	"EG11497"					
"dusB"	"EG11311"					
"yhdJ"	"EG11498"					
"yhdU"	"G7694"					
"yhdV"	"G7695"					
"yhdW"	"EG12834"					
"yhdX"	"EG12835"					
"yhdY"	"EG12836"					
"yhdZ"	"EG12837"					
"yrdA"	"G7696"					
"yrdB"	"G7697"					
"tsaC"	"G7698"					
"yrdD"	"G7699"					
"smg"	"EG11605"					
"smf_2"	"EG11604"					
"smf_1"	"EG11604"					
"def"	"EG11440"					
"rsmB"	"EG12163"					
"mscL"	"EG11180"					
"yhdN"	"EG11970"					
"rplQ"	"EG10878"					
"rpoA"	"EG10893"					
"rpsD"	"EG10903"					
"rpsK"	"EG10910"					
"rpsM"	"EG10912"					
"rpmJ"	"EG11232"					
"secY"	"EG10766"					
"rplO"	"EG10876"					
"rpmD"	"EG10888"					
"rpsE"	"EG10904"					
"rplR"	"EG10879"					
"rplF"	"EG10869"					
"rpsH"	"EG10907"					
"rpsN"	"EG10913"					
"rplE"	"EG10868"					
"rplX"	"EG10884"					
"rplN"	"EG10875"					
"rpsQ"	"EG10916"					
"rpmC"	"EG10887"					
"rplP"	"EG10877"					
"rpsC"	"EG10902"					
"rplV"	"EG10882"					
"rpsS"	"EG10918"					
"rplB"	"EG10865"					
"rplW"	"EG10883"					
"rplD"	"EG10867"					
"rplC"	"EG10866"					
"rpsJ"	"EG10909"					
"gspB"	"EG11263"					
"gspA"	"G7701"					
"gspC"	"G7702"					
"gspD"	"G7703"					
"gspE"	"G7704"					
"gspF"	"G7705"					
"gspG"	"G7706"					
"gspH"	"G7707"					
"gspI"	"G7708"					
"gspJ"	"G7709"					
"gspK"	"G7710"					
"gspL"	"G7711"					
"gspM"	"EG12173"					
"gspO"	"EG11359"					
"bfr"	"EG10113"					
"bfd"	"EG11181"					
"chiA"	"EG11237"					
"tufA"	"EG11036"					
"fusA"	"EG10360"					
"rpsG"	"EG10906"					
"rpsL"	"EG10911"					
"tusB"	"G7712"					
"tusC"	"G7713"					
"tusD"	"G7714"					
"fkpA"	"G7716"					
"slyX"	"EG11664"					
"slyD"	"EG11663"					
"kefG"	"G7717"					
"yheS"	"EG12903"					
"yheT"	"G7718"					
"yheU"	"G7719"					
"prkB"	"EG12365"					
"yhfA"	"EG11182"					
"yhfK"	"G7721"					
"fic"	"EG10307"					
"yhfG"	"EG12374"					
"ppiA"	"EG10757"					
"tsgA"	"EG11262"					
"yhfL"	"G7722"					
"yhfS"	"G7728"					
"yhfT"	"G7729"					
"yhfU"	"G7730"					
"php"	"G7731"					
"yhfX"	"G7733"					
"yhfY"	"G7734"					
"yhfZ"	"G7735"					
"dam"	"EG10204"					
"damX"	"EG11183"					
"hofQ"	"EG12113"					
"hofP"	"G7736"					
"hofO"	"G7737"					
"hofN"	"G7738"					
"hofM"	"G7739"					
"yrfF"	"G7741"					
"yrfG"	"G7742"					
"hslR"	"G7743"					
"hslO"	"G7744"					
"yhgE"	"G7745"					
"envZ"	"EG10269"					
"greB"	"EG11578"					
"yhgF"	"G7746"					
"feoA"	"EG12101"					
"yhgA"	"EG11750"					
"gntX"	"G7747"					
"nfuA"	"G7748"					
"rtcB"	"G7751"					
"glpG"	"EG10397"					
"yzgL"	"G7752"					
"yhgN"	"G7753"					
"gntU"	"EG12631"					
"yhhW"	"G7756"					
"yhhX"	"G7757"					
"yhhY"	"G7758"					
"yhhZ"	"G7759"					
"yrhA"	"G7760"					
"yrhB"	"G7763"					
"yhhA"	"EG11184"					
"yhhK"	"EG12211"					
"ftsX"	"EG10345"					
"ftsE"	"EG10340"					
"ftsY"	"EG10346"					
"rsmD"	"EG10343"					
"yhhL"	"EG12212"					
"yhhM"	"EG12213"					
"yhhN"	"EG12214"					
"tusA"	"EG12216"					
"yhhQ"	"EG12217"					
"dcrB"	"G7767"					
"yhhS"	"EG12219"					
"yhhT"	"EG12220"					
"rhsB"	"EG10847"					
"yhhH"	"EG11520"					
"yhhJ"	"EG11767"					
"rbbA"	"EG12223"					
"yhiI"	"EG12224"					
"yhiJ"	"EG12225"					
"yhiK"	"EG12226"					
"yhiL"	"EG12227"					
"yhiM"	"EG12228"					
"yhiN"	"EG12229"					
"uspB"	"EG12231"					
"uspA"	"EG11390"					
"rsmJ"	"EG12233"					
"prlC"	"EG11441"					
"rlmJ"	"EG12234"					
"yhiS_1"	"EG12238"					
"slp"	"EG11890"					
"yhiD"	"EG11400"					
"hdeB"	"EG11399"					
"hdeA"	"EG11398"					
"hdeD"	"EG11495"					
"mdtE"	"EG12240"					
"mdtF"	"EG12241"					
"yhjA"	"EG12244"					
"yhjD"	"EG12248"					
"yhjE"	"EG12249"					
"yhjG"	"EG12251"					
"yhjH"	"EG12252"					
"yhjJ"	"EG12254"					
"yhjK"	"EG12256"					
"bcsC"	"EG12257"					
"bcsZ"	"EG12258"					
"bcsB"	"EG12259"					
"bcsA"	"EG12260"					
"bcsQ"	"EG12261"					
"yhjR"	"EG12262"					
"bcsE"	"EG12263"					
"bcsF"	"EG12264"					
"bcsG"	"EG12265"					
"yhjV"	"EG12266"					
"yhjX"	"EG12268"					
"yhjY"	"EG12269"					
"tag"	"EG10986"					
"yiaC"	"EG12270"					
"yiaD"	"EG12271"					
"yiaF"	"EG12273"					
"insJ"	"G7776"					
"insK"	"G7777"					
"wecH"	"EG12274"					
"yiaA"	"EG11186"					
"yiaB"	"EG11267"					
"bax"	"EG11360"					
"ysaA"	"EG12277"					
"yiaL"	"EG12280"					
"sgbU"	"EG12286"					
"yiaT"	"EG12288"					
"yiaV"	"EG12290"					
"yiaW"	"EG12291"					
"yiaY"	"EG12293"					
"selB"	"EG10942"					
"yibF"	"EG11762"					
"yibA"	"EG11187"					
"yibJ"	"EG11766"					
"yibG"	"EG11763"					
"yibH"	"EG11764"					
"yibI"	"EG11765"					
"yibL"	"EG11964"					
"trmL"	"EG11888"					
"secB"	"EG10937"					
"yibN"	"EG12295"					
"envC"	"EG12297"					
"yibQ"	"EG12298"					
"yibD"	"EG11266"					
"htrL"	"EG11188"					
"mutM"	"EG10329"					
"rpmG"	"EG10891"					
"rpmB"	"EG10886"					
"yicR"	"EG11312"					
"slmA"	"EG11191"					
"rph"	"EG10863"					
"yicC"	"EG11192"					
"dinD"	"EG11193"					
"yicG"	"EG11683"					
"ligB"	"EG11334"					
"rpoZ"	"EG10899"					
"trmH"	"EG10967"					
"recG"	"EG10829"					
"yicH"	"EG11684"					
"yicI"	"EG11685"					
"yicJ"	"EG11686"					
"setC"	"EG11687"					
"yicL"	"EG11688"					
"nlpA"	"EG10657"					
"nepI"	"EG11689"					
"yicN"	"EG11690"					
"yicO"	"EG11691"					
"uhpC"	"EG11053"					
"uhpB"	"EG11052"					
"ivbL"	"EG11275"					
"emrD"	"EG11693"					
"yidG"	"EG11695"					
"yidH"	"EG11696"					
"yidI"	"EG11697"					
"yidJ"	"EG11705"					
"glvG"	"EG11708"					
"glvB"	"EG11709"					
"glvC"	"EG11710"					
"yidE"	"EG11536"					
"ibpB"	"EG11535"					
"ibpA"	"EG11534"					
"yidQ"	"EG11712"					
"yidR"	"EG11713"					
"cbrA"	"EG11714"					
"yidX"	"EG11719"					
"yidA"	"EG11195"					
"yidB"	"EG11196"					
"gyrB"	"EG10424"					
"recF"	"EG10828"					
"dnaN"	"EG10242"					
"rpmH"	"EG10892"					
"rnpA"	"EG10862"					
"yidC"	"EG11197"					
"mnmE"	"EG10997"					
"tnaC"	"EG11276"					
"mdtL"	"EG11720"					
"yieE"	"EG11722"					
"yieF"	"EG11723"					
"yieH"	"EG11725"					
"cbrB"	"EG11726"					
"cbrC"	"EG11727"					
"yieK"	"EG11728"					
"yieL"	"EG11729"					
"bglH"	"EG11364"					
"bglB"	"EG10114"					
"bglG"	"EG10116"					
"phoU"	"EG10735"					
"rsmG"	"EG10376"					
"mnmG"	"EG10375"					
"mioC"	"EG11199"					
"viaA"	"EG11730"					
"ravA"	"EG11731"					
"hsrA"	"EG11732"					
"yieP"	"EG11733"					
"pssR"	"EG11449"					
"yifE"	"EG11450"					
"yifB"	"EG11260"					
"ilvL"	"EG11270"					
"ilvG_1"	"G8221"					
"ilvM"	"EG10501"					
"ppiC"	"EG12352"					
"yifO"	"G7797"					
"yifN"	"G7798"					
"rep"	"EG10837"					
"rhlB"	"EG10844"					
"rhoL"	"EG12428"					
"yifK"	"EG11459"					
"aslB"	"EG10090"					
"aslA"	"EG10089"					
"hemY"	"EG10434"					
"yzcX"	"G7802"					
"yigA"	"EG11201"					
"xerC"	"EG11069"					
"yigB"	"EG11202"					
"uvrD"	"EG11064"					
"yigF"	"EG11464"					
"yigG"	"EG11465"					
"rarD"	"EG11466"					
"yigI"	"EG11467"					
"recQ"	"EG10833"					
"yigM"	"EG11471"					
"ysgA"	"G7804"					
"rmuC"	"EG11472"					
"yigP"	"EG11474"					
"tatA"	"G7806"					
"tatB"	"G7808"					
"tatC"	"EG11479"					
"yigW"	"EG11481"					
"yigW"	"EG11481"					
"pepQ"	"EG10698"					
"yigZ"	"EG11484"					
"yihD"	"EG11830"					
"rdoA"	"EG11831"					
"yihF"	"EG11832"					
"yihG"	"EG11833"					
"polA"	"EG10746"					
"spf"	"EG30098"					
"yihA"	"EG11203"					
"yihI"	"EG11835"					
"glnL"	"EG10387"					
"typA"	"EG11837"					
"yihM"	"EG11839"					
"yihN"	"EG11840"					
"yihO"	"EG11841"					
"yihP"	"EG11842"					
"yihQ"	"EG11843"					
"yihR"	"EG11844"					
"yihS"	"EG11845"					
"yihT"	"EG11846"					
"yihV"	"EG11848"					
"yihX"	"EG11850"					
"yihY"	"EG11851"					
"dtd"	"EG11852"					
"yiiD"	"EG11853"					
"yiiF"	"EG11855"					
"fdhE"	"EG10284"					
"fdhD"	"EG11859"					
"yiiG"	"EG11860"					
"frvX"	"EG11862"					
"frvB"	"EG11863"					
"frvA"	"EG11864"					
"rhaM"	"EG11865"					
"yiiM"	"EG11870"					
"cpxA"	"EG10163"					
"yiiQ"	"EG11874"					
"yiiR"	"EG11875"					
"yiiS"	"EG11876"					
"uspD"	"EG11877"					
"zapB"	"EG11878"					
"rraA"	"EG11879"					
"hslU"	"EG11881"					
"hslV"	"EG11676"					
"ftsN"	"EG11529"					
"priA"	"EG10763"					
"rpmE"	"EG10889"					
"yiiX"	"EG11882"					
"yijE"	"EG11902"					
"yijF"	"EG11903"					
"ptsA"	"EG11906"					
"frwC"	"EG11908"					
"frwB"	"EG11909"					
"frwD"	"EG11912"					
"yijP"	"EG11914"					
"yijD"	"EG11395"					
"trmA"	"EG11022"					
"b3975"						
"secE"	"EG10939"					
"nusG"	"EG10667"					
"rplK"	"EG10872"					
"rplA"	"EG10864"					
"rplJ"	"EG10871"					
"rplL"	"EG10873"					
"rpoB"	"EG10894"					
"rpoC"	"EG10895"					
"yjaZ"	"EG11429"					
"rsd"	"EG11738"					
"nfi"	"EG11915"					
"yjaG"	"EG11916"					
"yjaH"	"EG11917"					
"zraP"	"EG11918"					
"zraS"	"EG10008"					
"yjaA"	"EG11206"					
"yjaB"	"EG11207"					
"aceK"	"EG10026"					
"arpA"	"EG11208"					
"yjbB"	"EG11919"					
"pepE"	"EG11920"					
"rluF"	"EG11921"					
"pagB"	"EG11922"					
"yjbE"	"EG11923"					
"yjbF"	"EG11924"					
"yjbG"	"EG11925"					
"yjbH"	"EG11926"					
"psiE"	"EG11209"					
"malM"	"EG10559"					
"yjbI"	"EG11927"					
"dinF"	"EG11491"					
"yjbJ"	"EG11928"					
"yjbL"	"EG11930"					
"yjbM"	"EG11931"					
"dusA"	"EG11932"					
"pspG"	"EG11933"					
"qor"	"EG11492"					
"dnaB"	"EG10236"					
"yjbQ"	"EG11935"					
"yjbR"	"EG11936"					
"uvrA"	"EG11061"					
"ssb"	"EG10976"					
"yjcB"	"EG11937"					
"yjcC"	"EG11938"					
"yjcD"	"EG11939"					
"yjcE"	"EG11940"					
"yjcF"	"EG11941"					
"yjcH"	"EG11943"					
"nrfE"	"EG11948"					
"nrfF"	"EG11949"					
"nrfG"	"EG11950"					
"yjcO"	"EG11951"					
"sdsP"	"EG11952"					
"sdsQ"	"EG11953"					
"sdsR"	"G0-8883"					
"yjcS"	"EG11955"					
"phnP"	"EG10725"					
"phnO"	"EG10724"					
"phnM"	"EG10722"					
"phnL"	"EG10721"					
"phnK"	"EG10720"					
"phnJ"	"EG10719"					
"phnI"	"EG10718"					
"phnH"	"EG10717"					
"phnG"	"EG10716"					
"phnE_2"	"G7822"					
"phnE_1"	"EG11283"					
"phnD"	"EG10714"					
"phnC"	"EG10713"					
"yjdN"	"EG10712"					
"yjdM"	"EG10711"					
"yjdA"	"EG11210"					
"yjcZ"	"G7823"					
"basS"	"EG11614"					
"eptA"	"EG11613"					
"yjdF"	"G7825"					
"dcuS"	"G7827"					
"yjdI"	"G7828"					
"yjdJ"	"G7829"					
"yjdK"	"G7830"					
"cutA"	"EG12177"					
"fxsA"	"G7832"					
"yjeH"	"G7833"					
"groS"	"EG10600"					
"groL"	"EG10599"					
"yjeI"	"G7834"					
"yjeJ"	"G7835"					
"epmB"	"G7836"					
"efp"	"EG12099"					
"sugE"	"EG11616"					
"blc"	"G7837"					
"ampC"	"EG10040"					
"epmA"	"EG11211"					
"yjeM"	"EG12475"					
"yjeN"	"G7838"					
"yjeO"	"G7839"					
"yjeP"	"G7840"					
"orn"	"G7842"					
"queG"	"G7843"					
"yjeF"	"EG11758"					
"tsaE"	"EG11757"					
"mutL"	"EG11281"					
"miaA"	"EG10595"					
"hfq"	"EG10438"					
"hflX"	"EG10437"					
"hflK"	"EG10436"					
"hflC"	"EG10435"					
"yjeT"	"G7844"					
"rnr"	"EG11259"					
"rlmB"	"G7845"					
"yjfI"	"G7846"					
"yjfK"	"G7848"					
"yjfL"	"G7849"					
"yjfM"	"G7850"					
"yjfC"	"EG11812"					
"yjfN"	"G7851"					
"bsmA"	"G7852"					
"yjfP"	"G7853"					
"yjfY"	"G7861"					
"rpsF"	"EG10905"					
"priB"	"EG10764"					
"rpsR"	"EG10917"					
"rplI"	"EG10870"					
"yjfZ"	"G7862"					
"ytfB"	"G7864"					
"fklB"	"G7865"					
"ytfF"	"G7867"					
"ytfG"	"G7868"					
"ytfI"	"G7870"					
"ytfJ"	"G7871"					
"ytfK"	"G7872"					
"ytfL"	"G7873"					
"tamA"	"G7874"					
"tamB"	"G7875"					
"ytfP"	"G7876"					
"yzfA"	"EG11213"					
"chpS"	"EG11250"					
"chpB"	"EG12096"					
"yjgA"	"EG11410"					
"pmbA"	"EG10741"					
"cybC"	"EG50008"					
"ridA"	"G7877"					
"pyrL"	"EG11279"					
"yjgH"	"G7879"					
"bdcA"	"G7880"					
"tabA"	"G7883"					
"yjgL"	"G7884"					
"rraB"	"G7885"					
"yjgM"	"G7886"					
"yjgN"	"G7887"					
"holC"	"EG11413"					
"yjgR"	"G7890"					
"yjgB"	"EG11436"					
"intB"	"EG12364"					
"yjgW"	"G7896"					
"yjgX_2"	"G7897"					
"yjgX_1"	"G7898"					
"yjgZ"	"G7899"					
"insG"	"G7900"					
"yjhB"	"EG12544"					
"yjhC"	"G7901"					
"yjhD"	"G7902"					
"yjhE"	"G7903"					
"insN-2"	"G7904"					
"insO-2"	"G7906"					
"yjhV"	"G7907"					
"insA-7"	"G7908"					
"yjhF"	"EG12548"					
"yjhG"	"G7910"					
"yjhH"	"G7911"					
"sgcA"	"EG12554"					
"sgcQ"	"G7915"					
"sgcC"	"EG12556"					
"sgcX"	"EG12557"					
"yjhP"	"G7916"					
"yjhQ"	"G7917"					
"yjhR"	"G7918"					
"nanS"	"G7919"					
"nanM"	"G7920"					
"fimB"	"EG10309"					
"fimE"	"EG10312"					
"fimA"	"EG10308"					
"fimI"	"EG11974"					
"fimC"	"EG10310"					
"fimD"	"EG10311"					
"fimF"	"EG10313"					
"fimG"	"EG10314"					
"fimH"	"EG10315"					
"yjiC"	"G7922"					
"iraD"	"G7923"					
"iadA"	"G7925"					
"yjiG"	"G7926"					
"yjiH"	"G7927"					
"kptA"	"G7928"					
"yjiJ"	"G7929"					
"yjiK"	"G7930"					
"yjiL"	"G7931"					
"yjiM"	"G7932"					
"yjiN"	"G7933"					
"mdtM"	"EG12576"					
"yjiP"	"G7934"					
"yjiS"	"G7937"					
"yjiT"	"G7938"					
"yjiU"	"EG11386"					
"mcrD"	"EG11386"					
"mcrC"	"EG10575"					
"mcrB"	"EG10574"					
"symE"	"G7940"					
"hsdS"	"EG10460"					
"hsdM"	"EG10458"					
"hsdR"	"EG10459"					
"mrr"	"EG10612"					
"yjiA"	"EG10021"					
"yjiX"	"G7941"					
"yjiY"	"G7942"					
"tsr"	"EG11034"					
"mdoB"	"EG12591"					
"yjjA"	"EG11214"					
"dnaC"	"EG10237"					
"dnaT"	"EG10244"					
"yjjB"	"EG11215"					
"yjjP"	"G7946"					
"rsmC"	"G7950"					
"holD"	"EG11414"					
"rimI"	"EG10850"					
"prfC"	"EG12114"					
"osmY"	"EG11391"					
"yjjU"	"G7951"					
"yjjV"	"G7952"					
"yjjW"	"G7953"					
"yjjI"	"EG12171"					
"ytjB"	"EG10951"					
"radA"	"EG11296"					
"yjjK"	"EG12343"					
"creA"	"EG11217"					
"creC"	"EG10730"					
"creD"	"EG10145"					
"yjjY"	"G7954"					
"yjtD"	"EG12309"					
"yfjD"	"EG12442"					
"ygcU"	"G7439"					
"ygfQ"	"G7503"					
"yggP"	"G7520"					
"yhaM"	"G7622"					
"yhdP"	"G7690"					
"rtcA"	"G7750"					
"yigE"	"EG11462"					
