GSE1121	WT-aerobic	KOappY-aerobic	590	591	592	615	616	617	M9	Yes	AppY+	42	0	0	0	0	0	0	0	0	0	0	0	0	0	0	0	0	0	0	0	0	0	microa
GSE1121	WT-aerobic	KOarcA-aerobic	590	591	592	618	619	620	M9	Yes	-	0	0	0	0	0	0	0	0	0	0	0	0	0	0	0	0	0	0	0	0	0	0	microa
GSE1121	WT-aerobic	KOfnr-aerobic	590	591	592	621	622	623	M9	Yes	-	0	0	0	0	0	0	0	0	0	0	0	0	0	0	0	0	0	0	0	0	0	0	microa
GSE1121	WT-aerobic	KOarcAKOfnr-aerobic	590	591	592	624	625	626	M9	Yes	-	0	0	0	0	0	0	0	0	0	0	0	0	0	0	0	0	0	0	0	0	0	0	microa
GSE1121	WT-aerobic	KOoxyR-aerobic	590	591	592	627	628	629	M9	Yes	OxyR+	280	0	0	0	0	0	0	0	0	0	0	0	0	0	0	0	0	0	0	0	0	0	microa
GSE1121	WT-aerobic	KOsoxS-aerobic	590	591	592	630	631	632	M9	Yes	SoxS+	288	0	0	0	0	0	0	0	0	0	0	0	0	0	0	0	0	0	0	0	0	0	microa
GSE1121	WT-aerobic	WT-anaerobic	590	591	592	611	612	613	M9	Yes	SoxR+Fnr-YjiE+ArcA-	289	-89	313	-322	0	0	0	0	0	0	0	0	0	0	0	0	0	0	0	0	0	0	microa
GSE1121	WT-aerobic	KOappY-anaerobic	590	591	592	593	594	595	M9	Yes	AppY+SoxR+Fnr-YjiE+ArcA-	42	289	-89	313	-322	0	0	0	0	0	0	0	0	0	0	0	0	0	0	0	0	0	microa
GSE1121	WT-aerobic	KOarcA-anaerobic	590	591	592	596	597	598	M9	Yes	SoxR+Fnr-YjiE+	289	-89	313	0	0	0	0	0	0	0	0	0	0	0	0	0	0	0	0	0	0	0	microa
GSE1121	WT-aerobic	KOfnr-anaerobic	590	591	592	599	600	601	M9	Yes	SoxR+YjiE+ArcA-	289	313	-322	0	0	0	0	0	0	0	0	0	0	0	0	0	0	0	0	0	0	0	microa
GSE1121	WT-aerobic	KOarcAKOfnr-anaerobic	590	591	592	602	603	604	M9	Yes	SoxR+YjiE+	289	313	0	0	0	0	0	0	0	0	0	0	0	0	0	0	0	0	0	0	0	0	microa
GSE1121	WT-aerobic	KOoxyR-anaerobic	590	591	592	605	606	607	M9	Yes	OxyR+SoxR+Fnr-YjiE+ArcA-	280	289	-89	313	-322	0	0	0	0	0	0	0	0	0	0	0	0	0	0	0	0	0	microa
GSE1121	WT-aerobic	KOsoxS-anaerobic	590	591	592	608	609	610	M9	Yes	SoxS+SoxR+Fnr-YjiE+ArcA-	288	289	-89	313	-322	0	0	0	0	0	0	0	0	0	0	0	0	0	0	0	0	0	microa
GSE1121	KOappY-aerobic	KOarcA-aerobic	615	616	617	618	619	620	M9	Yes	AppY-	-42	0	0	0	0	0	0	0	0	0	0	0	0	0	0	0	0	0	0	0	0	0	microa
GSE1121	KOappY-aerobic	KOfnr-aerobic	615	616	617	621	622	623	M9	Yes	AppY-	-42	0	0	0	0	0	0	0	0	0	0	0	0	0	0	0	0	0	0	0	0	0	microa
GSE1121	KOappY-aerobic	KOarcAKOfnr-aerobic	615	616	617	624	625	626	M9	Yes	AppY-	-42	0	0	0	0	0	0	0	0	0	0	0	0	0	0	0	0	0	0	0	0	0	microa
GSE1121	KOappY-aerobic	KOoxyR-aerobic	615	616	617	627	628	629	M9	Yes	AppY-OxyR+	-42	280	0	0	0	0	0	0	0	0	0	0	0	0	0	0	0	0	0	0	0	0	microa
GSE1121	KOappY-aerobic	KOsoxS-aerobic	615	616	617	630	631	632	M9	Yes	AppY-SoxS+	-42	288	0	0	0	0	0	0	0	0	0	0	0	0	0	0	0	0	0	0	0	0	microa
GSE1121	KOappY-aerobic	WT-anaerobic	615	616	617	611	612	613	M9	Yes	SoxR+Fnr-AppY-YjiE+ArcA-	289	-89	-42	313	-322	0	0	0	0	0	0	0	0	0	0	0	0	0	0	0	0	0	microa
GSE1121	KOappY-aerobic	KOappY-anaerobic	615	616	617	593	594	595	M9	Yes	SoxR+Fnr-YjiE+ArcA-	289	-89	313	-322	0	0	0	0	0	0	0	0	0	0	-42	0	0	0	0	0	0	0	microa
GSE1121	KOappY-aerobic	KOarcA-anaerobic	615	616	617	596	597	598	M9	Yes	AppY-SoxR+Fnr-YjiE+	-42	289	-89	313	0	0	0	0	0	0	0	0	0	0	0	0	0	0	0	0	0	0	microa
GSE1121	KOappY-aerobic	KOfnr-anaerobic	615	616	617	599	600	601	M9	Yes	SoxR+AppY-YjiE+ArcA-	289	-42	313	-322	0	0	0	0	0	0	0	0	0	0	0	0	0	0	0	0	0	0	microa
GSE1121	KOappY-aerobic	KOarcAKOfnr-anaerobic	615	616	617	602	603	604	M9	Yes	SoxR+AppY-YjiE+	289	-42	313	0	0	0	0	0	0	0	0	0	0	0	0	0	0	0	0	0	0	0	microa
GSE1121	KOappY-aerobic	KOoxyR-anaerobic	615	616	617	605	606	607	M9	Yes	OxyR+SoxR+Fnr-AppY-YjiE+ArcA-	280	289	-89	-42	313	-322	0	0	0	0	0	0	0	0	0	0	0	0	0	0	0	0	microa
GSE1121	KOappY-aerobic	KOsoxS-anaerobic	615	616	617	608	609	610	M9	Yes	SoxS+SoxR+Fnr-AppY-YjiE+ArcA-	288	289	-89	-42	313	-322	0	0	0	0	0	0	0	0	0	0	0	0	0	0	0	0	microa
GSE1121	KOarcA-aerobic	KOfnr-aerobic	618	619	620	621	622	623	M9	Yes	-	0	0	0	0	0	0	0	0	0	0	0	0	0	0	0	0	0	0	0	0	0	0	microa
GSE1121	KOarcA-aerobic	KOarcAKOfnr-aerobic	618	619	620	624	625	626	M9	Yes	-	0	0	0	0	0	0	0	0	0	0	0	0	0	0	-322	0	0	0	0	0	0	0	microa
GSE1121	KOarcA-aerobic	KOoxyR-aerobic	618	619	620	627	628	629	M9	Yes	OxyR+	280	0	0	0	0	0	0	0	0	0	0	0	0	0	0	0	0	0	0	0	0	0	microa
GSE1121	KOarcA-aerobic	KOsoxS-aerobic	618	619	620	630	631	632	M9	Yes	SoxS+	288	0	0	0	0	0	0	0	0	0	0	0	0	0	0	0	0	0	0	0	0	0	microa
GSE1121	KOarcA-aerobic	WT-anaerobic	618	619	620	611	612	613	M9	Yes	SoxR+Fnr-ArcA-YjiE+	289	-89	-322	313	0	0	0	0	0	0	0	0	0	0	0	0	0	0	0	0	0	0	microa
GSE1121	KOarcA-aerobic	KOappY-anaerobic	618	619	620	593	594	595	M9	Yes	AppY+SoxR+Fnr-ArcA-YjiE+	42	289	-89	-322	313	0	0	0	0	0	0	0	0	0	0	0	0	0	0	0	0	0	microa
GSE1121	KOarcA-aerobic	KOarcA-anaerobic	618	619	620	596	597	598	M9	Yes	SoxR+Fnr-YjiE+	289	-89	313	0	0	0	0	0	0	0	0	0	0	0	-322	0	0	0	0	0	0	0	microa
GSE1121	KOarcA-aerobic	KOfnr-anaerobic	618	619	620	599	600	601	M9	Yes	SoxR+ArcA-YjiE+	289	-322	313	0	0	0	0	0	0	0	0	0	0	0	0	0	0	0	0	0	0	0	microa
GSE1121	KOarcA-aerobic	KOarcAKOfnr-anaerobic	618	619	620	602	603	604	M9	Yes	SoxR+YjiE+	289	313	0	0	0	0	0	0	0	0	0	0	0	0	0	0	0	0	0	0	0	0	microa
GSE1121	KOarcA-aerobic	KOoxyR-anaerobic	618	619	620	605	606	607	M9	Yes	OxyR+SoxR+Fnr-ArcA-YjiE+	280	289	-89	-322	313	0	0	0	0	0	0	0	0	0	0	0	0	0	0	0	0	0	microa
GSE1121	KOarcA-aerobic	KOsoxS-anaerobic	618	619	620	608	609	610	M9	Yes	SoxS+SoxR+Fnr-ArcA-YjiE+	288	289	-89	-322	313	0	0	0	0	0	0	0	0	0	0	0	0	0	0	0	0	0	microa
GSE1121	KOfnr-aerobic	KOarcAKOfnr-aerobic	621	622	623	624	625	626	M9	Yes	-	0	0	0	0	0	0	0	0	0	0	0	0	0	0	0	0	0	0	0	0	0	0	microa
GSE1121	KOfnr-aerobic	KOoxyR-aerobic	621	622	623	627	628	629	M9	Yes	OxyR+	280	0	0	0	0	0	0	0	0	0	0	0	0	0	0	0	0	0	0	0	0	0	microa
GSE1121	KOfnr-aerobic	KOsoxS-aerobic	621	622	623	630	631	632	M9	Yes	SoxS+	288	0	0	0	0	0	0	0	0	0	0	0	0	0	0	0	0	0	0	0	0	0	microa
GSE1121	KOfnr-aerobic	WT-anaerobic	621	622	623	611	612	613	M9	Yes	SoxR+Fnr-YjiE+ArcA-	289	-89	313	-322	0	0	0	0	0	0	0	0	0	0	0	0	0	0	0	0	0	0	microa
GSE1121	KOfnr-aerobic	KOappY-anaerobic	621	622	623	593	594	595	M9	Yes	AppY+SoxR+Fnr-YjiE+ArcA-	42	289	-89	313	-322	0	0	0	0	0	0	0	0	0	0	0	0	0	0	0	0	0	microa
GSE1121	KOfnr-aerobic	KOarcA-anaerobic	621	622	623	596	597	598	M9	Yes	ArcA+SoxR+Fnr-YjiE+	289	-89	313	0	0	0	0	0	0	0	0	0	0	0	0	0	0	0	0	0	0	0	microa
GSE1121	KOfnr-aerobic	KOfnr-anaerobic	621	622	623	599	600	601	M9	Yes	SoxR+YjiE+ArcA-	289	313	-322	0	0	0	0	0	0	0	0	0	0	0	0	0	0	0	0	0	0	0	microa
GSE1121	KOfnr-aerobic	KOarcAKOfnr-anaerobic	621	622	623	602	603	604	M9	Yes	SoxR+YjiE+	289	313	0	0	0	0	0	0	0	0	0	0	0	0	0	0	0	0	0	0	0	0	microa
GSE1121	KOfnr-aerobic	KOoxyR-anaerobic	621	622	623	605	606	607	M9	Yes	OxyR+SoxR+Fnr-YjiE+ArcA-	280	289	-89	313	-322	0	0	0	0	0	0	0	0	0	0	0	0	0	0	0	0	0	microa
GSE1121	KOfnr-aerobic	KOsoxS-anaerobic	621	622	623	608	609	610	M9	Yes	SoxS+SoxR+Fnr-YjiE+ArcA-	288	289	-89	313	-322	0	0	0	0	0	0	0	0	0	0	0	0	0	0	0	0	0	microa
GSE1121	KOarcAKOfnr-aerobic	KOoxyR-aerobic	624	625	626	627	628	629	M9	Yes	OxyR+	280	0	0	0	0	0	0	0	0	0	0	0	0	0	0	0	0	0	0	0	0	0	microa
GSE1121	KOarcAKOfnr-aerobic	KOsoxS-aerobic	624	625	626	630	631	632	M9	Yes	SoxS+	288	0	0	0	0	0	0	0	0	0	0	0	0	0	0	0	0	0	0	0	0	0	microa
GSE1121	KOarcAKOfnr-aerobic	WT-anaerobic	624	625	626	611	612	613	M9	Yes	SoxR+Fnr-ArcA-YjiE+	289	-89	-322	313	0	0	0	0	0	0	0	0	0	0	0	0	0	0	0	0	0	0	microa
GSE1121	KOarcAKOfnr-aerobic	KOappY-anaerobic	624	625	626	593	594	595	M9	Yes	SoxR+Fnr-ArcA-AppY+YjiE+	289	-89	-322	42	313	0	0	0	0	0	0	0	0	0	0	0	0	0	0	0	0	0	microa
GSE1121	KOarcAKOfnr-aerobic	KOarcA-anaerobic	624	625	626	596	597	598	M9	Yes	SoxR+Fnr-YjiE+	289	-89	313	0	0	0	0	0	0	0	0	0	0	0	-322	0	0	0	0	0	0	0	microa
GSE1121	KOarcAKOfnr-aerobic	KOfnr-anaerobic	624	625	626	599	600	601	M9	Yes	SoxR+ArcA-YjiE+	289	-322	313	0	0	0	0	0	0	0	0	0	0	0	0	0	0	0	0	0	0	0	microa
GSE1121	KOarcAKOfnr-aerobic	KOarcAKOfnr-anaerobic	624	625	626	602	603	604	M9	Yes	SoxR+YjiE+	289	313	0	0	0	0	0	0	0	0	0	0	0	0	-322	0	0	0	0	0	0	0	microa
GSE1121	KOarcAKOfnr-aerobic	KOoxyR-anaerobic	624	625	626	605	606	607	M9	Yes	OxyR+SoxR+Fnr-ArcA-YjiE+	280	289	-89	-322	313	0	0	0	0	0	0	0	0	0	0	0	0	0	0	0	0	0	microa
GSE1121	KOarcAKOfnr-aerobic	KOsoxS-anaerobic	624	625	626	608	609	610	M9	Yes	SoxS+SoxR+Fnr-ArcA-YjiE+	288	289	-89	-322	313	0	0	0	0	0	0	0	0	0	0	0	0	0	0	0	0	0	microa
GSE1121	KOoxyR-aerobic	KOsoxS-aerobic	627	628	629	630	631	632	M9	Yes	OxyR-SoxS+	-280	288	0	0	0	0	0	0	0	0	0	0	0	0	0	0	0	0	0	0	0	0	microa
GSE1121	KOoxyR-aerobic	WT-anaerobic	627	628	629	611	612	613	M9	Yes	SoxR+Fnr-OxyR-YjiE+ArcA-	289	-89	-280	313	-322	0	0	0	0	0	0	0	0	0	0	0	0	0	0	0	0	0	microa
GSE1121	KOoxyR-aerobic	KOappY-anaerobic	627	628	629	593	594	595	M9	Yes	SoxR+Fnr-AppY+OxyR-YjiE+ArcA-	289	-89	42	-280	313	-322	0	0	0	0	0	0	0	0	0	0	0	0	0	0	0	0	microa
GSE1121	KOoxyR-aerobic	KOarcA-anaerobic	627	628	629	596	597	598	M9	Yes	SoxR+FnrOxyR-YjiE+	289	-89	-280	313	0	0	0	0	0	0	0	0	0	0	0	0	0	0	0	0	0	0	microa
GSE1121	KOoxyR-aerobic	KOfnr-anaerobic	627	628	629	599	600	601	M9	Yes	SoxR+OxyR-YjiE+ArcA-	289	-280	313	-322	0	0	0	0	0	0	0	0	0	0	0	0	0	0	0	0	0	0	microa
GSE1121	KOoxyR-aerobic	KOarcAKOfnr-anaerobic	627	628	629	602	603	604	M9	Yes	SoxR+OxyR-YjiE+	289	-280	313	0	0	0	0	0	0	0	0	0	0	0	0	0	0	0	0	0	0	0	microa
GSE1121	KOoxyR-aerobic	KOoxyR-anaerobic	627	628	629	605	606	607	M9	Yes	SoxR+Fnr-YjiE+ArcA-	289	-89	313	-322	0	0	0	0	0	0	0	0	0	0	-280	0	0	0	0	0	0	0	microa
GSE1121	KOoxyR-aerobic	KOsoxS-anaerobic	627	628	629	608	609	610	M9	Yes	SoxR+Fnr-SoxS+OxyR-YjiE+ArcA-	289	-89	288	-280	313	-322	0	0	0	0	0	0	0	0	0	0	0	0	0	0	0	0	microa
GSE1121	KOsoxS-aerobic	WT-anaerobic	630	631	632	611	612	613	M9	Yes	SoxR+Fnr-SoxS-YjiE+ArcA-	289	-89	-288	313	-322	0	0	0	0	0	0	0	0	0	0	0	0	0	0	0	0	0	microa
GSE1121	KOsoxS-aerobic	KOappY-anaerobic	630	631	632	593	594	595	M9	Yes	SoxR+Fnr-AppY+SoxS-YjiE+ArcA-	289	-89	42	-288	313	-322	0	0	0	0	0	0	0	0	0	0	0	0	0	0	0	0	microa
GSE1121	KOsoxS-aerobic	KOarcA-anaerobic	630	631	632	596	597	598	M9	Yes	SoxR+Fnr-SoxS-YjiE+	289	-89	-288	313	0	0	0	0	0	0	0	0	0	0	0	0	0	0	0	0	0	0	microa
GSE1121	KOsoxS-aerobic	KOfnr-anaerobic	630	631	632	599	600	601	M9	Yes	SoxR+SoxS-YjiE+ArcA-	289	-288	313	-322	0	0	0	0	0	0	0	0	0	0	0	0	0	0	0	0	0	0	microa
GSE1121	KOsoxS-aerobic	KOarcAKOfnr-anaerobic	630	631	632	602	603	604	M9	Yes	SoxR+SoxS-YjiE+	289	-288	313	0	0	0	0	0	0	0	0	0	0	0	0	0	0	0	0	0	0	0	microa
GSE1121	KOsoxS-aerobic	KOoxyR-anaerobic	630	631	632	605	606	607	M9	Yes	SoxR+Fnr-OxyR+SoxS-YjiE+ArcA-	289	-89	280	-288	313	-322	0	0	0	0	0	0	0	0	0	0	0	0	0	0	0	0	microa
GSE1121	KOsoxS-aerobic	KOsoxS-anaerobic	630	631	632	608	609	610	M9	Yes	SoxR+Fnr-YjiE+ArcA-	289	-89	313	-322	0	0	0	0	0	0	0	0	0	0	-288	0	0	0	0	0	0	0	microa
GSE1121	WT-anaerobic	KOappY-anaerobic	611	612	613	593	594	595	M9	Yes	AppY+	42	0	0	0	0	0	0	0	0	0	0	0	0	0	-289	89	-313	322	0	0	0	0	microa
GSE1121	WT-anaerobic	KOarcA-anaerobic	611	612	613	596	597	598	M9	Yes	ArcA+	322	0	0	0	0	0	0	0	0	0	0	0	0	0	-289	89	-313	322	0	0	0	0	microa
GSE1121	WT-anaerobic	KOfnr-anaerobic	611	612	613	599	600	601	M9	Yes	Fnr+	89	0	0	0	0	0	0	0	0	0	0	0	0	0	-289	89	-313	322	0	0	0	0	microa
GSE1121	WT-anaerobic	KOarcAKOfnr-anaerobic	611	612	613	602	603	604	M9	Yes	ArcA+Fnr+	322	89	0	0	0	0	0	0	0	0	0	0	0	0	-289	89	-313	322	0	0	0	0	microa
GSE1121	WT-anaerobic	KOoxyR-anaerobic	611	612	613	605	606	607	M9	Yes	OxyR+	280	0	0	0	0	0	0	0	0	0	0	0	0	0	-289	89	-313	322	0	0	0	0	microa
GSE1121	WT-anaerobic	KOsoxS-anaerobic	611	612	613	608	609	610	M9	Yes	SoxS+	288	0	0	0	0	0	0	0	0	0	0	0	0	0	-289	89	-313	322	0	0	0	0	microa
GSE1121	KOappY-anaerobic	KOarcA-anaerobic	593	594	595	596	597	598	M9	Yes	AppY-ArcA+	-42	322	0	0	0	0	0	0	0	0	0	0	0	0	-289	89	-313	322	0	0	0	0	microa
GSE1121	KOappY-anaerobic	KOfnr-anaerobic	593	594	595	599	600	601	M9	Yes	AppY-Fnr+	-42	89	0	0	0	0	0	0	0	0	0	0	0	0	-289	89	-313	322	0	0	0	0	microa
GSE1121	KOappY-anaerobic	KOarcAKOfnr-anaerobic	593	594	595	602	603	604	M9	Yes	AppY-ArcA+Fnr+	-42	322	89	0	0	0	0	0	0	0	0	0	0	0	-289	89	-313	322	0	0	0	0	microa
GSE1121	KOappY-anaerobic	KOoxyR-anaerobic	593	594	595	605	606	607	M9	Yes	AppY-OxyR+	-42	280	0	0	0	0	0	0	0	0	0	0	0	0	-289	89	-313	322	0	0	0	0	microa
GSE1121	KOappY-anaerobic	KOsoxS-anaerobic	593	594	595	608	609	610	M9	Yes	AppY-SoxS+	-42	288	0	0	0	0	0	0	0	0	0	0	0	0	-289	89	-313	322	0	0	0	0	microa
GSE1121	KOarcA-anaerobic	KOfnr-anaerobic	596	597	598	599	600	601	M9	Yes	ArcA-Fnr+	-322	89	0	0	0	0	0	0	0	0	0	0	0	0	-289	89	-313	322	0	0	0	0	microa
GSE1121	KOarcA-anaerobic	KOarcAKOfnr-anaerobic	596	597	598	602	603	604	M9	Yes	Fnr+	89	0	0	0	0	0	0	0	0	0	0	0	0	0	-289	89	-313	322	0	0	0	0	microa
GSE1121	KOarcA-anaerobic	KOoxyR-anaerobic	596	597	598	605	606	607	M9	Yes	ArcA-OxyR+	-322	280	0	0	0	0	0	0	0	0	0	0	0	0	-289	89	-313	322	0	0	0	0	microa
GSE1121	KOarcA-anaerobic	KOsoxS-anaerobic	596	597	598	608	609	610	M9	Yes	ArcA-SoxS+	-322	288	0	0	0	0	0	0	0	0	0	0	0	0	-289	89	-313	322	0	0	0	0	microa
GSE1121	KOfnr-anaerobic	KOarcAKOfnr-anaerobic	599	600	601	602	603	604	M9	Yes	ArcA+	322	0	0	0	0	0	0	0	0	0	0	0	0	0	-289	89	-313	322	0	0	0	0	microa
GSE1121	KOfnr-anaerobic	KOoxyR-anaerobic	599	600	601	605	606	607	M9	Yes	OxyR+Fnr-	280	-89	0	0	0	0	0	0	0	0	0	0	0	0	-289	89	-313	322	0	0	0	0	microa
GSE1121	KOfnr-anaerobic	KOsoxS-anaerobic	599	600	601	608	609	610	M9	Yes	SoxS+Fnr-	288	-89	0	0	0	0	0	0	0	0	0	0	0	0	-289	89	-313	322	0	0	0	0	microa
GSE1121	KOarcAKOfnr-anaerobic	KOoxyR-anaerobic	602	603	604	605	606	607	M9	Yes	ArcA-OxyR+Fnr-	-322	280	-89	0	0	0	0	0	0	0	0	0	0	0	-289	89	-313	322	0	0	0	0	microa
GSE1121	KOarcAKOfnr-anaerobic	KOsoxS-anaerobic	602	603	604	608	609	610	M9	Yes	ArcA-SoxS+Fnr-	-322	288	-89	0	0	0	0	0	0	0	0	0	0	0	-289	89	-313	322	0	0	0	0	microa
GSE1121	KOoxyR-anaerobic	KOsoxS-anaerobic	605	606	607	608	609	610	M9	Yes	OxyR-SoxS+	-280	288	0	0	0	0	0	0	0	0	0	0	0	0	-289	89	-313	322	0	0	0	0	microa
ASAP-Allen-Liu	WT-glucose	WT-glycerol-noglucose	633	634	635	638	639	0	M9	Yes	Crp-ArgR+CytR-DeoR-GntR-UhpA+CreB-GlpR+	-233	227	-277	-59	-240	257	-321	239	0	0	0	0	0	0	0	0	0	0	0	0	0	0	microa
ASAP-Allen-Liu	WT-glucose	WT-L-proline-noglucose	633	634	635	640	641	0	M9	Yes	Crp-ArgR+CytR-DeoR-GntR-UhpA+PutA+	-233	227	-277	-59	-240	257	325	0	0	0	0	0	0	0	0	0	0	0	0	0	0	0	microa
ASAP-Allen-Liu	WT-glucose	WT-acetate-noglucose	633	634	635	642	643	0	M9	Yes	Crp-ArgR+CytR-DeoR-GntR-UhpA+CreB-GlcC-AtoC-UvrY-	-233	227	-277	-59	-240	257	-321	-206	-158	-135	0	0	0	0	0	0	0	0	0	0	0	0	microa
ASAP-Allen-Liu	WT-glucose	WT-succinate-noglucose	633	634	635	674	675	0	M9	Yes	Crp-ArgR+CytR-DeoR-GntR-UhpA+CreB-DcuR-	-233	227	-277	-59	-240	257	-321	-295	0	0	0	0	0	0	0	0	0	0	0	0	0	0	microa
ASAP-Allen-Liu	WT-glucose	KOcrp-glucose	633	634	635	660	661	662	M9	Yes	Crp+	233	0	0	0	0	0	0	0	0	0	0	0	0	0	0	0	0	0	0	0	0	0	microa
ASAP-Allen-Liu	WT-glucose	KOhns-glucose	633	634	635	670	671	672	M9	Yes	Hns+	79	0	0	0	0	0	0	0	0	0	0	0	0	0	0	0	0	0	0	0	0	0	microa
ASAP-Allen-Liu	WT-glycerol-noglucose	WT-L-proline-noglucose	638	639	0	640	641	0	M9	Yes	GlpR-PutA+CreB+	-239	325	321	0	0	0	0	0	0	0	0	0	0	0	233	-227	277	59	240	-257	0	0	microa
ASAP-Allen-Liu	WT-glycerol-noglucose	WT-acetate-noglucose	638	639	0	642	643	0	M9	Yes	GlpR-GlcC-AtoC-UvrY-	-239	-206	-158	-135	0	0	0	0	0	0	0	0	0	0	233	-227	277	59	240	-257	321	0	microa
ASAP-Allen-Liu	WT-glycerol-noglucose	WT-succinate-noglucose	638	639	0	674	675	0	M9	Yes	GlpR-DcuR-	-239	-295	0	0	0	0	0	0	0	0	0	0	0	0	233	-227	277	59	240	-257	321	0	microa
ASAP-Allen-Liu	WT-glycerol-noglucose	KOcrp-glucose	638	639	0	660	661	662	M9	Yes	GlpR-Crp+CreB+	-239	233	321	0	0	0	0	0	0	0	0	0	0	0	0	0	0	0	0	0	0	0	microa
ASAP-Allen-Liu	WT-glycerol-noglucose	KOhns-glucose	638	639	0	670	671	672	M9	Yes	GlpR-Hns+CreB+	-239	79	321	0	0	0	0	0	0	0	0	0	0	0	0	0	0	0	0	0	0	0	microa
ASAP-Allen-Liu	WT-L-proline-noglucose	WT-acetate-noglucose	640	641	0	642	643	0	M9	Yes	PutA-GlcC-AtoC-UvrY-CreB-	-325	-206	-158	-135	-321	0	0	0	0	0	0	0	0	0	233	-227	277	59	240	-257	0	0	microa
ASAP-Allen-Liu	WT-L-proline-noglucose	WT-succinate-noglucose	640	641	0	674	675	0	M9	Yes	PutA-DcuR-CreB-	-325	-295	-321	0	0	0	0	0	0	0	0	0	0	0	233	-227	277	59	240	-257	0	0	microa
ASAP-Allen-Liu	WT-L-proline-noglucose	KOcrp-glucose	640	641	0	660	661	662	M9	Yes	PutA-Crp+	-325	233	0	0	0	0	0	0	0	0	0	0	0	0	0	0	0	0	0	0	0	0	microa
ASAP-Allen-Liu	WT-L-proline-noglucose	KOhns-glucose	640	641	0	670	671	672	M9	Yes	PutA-Hns+	-325	79	0	0	0	0	0	0	0	0	0	0	0	0	0	0	0	0	0	0	0	0	microa
ASAP-Allen-Liu	WT-acetate-noglucose	WT-succinate-noglucose	642	643	0	674	675	0	M9	Yes	GlcC+AtoC+DcuR-UvrY+	206	158	-295	135	0	0	0	0	0	0	0	0	0	0	233	-227	277	59	240	-257	321	0	microa
ASAP-Allen-Liu	WT-acetate-noglucose	KOcrp-glucose	642	643	0	660	661	662	M9	Yes	GlcC+AtoC+Crp+UvrY+CreB+	206	158	233	135	321	0	0	0	0	0	0	0	0	0	0	0	0	0	0	0	0	0	microa
ASAP-Allen-Liu	WT-acetate-noglucose	KOhns-glucose	642	643	0	670	671	672	M9	Yes	GlcC+AtoC+Hns+UvrY+CreB+	206	158	79	135	321	0	0	0	0	0	0	0	0	0	0	0	0	0	0	0	0	0	microa
ASAP-Allen-Liu	WT-succinate-noglucose	KOcrp-glucose	674	675	0	660	661	662	M9	Yes	DcuR+Crp+CreB+	295	233	321	0	0	0	0	0	0	0	0	0	0	0	0	0	0	0	0	0	0	0	microa
ASAP-Allen-Liu	WT-succinate-noglucose	KOhns-glucose	674	675	0	670	671	672	M9	Yes	DcuR+Hns+CreB+	295	79	321	0	0	0	0	0	0	0	0	0	0	0	0	0	0	0	0	0	0	0	microa
ASAP-Allen-Liu	KOcrp-glucose	KOhns-glucose	660	661	662	670	671	672	M9	Yes	Crp-Hns+	-233	79	0	0	0	0	0	0	0	0	0	0	0	0	0	0	0	0	0	0	0	0	microa
ASAP-Kang	KOfnr-aerobic	WT-anaerobic	682	683	684	685	686	687	M9	Yes	Fnr-SoxR+YjiE+ArcA-	-89	289	313	-322	0	0	0	0	0	0	0	0	0	0	0	0	0	0	0	0	0	0	microa
ASAP-Kang	KOfnr-aerobic	KOfnr-anaerobic	682	683	684	688	689	690	M9	Yes	SoxR+YjiE+ArcA-	289	313	-322	0	0	0	0	0	0	0	0	0	0	0	0	0	0	0	0	0	0	0	microa
ASAP-Kang	WT-anaerobic	KOfnr-anaerobic	685	686	687	688	689	690	M9	Yes	Fnr+	89	0	0	0	0	0	0	0	0	0	0	0	0	0	89	-289	-313	322	0	0	0	0	microa
Brokx	aerobic	anaerobic	732	733	0	734	735	0	M9	Yes	SoxR+Fnr-YjiE+ArcA-	-89	289	313	-322	0	0	0	0	0	0	0	0	0	0	0	0	0	0	0	0	0	0	microa
Brokx	aerobic	anaerobic-nitrate	732	733	0	736	737	0	M9	Yes	SoxR+Fnr-GlnG+YjiE+ArcA-NarL-NarP-	-89	289	269	313	-322	-78	-155	0	0	0	0	0	0	0	0	0	0	0	0	0	0	0	microa
Brokx	anaerobic	anaerobic-nitrate	734	735	0	736	737	0	M9	Yes	GlnG+NarL-NarP-	269	-78	-155	0	0	0	0	0	0	0	0	0	0	0	89	-289	-313	322	0	0	0	0	microa
GSE6836unpublished	2g/Lglucose	4g/Lglucose	738	0	0	747	0	0	LB	Yes	Crp+ArgR-CytR+DeoR+GntR+UhpA-	233	-227	277	59	240	-257	0	0	0	0	0	0	0	0	0	0	0	0	0	0	0	0	microa
GSE6836unpublished	2g/Lglucose	4g/Lglucose	739	0	0	748	0	0	LB	Yes	Crp+ArgR-CytR+DeoR+GntR+UhpA-	233	-227	277	59	240	-257	0	0	0	0	0	0	0	0	0	0	0	0	0	0	0	0	microa
GSE6836unpublished	2g/Lglucose	4g/Lglucose	740	0	0	749	0	0	LB	Yes	Crp+ArgR-CytR+DeoR+GntR+UhpA-	233	-227	277	59	240	-257	0	0	0	0	0	0	0	0	0	0	0	0	0	0	0	0	microa
GSE6836unpublished	2g/Lglucose	4g/Lglucose	741	0	0	750	0	0	LB	Yes	Crp+ArgR-CytR+DeoR+GntR+UhpA-	233	-227	277	59	240	-257	0	0	0	0	0	0	0	0	0	0	0	0	0	0	0	0	microa
GSE6836unpublished	2g/Lglucose	4g/Lglucose	742	0	0	751	0	0	LB	Yes	Crp+ArgR-CytR+DeoR+GntR+UhpA-	233	-227	277	59	240	-257	0	0	0	0	0	0	0	0	0	0	0	0	0	0	0	0	microa
GSE6836unpublished	2g/Lglucose	4g/Lglucose	743	0	0	752	0	0	LB	Yes	Crp+ArgR-CytR+DeoR+GntR+UhpA-	233	-227	277	59	240	-257	0	0	0	0	0	0	0	0	0	0	0	0	0	0	0	0	microa
GSE6836unpublished	2g/Lglucose	4g/Lglucose	744	0	0	753	0	0	LB	Yes	Crp+ArgR-CytR+DeoR+GntR+UhpA-	233	-227	277	59	240	-257	0	0	0	0	0	0	0	0	0	0	0	0	0	0	0	0	microa
GSE6836unpublished	2g/Lglucose	4g/Lglucose	745	0	0	754	0	0	LB	Yes	Crp+ArgR-CytR+DeoR+GntR+UhpA-	233	-227	277	59	240	-257	0	0	0	0	0	0	0	0	0	0	0	0	0	0	0	0	microa
GSE6836unpublished	2g/Lglucose	4g/Lglucose	746	0	0	755	0	0	LB	Yes	Crp+ArgR-CytR+DeoR+GntR+UhpA-	233	-227	277	59	240	-257	0	0	0	0	0	0	0	0	0	0	0	0	0	0	0	0	microa
GSE7398	WT	KOfis	872	873	874	884	885	886	LB	No	Fis+	229	0	0	0	0	0	0	0	0	0	0	0	0	0	0	0	0	0	0	0	0	0	microa
GSE7398	WT	KOfis	875	876	877	887	888	889	LB	No	Fis+	229	0	0	0	0	0	0	0	0	0	0	0	0	0	0	0	0	0	0	0	0	0	microa
GSE7398	WT	KOfis	878	879	880	890	891	892	LB	No	Fis+	229	0	0	0	0	0	0	0	0	0	0	0	0	0	0	0	0	0	0	0	0	0	microa
GSE7398	WT	KOfis	881	882	883	893	894	895	LB	No	Fis+	229	0	0	0	0	0	0	0	0	0	0	0	0	0	0	0	0	0	0	0	0	0	microa
GSE9755	WT	Tannin	945	946	0	947	948	0	M9	Yes	BaeR-	-145	0	0	0	0	0	0	0	0	0	0	0	0	0	89	-289	-313	322	0	0	0	0	microa
GSE11183	LB-exp-WT	LB-exp-KOhupA	1093	1094	0	1098	0	0	LB	No	HupA+	283	0	0	0	0	0	0	0	0	0	0	0	0	0	0	0	0	0	0	0	0	0	microa
GSE11183	LB-transit-WT	LB-transit-KOhupA	1095	0	0	1099	0	0	LB	No	HupA+	283	0	0	0	0	0	0	0	0	0	0	0	0	0	0	0	0	0	0	0	0	0	microa
GSE11183	LB-stat-WT	LB-stat-KOhupA	1096	1097	0	1100	0	0	LB	No	HupA+	283	0	0	0	0	0	0	0	0	0	0	0	0	0	0	0	0	0	0	0	0	0	microa
GSE11183	M9glucose-exp-WT	M9glycerol-exp-WT	1111	0	0	1113	0	0	M9	Yes	Crp-ArgR+CytR-DeoR-GntR-UhpA+CreB-GlpR+	-233	227	-277	-59	-240	257	-321	239	0	0	0	0	0	0	0	0	0	0	0	0	0	0	microa
GSE11183	M9glucose-exp-WT	M9glucose-exp-hupA	1111	0	0	1115	0	0	M9	Yes	HupA+	283	0	0	0	0	0	0	0	0	0	0	0	0	0	0	0	0	0	0	0	0	0	microa
GSE11183	M9glucose-exp-WT	M9glycerol-exp-hupA	1111	0	0	1117	0	0	M9	Yes	Crp-ArgR+CytR-DeoR-GntR-UhpA+CreB-GlpR+HupA+	-233	227	-277	-59	-240	257	-321	239	283	0	0	0	0	0	0	0	0	0	0	0	0	0	microa
GSE11183	M9glycerol-exp-WT	M9glucose-exp-hupA	1113	0	0	1115	0	0	M9	Yes	Crp+ArgR-CytR+DeoR+GntR+UhpA-CreB+GlpR-HupA+	233	-227	277	59	240	-257	321	-239	283	0	0	0	0	0	0	0	0	0	0	0	0	0	microa
GSE11183	M9glycerol-exp-WT	M9glycerol-exp-hupA	1113	0	0	1117	0	0	M9	No	HupA+	283	0	0	0	0	0	0	0	0	0	0	0	0	0	233	-227	277	59	240	-257	-321	-239	microa
GSE11183	M9glucose-exp-hupA	M9glycerol-exp-hupA	1115	0	0	1117	0	0	M9	Yes	Crp-ArgR+CytR-DeoR-GntR-UhpA+CreB-GlpR+	-233	227	-277	-59	-240	257	-321	239	0	0	0	0	0	0	0	0	0	0	0	0	0	0	microa
GSE11183	M9glucose-stat-WT	M9glycerol-stat-WT	1112	0	0	1114	0	0	M9	Yes	Crp-ArgR+CytR-DeoR-GntR-UhpA+CreB-GlpR+	-233	227	-277	-59	-240	257	-321	239	0	0	0	0	0	0	0	0	0	0	0	0	0	0	microa
GSE11183	M9glucose-stat-WT	M9glucose-stat-hupA	1112	0	0	1116	0	0	M9	Yes	HupA+	283	0	0	0	0	0	0	0	0	0	0	0	0	0	0	0	0	0	0	0	0	0	microa
GSE11183	M9glucose-stat-WT	M9glycerol-stat-hupA	1112	0	0	1118	0	0	M9	Yes	Crp-ArgR+CytR-DeoR-GntR-UhpA+CreB-GlpR+HupA+	-233	227	-277	-59	-240	257	-321	239	283	0	0	0	0	0	0	0	0	0	0	0	0	0	microa
GSE11183	M9glycerol-stat-WT	M9glucose-stat-hupA	1114	0	0	1116	0	0	M9	Yes	Crp+ArgR-CytR+DeoR+GntR+UhpA-CreB+GlpR-HupA+	233	-227	277	59	240	-257	321	-239	283	0	0	0	0	0	0	0	0	0	0	0	0	0	microa
GSE11183	M9glycerol-stat-WT	M9glycerol-stat-hupA	1114	0	0	1118	0	0	M9	No	HupA+	283	0	0	0	0	0	0	0	0	0	0	0	0	0	233	-227	277	59	240	-257	-321	-239	microa
GSE11183	M9glucose-stat-hupA	M9glycerol-stat-hupA	1116	0	0	1118	0	0	M9	Yes	Crp-ArgR+CytR-DeoR-GntR-UhpA+CreB-GlpR+	-233	227	-277	-59	-240	257	-321	239	0	0	0	0	0	0	0	0	0	0	0	0	0	0	microa
Walker	WT	KOLexA	461	462	463	473	474	475	LB	No	LexA+	286	0	0	0	0	0	0	0	0	0	0	0	0	0	0	0	0	0	0	0	0	0	microa
Koeris	WT	KOlsrR	479	0	0	481	0	0	LB	No	LsrR+	105	0	0	0	0	0	0	0	0	0	0	0	0	0	105	0	0	0	0	0	0	0	microa
Koeris	WT	KOsdiA	479	0	0	483	0	0	LB	No	SdiA+	136	0	0	0	0	0	0	0	0	0	0	0	0	0	0	0	0	0	0	0	0	0	microa
Koeris	KOlsrR	KOsdiA	481	0	0	483	0	0	LB	No	LsrR-SdiA+	-105	136	0	0	0	0	0	0	0	0	0	0	0	0	105	0	0	0	0	0	0	0	microa
Allison	WT	gluconate	519	0	0	522	523	0	LB	No	GntR+	240	0	0	0	0	0	0	0	0	0	0	0	0	0	240	0	0	0	0	0	0	0	microa
GSE6836	L-arabinose-OElexA-25nor	WT-25nor	172	173	174	336	337	0	LB	No	LexA+AraC+	286	3	0	0	0	0	0	0	0	0	0	0	0	0	0	0	0	0	0	0	0	0	microa
GSE6836	L-arabinose-OEcpxR-75nor	L-arabinose-OEcrp-75nor	220	221	222	226	227	228	LB	No	CpxR+Crp-	276	-233	0	0	0	0	0	0	0	0	0	0	0	0	0	0	0	0	0	0	0	0	microa
GSE6836	L-arabinose-OEcpxR-75nor	L-arabinose-OEdnaA-75nor	220	221	222	235	236	237	LB	No	CpxR+DnaA-	276	-261	0	0	0	0	0	0	0	0	0	0	0	0	0	0	0	0	0	0	0	0	microa
GSE6836	L-arabinose-OEcpxR-75nor	L-arabinose-OEfis-75nor	220	221	222	249	250	251	LB	No	CpxR+Fis-	276	-229	0	0	0	0	0	0	0	0	0	0	0	0	0	0	0	0	0	0	0	0	microa
GSE6836	L-arabinose-OEcpxR-75nor	L-arabinose-OEihfA-75nor	220	221	222	279	280	0	LB	No	CpxR+IhfA-	276	-124	0	0	0	0	0	0	0	0	0	0	0	0	0	0	0	0	0	0	0	0	microa
GSE6836	L-arabinose-OEcpxR-75nor	WT-75nor	220	221	222	340	341	0	LB	No	CpxR+AraC+	276	3	0	0	0	0	0	0	0	0	0	0	0	0	0	0	0	0	0	0	0	0	microa
GSE6836	L-arabinose-OEcrp-75nor	L-arabinose-OEdnaA-75nor	226	227	228	235	236	237	LB	No	Crp+DnaA-	233	-261	0	0	0	0	0	0	0	0	0	0	0	0	0	0	0	0	0	0	0	0	microa
GSE6836	L-arabinose-OEcrp-75nor	L-arabinose-OEfis-75nor	226	227	228	249	250	251	LB	No	Crp+Fis-	233	-229	0	0	0	0	0	0	0	0	0	0	0	0	0	0	0	0	0	0	0	0	microa
GSE6836	L-arabinose-OEcrp-75nor	L-arabinose-OEihfA-75nor	226	227	228	279	280	0	LB	No	Crp+IhfA-	233	-124	0	0	0	0	0	0	0	0	0	0	0	0	0	0	0	0	0	0	0	0	microa
GSE6836	L-arabinose-OEcrp-75nor	WT-75nor	226	227	228	340	341	0	LB	No	Crp+AraC+	233	3	0	0	0	0	0	0	0	0	0	0	0	0	0	0	0	0	0	0	0	0	microa
GSE6836	L-arabinose-OEdnaA-75nor	L-arabinose-OEfis-75nor	235	236	237	249	250	251	LB	No	DnaA+Fis-	261	-229	0	0	0	0	0	0	0	0	0	0	0	0	0	0	0	0	0	0	0	0	microa
GSE6836	L-arabinose-OEdnaA-75nor	L-arabinose-OEihfA-75nor	235	236	237	279	280	0	LB	No	DnaA+IhfA-	261	-124	0	0	0	0	0	0	0	0	0	0	0	0	0	0	0	0	0	0	0	0	microa
GSE6836	L-arabinose-OEdnaA-75nor	WT-75nor	235	236	237	340	341	0	LB	No	DnaA+AraC+	261	3	0	0	0	0	0	0	0	0	0	0	0	0	0	0	0	0	0	0	0	0	microa
GSE6836	L-arabinose-OEfis-75nor	L-arabinose-OEihfA-75nor	249	250	251	279	280	0	LB	No	Fis+IhfA-	229	124	0	0	0	0	0	0	0	0	0	0	0	0	0	0	0	0	0	0	0	0	microa
GSE6836	L-arabinose-OEfis-75nor	WT-75nor	249	250	251	340	341	0	LB	No	Fis+AraC+	229	3	0	0	0	0	0	0	0	0	0	0	0	0	0	0	0	0	0	0	0	0	microa
GSE6836	L-arabinose-OEihfA-75nor	WT-75nor	279	280	0	340	341	0	LB	No	IhfA+AraC+	124	3	0	0	0	0	0	0	0	0	0	0	0	0	0	0	0	0	0	0	0	0	microa
GSE33147	lactate	glycerol	113	114	115	159	160	161	M9	No	LldR+GlpR+	256	239	0	0	0	0	0	0	0	0	0	0	0	0	321	0	0	0	0	0	0	0	microa
GSE4724	WT	L-arginine	1217	1218	1219	1220	1221	1222	M9	Yes	ArgR-ArgP-	-227	-203	0	0	0	0	0	0	0	0	0	0	0	0	0	0	0	0	0	0	0	0	microa
GSE6992	KOsoxR	WT	1234	0	0	1240	1246	0	LB	Yes	SoxR-	-289	0	0	0	0	0	0	0	0	0	0	0	0	0	0	0	0	0	0	0	0	0	microa
GSE6992	KOsoxR	WT	1235	0	0	1241	1247	0	LB	Yes	SoxR-	-289	0	0	0	0	0	0	0	0	0	0	0	0	0	0	0	0	0	0	0	0	0	microa
GSE6992	KOsoxR	WT	1236	0	0	1242	1248	0	LB	Yes	SoxR-	-289	0	0	0	0	0	0	0	0	0	0	0	0	0	0	0	0	0	0	0	0	0	microa
GSE6992	KOsoxR	WT	1237	0	0	1243	1249	0	LB	Yes	SoxR-	-289	0	0	0	0	0	0	0	0	0	0	0	0	0	0	0	0	0	0	0	0	0	microa
GSE6992	KOsoxR	WT	1238	0	0	1244	1250	0	LB	Yes	SoxR-	-289	0	0	0	0	0	0	0	0	0	0	0	0	0	0	0	0	0	0	0	0	0	microa
GSE6992	KOsoxR	WT	1239	0	0	1245	1251	0	LB	Yes	SoxR-	-289	0	0	0	0	0	0	0	0	0	0	0	0	0	0	0	0	0	0	0	0	0	microa
GSE12006	aerobic	anaerobic	1325	0	0	1326	0	0	LB	Yes	SoxR+Fnr-YjiE+ArcA-	289	-89	313	-322	0	0	0	0	0	0	0	0	0	0	0	0	0	0	0	0	0	0	microa
GSE12006	aerobic	anaerobic	1325	0	0	1327	0	0	LB	Yes	SoxR+Fnr-YjiE+ArcA-	289	-89	313	-322	0	0	0	0	0	0	0	0	0	0	0	0	0	0	0	0	0	0	microa
GSE12006	aerobic	anaerobic	1325	0	0	1328	0	0	LB	Yes	SoxR+Fnr-YjiE+ArcA-	289	-89	313	-322	0	0	0	0	0	0	0	0	0	0	0	0	0	0	0	0	0	0	microa
GSM375832	WT-DMEM-AI3	KOqseC-DMEM-AI3	1382	0	0	1389	0	0	LB	Yes	QseB-	-211	0	0	0	0	0	0	0	0	0	0	0	0	0	0	0	0	0	0	0	0	0	microa
GSM375832	WT-DMEM-epinephrine	KOqseC-DMEM-epinephrine	1388	0	0	1385	0	0	LB	Yes	QseB-	-211	0	0	0	0	0	0	0	0	0	0	0	0	0	0	0	0	0	0	0	0	0	microa
GSM375832	WT-LB	KOqseC-LB	1383	0	0	1390	0	0	LB	Yes	QseB-	-211	0	0	0	0	0	0	0	0	0	0	0	0	0	0	0	0	0	0	0	0	0	microa
GSE17519	WT	benzoate	1473	1474	0	1475	1476	0	LB	No	MarR+	107	0	0	0	0	0	0	0	0	0	0	0	0	0	0	0	0	0	0	0	0	0	microa
GSE17519	WT	benzoate	1477	1478	0	1479	1480	0	LB	No	MarR+	107	0	0	0	0	0	0	0	0	0	0	0	0	0	0	0	0	0	0	0	0	0	microa
GSE17519	WT	benzoate	1481	1482	0	1483	1484	0	LB	No	MarR+	107	0	0	0	0	0	0	0	0	0	0	0	0	0	0	0	0	0	0	0	0	0	microa
GSE17519	WT	benzoate	1485	1486	0	1487	1488	0	LB	No	MarR+	107	0	0	0	0	0	0	0	0	0	0	0	0	0	0	0	0	0	0	0	0	0	microa
GSE17519	WT	benzoate	1489	1490	0	1491	1492	0	LB	No	MarR+	107	0	0	0	0	0	0	0	0	0	0	0	0	0	0	0	0	0	0	0	0	0	microa
GSE17584	WT-LB-glucose	WT-LB	1517	1518	1519	1520	1521	1522	LB	Yes	Crp-ArgR+CytR-DeoR-GntR-UhpA+	-233	227	-277	-59	-240	257	0	0	0	0	0	0	0	0	0	0	0	0	0	0	0	0	microa
GSE17584	WT-LB-glucose	KOcrp-LB-glucose	1517	1518	1519	1523	1524	1525	LB	Yes	Crp+	233	0	0	0	0	0	0	0	0	0	0	0	0	0	0	0	0	0	0	0	0	0	microa
GSE17584	WT-LB-glucose	KOcrp-LB	1517	1518	1519	1528	1529	1530	LB	Yes	Crp+ArgR+CytR-DeoR-GntR-UhpA+	233	227	-277	-59	-240	257	0	0	0	0	0	0	0	0	0	0	0	0	0	0	0	0	microa
GSE17584	WT-LB	KOcrp-LB-glucose	1520	1521	1522	1523	1524	1525	LB	Yes	Crp+ArgR-CytR+DeoR+GntR+UhpA-	233	-227	277	59	240	-257	0	0	0	0	0	0	0	0	0	0	0	0	0	0	0	0	microa
GSE17584	WT-LB	KOcrp-LB	1520	1521	1522	1528	1529	1530	LB	No	Crp+	233	0	0	0	0	0	0	0	0	0	0	0	0	0	0	0	0	0	0	0	0	0	microa
GSE17584	KOcrp-LB-glucose	KOcrp-LB	1523	1524	1525	1528	1529	1530	LB	Yes	ArgR+CytR-DeoR-GntR-UhpA+	227	-277	-59	-240	257	0	0	0	0	0	0	0	0	0	0	0	0	0	0	0	0	0	microa
GSE21857	WT	KOphoB	1611	1613	0	1612	1614	0	M9	Yes	PhoB+	30	0	0	0	0	0	0	0	0	0	0	0	0	0	0	0	0	0	0	0	0	0	microa
GSE24524	WT-fumarate-anaerobic	WT-nitrate-anaerobic	1650	1651	0	1652	1653	0	M9	Yes	DcuR+GlnG+NarL-NarP-	295	269	-78	-155	0	0	0	0	0	0	0	0	0	0	89	-289	322	-313	0	0	0	0	microa
GSE24524	WT-fumarate-anaerobic	KOoxyR-fumarate-anaerobic	1650	1651	0	1654	1655	0	M9	Yes	DcuR+OxyR+	295	280	0	0	0	0	0	0	0	0	0	0	0	0	89	-289	322	-313	0	0	0	0	microa
GSE24524	WT-fumarate-anaerobic	KOoxyR-nitrate-anaerobic	1650	1651	0	1656	1657	0	M9	Yes	DcuR+GlnG+NarL-NarP-OxyR+	295	269	-78	-155	280	0	0	0	0	0	0	0	0	0	89	-289	322	-313	0	0	0	0	microa
GSE24524	WT-nitrate-anaerobic	KOoxyR-fumarate-anaerobic	1652	1653	0	1654	1655	0	M9	Yes	GlnG-NarL+NarP+DcuR-OxyR+	-269	78	155	295	280	0	0	0	0	0	0	0	0	0	89	-289	322	-313	0	0	0	0	microa
GSE24524	WT-nitrate-anaerobic	KOoxyR-nitrate-anaerobic	1652	1653	0	1656	1657	0	M9	Yes	OxyR+	280	0	0	0	0	0	0	0	0	0	0	0	0	0	89	-289	322	-313	0	0	0	0	microa
GSE24524	KOoxyR-fumarate-anaerobic	KOoxyR-nitrate-anaerobic	1654	1655	0	1656	1657	0	M9	Yes	DcuR+GlnG+NarL-NarP-	295	269	-78	-155	0	0	0	0	0	0	0	0	0	0	89	-289	322	-313	0	0	0	0	microa
GSE25318	WT-Mn2+	KOmntR-Mn2+	1664	0	0	1665	0	0	M9	Yes	MntR+	58	0	0	0	0	0	0	0	0	0	0	0	0	0	0	0	0	0	0	0	0	0	microa
GSE25318	WT-Mn2+	KOmntR-Mn2+	1666	0	0	1667	0	0	M9	Yes	MntR+	58	0	0	0	0	0	0	0	0	0	0	0	0	0	0	0	0	0	0	0	0	0	microa
GSE26591	WT	KOpurR	1668	1669	0	1670	1671	0	M9	Yes	PurR+	121	0	0	0	0	0	0	0	0	0	0	0	0	0	0	0	0	0	0	0	0	0	microa
GSE26591	WT	KOpurR	1672	1673	0	1674	1675	0	M9	Yes	PurR+	121	0	0	0	0	0	0	0	0	0	0	0	0	0	0	0	0	0	0	0	0	0	microa
GSE31029	WT	KOphoP	1777	1778	1779	1780	1781	1782	LB	No	PhoP+	69	0	0	0	0	0	0	0	0	0	0	0	0	0	0	0	0	0	0	0	0	0	microa
GSE34023	WT	OEbglJ	1807	1808	1809	1803	1804	1805	LB	No	BglJ-	-317	0	0	0	0	0	0	0	0	0	0	0	0	0	0	0	0	0	0	0	0	0	microa
GSE34023	WT	OEleuO	1807	1808	1809	1811	1812	1813	LB	No	LeuO-	-5	0	0	0	0	0	0	0	0	0	0	0	0	0	0	0	0	0	0	0	0	0	microa
GSE34023	WT	KOleuO-OEbglJ	1807	1808	1809	1823	1824	1825	LB	No	LeuO+BglJ-	5	-317	0	0	0	0	0	0	0	0	0	0	0	0	0	0	0	0	0	0	0	0	microa
GSE34023	WT	KOleuO	1807	1808	1809	1827	1828	1829	LB	No	LeuO+	5	0	0	0	0	0	0	0	0	0	0	0	0	0	0	0	0	0	0	0	0	0	microa
GSE34023	OEbglJ	OEleuO	1803	1804	1805	1811	1812	1813	LB	No	BglJ+	317	0	0	0	0	0	0	0	0	0	0	0	0	0	0	0	0	0	0	0	0	0	microa
GSE34023	OEbglJ	KOleuO-OEbglJ	1803	1804	1805	1823	1824	1825	LB	No	LeuO+	5	0	0	0	0	0	0	0	0	0	0	0	0	0	0	0	0	0	0	0	0	0	microa
GSE34023	OEbglJ	KOleuO	1803	1804	1805	1827	1828	1829	LB	No	BglJ+LeuO+	317	5	0	0	0	0	0	0	0	0	0	0	0	0	0	0	0	0	0	0	0	0	microa
GSE34023	OEleuO	KOleuO-OEbglJ	1811	1812	1813	1823	1824	1825	LB	No	LeuO+BglJ-	5	-317	0	0	0	0	0	0	0	0	0	0	0	0	0	0	0	0	0	0	0	0	microa
GSE34023	OEleuO	KOleuO	1811	1812	1813	1827	1828	1829	LB	No	LeuO+	5	0	0	0	0	0	0	0	0	0	0	0	0	0	0	0	0	0	0	0	0	0	microa
GSE34023	KOleuO-OEbglJ	KOleuO	1823	1824	1825	1827	1828	1829	LB	No	BglJ+	317	0	0	0	0	0	0	0	0	0	0	0	0	0	0	0	0	0	0	0	0	0	microa
GSE34275	WT	glycerol	1834	1835	0	1840	1841	0	LB	No	GlpR+CreB-	239	-321	0	0	0	0	0	0	0	0	0	0	0	0	0	0	0	0	0	0	0	0	microa
GSE34275	WT	glycerol	1836	1837	0	1842	1843	0	LB	No	GlpR+CreB-	239	-321	0	0	0	0	0	0	0	0	0	0	0	0	0	0	0	0	0	0	0	0	microa
GSE34275	WT	glycerol	1838	1839	0	1844	1845	0	LB	No	GlpR+CreB-	239	-321	0	0	0	0	0	0	0	0	0	0	0	0	0	0	0	0	0	0	0	0	microa
Macklin	WT	AA	2199	2200	2201	2205	2206	2207	M9	Yes	PutA+ArgR-ArgP+AlaS-AsnC+DsdC-GcvA+TrpR-CysB-TyrR-GcvR+Lrp-MetR-MetJ-	325	-227	203	-326	263	-161	197	-319	-80	-87	171	-61	-267	-278	0	0	0	0	0	0	0	0	rnaseq
Macklin	WT	AA	2202	2203	2204	2208	2209	2210	M9	Yes	PutA+ArgR-ArgP+AlaS-AsnC+DsdC-GcvA+TrpR-CysB-TyrR-GcvR+Lrp-MetR-MetJ-	325	-227	203	-326	263	-161	197	-319	-80	-87	171	-61	-267	-278	0	0	0	0	0	0	0	0	rnaseq
GSE40313	WT-seal-RPKM	KOstpA-seal-RPKM	2211	2212	0	2215	2216	0	LB	No	StpA+	186	0	0	0	0	0	0	0	0	0	0	0	0	0	0	0	0	0	0	0	0	0	rnaseq
GSE40313	WT-rsem-TPM	KOstpA-rsem-TPM	2213	2214	0	2217	2218	0	LB	No	StpA+	186	0	0	0	0	0	0	0	0	0	0	0	0	0	0	0	0	0	0	0	0	0	rnaseq
GSE40313	WT-seal-RPKM	KOhns-seal-RPKM	2211	2212	0	2219	2220	0	LB	No	Hns+	79	0	0	0	0	0	0	0	0	0	0	0	0	0	0	0	0	0	0	0	0	0	rnaseq
GSE40313	WT-rsem-TPM	KOhns-rsem-TPM	2213	2214	0	2221	2222	0	LB	No	Hns+	79	0	0	0	0	0	0	0	0	0	0	0	0	0	0	0	0	0	0	0	0	0	rnaseq
GSE40313	WT-seal-RPKM	KOstpA+KOhns-seal-RPKM	2211	2212	0	2223	2224	0	LB	No	StpA+Hns+	186	79	0	0	0	0	0	0	0	0	0	0	0	0	0	0	0	0	0	0	0	0	rnaseq
GSE40313	WT-rsem-TPM	KOstpA+KOhns-rsem-TPM	2213	2214	0	2225	2226	0	LB	No	StpA+Hns+	186	79	0	0	0	0	0	0	0	0	0	0	0	0	0	0	0	0	0	0	0	0	rnaseq
GSE40313	KOstpA-seal-RPKM	KOhns-seal-RPKM	2215	2216	0	2219	2220	0	LB	No	Stpa-Hns+	-186	79	0	0	0	0	0	0	0	0	0	0	0	0	0	0	0	0	0	0	0	0	rnaseq
GSE40313	KOstpA-rsem-TPM	KOhns-rsem-TPM	2217	2218	0	2221	2222	0	LB	No	Stpa-Hns+	-186	79	0	0	0	0	0	0	0	0	0	0	0	0	0	0	0	0	0	0	0	0	rnaseq
GSE40313	KOstpA-seal-RPKM	KOstpA+KOhns-seal-RPKM	2215	2216	0	2223	2224	0	LB	No	Hns+	79	0	0	0	0	0	0	0	0	0	0	0	0	0	0	0	0	0	0	0	0	0	rnaseq
GSE40313	KOstpA-rsem-TPM	KOstpA+KOhns-rsem-TPM	2217	2218	0	2225	2226	0	LB	No	Hns+	79	0	0	0	0	0	0	0	0	0	0	0	0	0	0	0	0	0	0	0	0	0	rnaseq
GSE40313	KOhns-seal-RPKM	KOstpA+KOhns-seal-RPKM	2219	2220	0	2223	2224	0	LB	No	Stpa+	186	0	0	0	0	0	0	0	0	0	0	0	0	0	0	0	0	0	0	0	0	0	rnaseq
GSE40313	KOhns-rsem-TPM	KOstpA+KOhns-rsem-TPM	2221	2222	0	2225	2226	0	LB	No	Stpa+	186	0	0	0	0	0	0	0	0	0	0	0	0	0	0	0	0	0	0	0	0	0	rnaseq
GSE65712	WT-seal-RPKM	KOoxyR-seal-RPKM	2227	2228	0	2231	2232	0	M9	Yes	OxyR+	280	0	0	0	0	0	0	0	0	0	0	0	0	0	-89	289	313	-322	0	0	0	0	rnaseq
GSE65712	WT-rsem-TPM	KOoxyR-rsem-TPM	2229	2230	0	2233	2234	0	M9	Yes	OxyR+	280	0	0	0	0	0	0	0	0	0	0	0	0	0	-89	289	313	-322	0	0	0	0	rnaseq
GSE65712	WT-seal-RPKM	KOsoxR-seal-RPKM	2227	2228	0	2235	2236	0	M9	Yes	SoxR+	289	0	0	0	0	0	0	0	0	0	0	0	0	0	-89	289	313	-322	0	0	0	0	rnaseq
GSE65712	WT-rsem-TPM	KOsoxR-rsem-TPM	2229	2230	0	2237	2238	0	M9	Yes	SoxR+	289	0	0	0	0	0	0	0	0	0	0	0	0	0	-89	289	313	-322	0	0	0	0	rnaseq
GSE65712	WT-seal-RPKM	KOsoxSKOhns-seal-RPKM	2227	2228	0	2239	2240	0	M9	Yes	SoxS+	288	0	0	0	0	0	0	0	0	0	0	0	0	0	-89	289	313	-322	0	0	0	0	rnaseq
GSE65712	WT-rsem-TPM	KOsoxSKOhns-rsem-TPM	2229	2230	0	2241	2242	0	M9	Yes	SoxS+	288	0	0	0	0	0	0	0	0	0	0	0	0	0	-89	289	313	-322	0	0	0	0	rnaseq
GSE65712	KOoxyR-seal-RPKM	KOsoxR-seal-RPKM	2231	2232	0	2235	2236	0	M9	Yes	OxyR-SoxR+	-280	289	0	0	0	0	0	0	0	0	0	0	0	0	-89	289	313	-322	0	0	0	0	rnaseq
GSE65712	KOoxyR-rsem-TPM	KOsoxR-rsem-TPM	2233	2234	0	2237	2238	0	M9	Yes	OxyR-SoxR+	-280	289	0	0	0	0	0	0	0	0	0	0	0	0	-89	289	313	-322	0	0	0	0	rnaseq
GSE65712	KOoxyR-seal-RPKM	KOsoxSKOhns-seal-RPKM	2231	2232	0	2239	2240	0	M9	Yes	OxyR-SoxS+	-280	288	0	0	0	0	0	0	0	0	0	0	0	0	-89	289	313	-322	0	0	0	0	rnaseq
GSE65712	KOoxyR-rsem-TPM	KOsoxSKOhns-rsem-TPM	2233	2234	0	2241	2242	0	M9	Yes	OxyR-SoxS+	-280	288	0	0	0	0	0	0	0	0	0	0	0	0	-89	289	313	-322	0	0	0	0	rnaseq
GSE65712	KOsoxR-seal-RPKM	KOsoxSKOhns-seal-RPKM	2235	2236	0	2239	2240	0	M9	Yes	SoxR-SoxS+	-289	288	0	0	0	0	0	0	0	0	0	0	0	0	-89	289	313	-322	0	0	0	0	rnaseq
GSE65712	KOsoxR-rsem-TPM	KOsoxSKOhns-rsem-TPM	2237	2238	0	2241	2242	0	M9	Yes	SoxR-SoxS+	-289	288	0	0	0	0	0	0	0	0	0	0	0	0	-89	289	313	-322	0	0	0	0	rnaseq
GSE66482	WT-seal-RPKM	KOgadE-seal-RPKM	2243	2244	0	2247	2248	0	M9	Yes	GadE+	245	0	0	0	0	0	0	0	0	0	0	0	0	0	116	162	276	0	0	0	0	0	rnaseq
GSE66482	WT-rsem-TPM	KOgadE-rsem-TPM	2245	2246	0	2249	2250	0	M9	Yes	GadE+	245	0	0	0	0	0	0	0	0	0	0	0	0	0	116	162	276	0	0	0	0	0	rnaseq
GSE66482	WT-seal-RPKM	KOgadW-seal-RPKM	2243	2244	0	2251	2252	0	M9	Yes	GadW+	246	0	0	0	0	0	0	0	0	0	0	0	0	0	116	162	276	0	0	0	0	0	rnaseq
GSE66482	WT-rsem-TPM	KOgadW-rsem-TPM	2245	2246	0	2253	2254	0	M9	Yes	GadW+	246	0	0	0	0	0	0	0	0	0	0	0	0	0	116	162	276	0	0	0	0	0	rnaseq
GSE66482	WT-seal-RPKM	KOgadX-seal-RPKM	2243	2244	0	2255	2256	0	M9	Yes	GadX+	247	0	0	0	0	0	0	0	0	0	0	0	0	0	116	162	276	0	0	0	0	0	rnaseq
GSE66482	WT-rsem-TPM	KOgadX-rsem-TPM	2245	2246	0	2257	2258	0	M9	Yes	GadX+	247	0	0	0	0	0	0	0	0	0	0	0	0	0	116	162	276	0	0	0	0	0	rnaseq
GSE66482	KOgadE-seal-RPKM	KOgadW-seal-RPKM	2247	2248	0	2251	2252	0	M9	Yes	GadE-GadW+	-245	246	0	0	0	0	0	0	0	0	0	0	0	0	116	162	276	0	0	0	0	0	rnaseq
GSE66482	KOgadE-rsem-TPM	KOgadW-rsem-TPM	2249	2250	0	2253	2254	0	M9	Yes	GadE-GadW+	-245	246	0	0	0	0	0	0	0	0	0	0	0	0	116	162	276	0	0	0	0	0	rnaseq
GSE66482	KOgadE-seal-RPKM	KOgadX-seal-RPKM	2247	2248	0	2255	2256	0	M9	Yes	GadE-GadX+	-245	247	0	0	0	0	0	0	0	0	0	0	0	0	116	162	276	0	0	0	0	0	rnaseq
GSE66482	KOgadE-rsem-TPM	KOgadX-rsem-TPM	2249	2250	0	2257	2258	0	M9	Yes	GadE-GadX+	-245	247	0	0	0	0	0	0	0	0	0	0	0	0	116	162	276	0	0	0	0	0	rnaseq
GSE66482	KOgadW-seal-RPKM	KOgadX-seal-RPKM	2251	2252	0	2255	2256	0	M9	Yes	GadW-GadX+	-246	247	0	0	0	0	0	0	0	0	0	0	0	0	116	162	276	0	0	0	0	0	rnaseq
GSE66482	KOgadW-rsem-TPM	KOgadX-rsem-TPM	2253	2254	0	2257	2258	0	M9	Yes	GadW-GadX+	-246	247	0	0	0	0	0	0	0	0	0	0	0	0	116	162	276	0	0	0	0	0	rnaseq
GSE54901	WT-Fe2+replete-RPKM	WT-Fe2+starvation-RPKM	2259	2260	0	2263	2264	0	M9	Yes	Fur+YqjI-BasR+	50	-214	292	0	0	0	0	0	0	0	0	0	0	0	0	0	0	0	0	0	0	0	rnaseq
GSE54901	WT-Fe2+replete-TPM	WT-Fe2+starvation-TPM	2261	2262	0	2265	2266	0	M9	Yes	Fur+YqjI-BasR+	50	-214	292	0	0	0	0	0	0	0	0	0	0	0	0	0	0	0	0	0	0	0	rnaseq
GSE54901	WT-Fe2+replete-RPKM	KOfur-Fe2+replete-RPKM	2259	2260	0	2267	2268	0	M9	Yes	Fur+	50	0	0	0	0	0	0	0	0	0	0	0	0	0	0	0	0	0	0	0	0	0	rnaseq
GSE54901	WT-Fe2+replete-TPM	KOfur-Fe2+replete-TPM	2261	2262	0	2269	2270	0	M9	Yes	Fur+	50	0	0	0	0	0	0	0	0	0	0	0	0	0	0	0	0	0	0	0	0	0	rnaseq
GSE54901	WT-Fe2+replete-RPKM	KOfur-Fe2+starvation-RPKM	2259	2260	0	2271	2272	0	M9	Yes	Fur+YqjI-BasR+	50	-214	292	0	0	0	0	0	0	0	0	0	0	0	0	0	0	0	0	0	0	0	rnaseq
GSE54901	WT-Fe2+replete-TPM	KOfur-Fe2+starvation-TPM	2261	2262	0	2273	2274	0	M9	Yes	Fur+YqjI-BasR+	50	-214	292	0	0	0	0	0	0	0	0	0	0	0	0	0	0	0	0	0	0	0	rnaseq
GSE54901	WT-Fe2+starvation-RPKM	KOfur-Fe2+replete-RPKM	2263	2264	0	2267	2268	0	M9	Yes	YqjI+BasR-	214	-292	0	0	0	0	0	0	0	0	0	0	0	0	0	0	0	0	0	0	0	0	rnaseq
GSE54901	WT-Fe2+starvation-TPM	KOfur-Fe2+replete-TPM	2265	2266	0	2269	2270	0	M9	Yes	YqjI+BasR-	214	-292	0	0	0	0	0	0	0	0	0	0	0	0	0	0	0	0	0	0	0	0	rnaseq
GSE54901	WT-Fe2+starvation-RPKM	KOfur-Fe2+starvation-RPKM	2263	2264	0	2271	2272	0	M9	Yes	-	0	0	0	0	0	0	0	0	0	0	0	0	0	0	0	0	0	0	0	0	0	0	rnaseq
GSE54901	WT-Fe2+starvation-TPM	KOfur-Fe2+starvation-TPM	2265	2266	0	2273	2274	0	M9	Yes	-	0	0	0	0	0	0	0	0	0	0	0	0	0	0	0	0	0	0	0	0	0	0	rnaseq
GSE54901	KOfur-Fe2+replete-RPKM	KOfur-Fe2+starvation-RPKM	2267	2268	0	2271	2272	0	M9	Yes	YqjI-BasR+	-214	292	0	0	0	0	0	0	0	0	0	0	0	0	0	0	0	0	0	0	0	0	rnaseq
GSE54901	KOfur-Fe2+replete-TPM	KOfur-Fe2+starvation-TPM	2269	2270	0	2273	2274	0	M9	Yes	YqjI-BasR+	-214	292	0	0	0	0	0	0	0	0	0	0	0	0	0	0	0	0	0	0	0	0	rnaseq
GSE29076	WT	WT-Nitric-oxide	2275	2276	2277	2278	2279	2280	LB	No	NsrR+	298	0	0	0	0	0	0	0	0	0	0	0	0	0	0	0	0	0	0	0	0	0	microa
GSE29076	WT	KOnsrR	2275	2276	2277	2281	2282	2283	LB	No	NsrR+	298	0	0	0	0	0	0	0	0	0	0	0	0	0	0	0	0	0	0	0	0	0	microa
GSE29076	WT-Nitric-oxide	KOnsrR	2278	2279	2280	2281	2282	2283	LB	No	-	0	0	0	0	0	0	0	0	0	0	0	0	0	0	0	0	0	0	0	0	0	0	microa
GSE72525	Induction-0min	NoInduction-0min	2284	2285	2286	2290	2291	0	LB	No	TorR+	64	0	0	0	0	0	0	0	0	0	0	0	0	0	0	0	0	0	0	0	0	0	microa
GSE72525	Induction-0min	NoInduction-45min	2284	2285	2286	2292	2293	0	LB	No	TorR+	64	0	0	0	0	0	0	0	0	0	0	0	0	0	0	0	0	0	0	0	0	0	microa
GSE72525	Induction-45min	NoInduction-0min	2287	2288	2289	2290	2291	0	LB	No	TorR+	64	0	0	0	0	0	0	0	0	0	0	0	0	0	0	0	0	0	0	0	0	0	microa
GSE72525	Induction-45min	NoInduction-45min	2287	2288	2289	2292	2293	0	LB	No	TorR+	64	0	0	0	0	0	0	0	0	0	0	0	0	0	0	0	0	0	0	0	0	0	microa
GSE55662	WT	KOfur	2294	2295	0	2298	2299	0	LB	No	Fur+	50	0	0	0	0	0	0	0	0	0	0	0	0	0	0	0	0	0	0	0	0	0	microa
GSE50529	WT-highInorganicPhosphate	WT-lowInorganicPhosphate	2302	2303	2304	2305	2306	2307	LB	No	PhoB-	-30	0	0	0	0	0	0	0	0	0	0	0	0	0	0	0	0	0	0	0	0	0	microa
GSE50529	WT-highInorganicPhosphate	KOphoB-lowInorganicPhosphate	2302	2303	2304	2308	2309	2310	LB	No	-	0	0	0	0	0	0	0	0	0	0	0	0	0	0	0	0	0	0	0	0	0	0	microa
GSE50529	WT-lowInorganicPhosphate	KOphoB-lowInorganicPhosphate	2305	2306	2307	2308	2309	2310	LB	No	PhoB+	30	0	0	0	0	0	0	0	0	0	0	0	0	0	0	0	0	0	0	0	0	0	microa
GSE55365	KOarcA-nitrate	KOfnr-nitrate	2311	2312	2313	2314	2315	2316	M9	Yes	ArcA-Fnr+	-322	89	0	0	0	0	0	0	0	0	0	0	0	0	0	0	0	0	0	0	0	0	microa
GSE55365	KOarcA-nitrate	WT-nitrate	2311	2312	2313	2317	2318	2319	M9	Yes	ArcA-	-322	0	0	0	0	0	0	0	0	0	0	0	0	0	0	0	0	0	0	0	0	0	microa
GSE55365	KOarcA-nitrate	KOarcA-anaerobic	2311	2312	2313	2320	2321	2322	M9	Yes	NarL+NarP+SoxR+Fnr-YjiE+	78	155	289	-89	313	0	0	0	0	0	0	0	0	0	0	0	0	0	0	0	0	0	microa
GSE55365	KOarcA-nitrate	KOfnr-anaerobic	2311	2312	2313	2323	2324	2325	M9	Yes	NarL+NarP+SoxR+YjiE+ArcA-	78	155	289	313	-322	0	0	0	0	0	0	0	0	0	0	0	0	0	0	0	0	0	microa
GSE55365	KOarcA-nitrate	WT-anaerobic	2311	2312	2313	2326	2327	2328	M9	Yes	NarL+NarP+SoxR+Fnr-YjiE+ArcA-	78	155	289	-89	313	-322	0	0	0	0	0	0	0	0	0	0	0	0	0	0	0	0	microa
GSE55365	KOfnr-nitrate	WT-nitrate	2314	2315	2316	2317	2318	2319	M9	Yes	Fnr-	-89	0	0	0	0	0	0	0	0	0	0	0	0	0	0	0	0	0	0	0	0	0	microa
GSE55365	KOfnr-nitrate	KOarcA-anaerobic	2314	2315	2316	2320	2321	2322	M9	Yes	NarL+NarP+SoxR+YjiE+	78	155	289	313	0	0	0	0	0	0	0	0	0	0	0	0	0	0	0	0	0	0	microa
GSE55365	KOfnr-nitrate	KOfnr-anaerobic	2314	2315	2316	2323	2324	2325	M9	Yes	NarL+NarP+SoxR+YjiE+ArcA-	78	155	289	313	-322	0	0	0	0	0	0	0	0	0	0	0	0	0	0	0	0	0	microa
GSE55365	KOfnr-nitrate	WT-anaerobic	2314	2315	2316	2326	2327	2328	M9	Yes	NarL+NarP+SoxR+Fnr-YjiE+ArcA-	78	155	289	-89	313	-322	0	0	0	0	0	0	0	0	0	0	0	0	0	0	0	0	microa
GSE55365	WT-nitrate	KOarcA-anaerobic	2317	2318	2319	2320	2321	2322	M9	Yes	NarL+NarP+SoxR+Fnr-YjiE+	78	155	289	-89	313	0	0	0	0	0	0	0	0	0	0	0	0	0	0	0	0	0	microa
GSE55365	WT-nitrate	KOfnr-anaerobic	2317	2318	2319	2323	2324	2325	M9	Yes	NarL+NarP+SoxR+YjiE+ArcA-	78	155	289	313	-322	0	0	0	0	0	0	0	0	0	0	0	0	0	0	0	0	0	microa
GSE55365	WT-nitrate	WT-anaerobic	2317	2318	2319	2326	2327	2328	M9	Yes	NarL+NarP+SoxR+Fnr-YjiE+ArcA-	78	155	289	-89	313	-322	0	0	0	0	0	0	0	0	0	0	0	0	0	0	0	0	microa
GSE55365	KOarcA-anaerobic	KOfnr-anaerobic	2320	2321	2322	2323	2324	2325	M9	Yes	ArcA-Fnr+	-322	89	0	0	0	0	0	0	0	0	0	0	0	0	-289	89	-313	322	0	0	0	0	microa
GSE55365	KOarcA-anaerobic	WT-anaerobic	2320	2321	2322	2326	2327	2328	M9	Yes	ArcA-	-322	0	0	0	0	0	0	0	0	0	0	0	0	0	-289	89	-313	322	0	0	0	0	microa
GSE55365	KOfnr-anaerobic	WT-anaerobic	2323	2324	2325	2326	2327	2328	M9	Yes	Fnr-	-89	0	0	0	0	0	0	0	0	0	0	0	0	0	-289	89	-313	322	0	0	0	0	microa
